dataset,image_name,path,width,height,original_label,binary,superclass,subclass,acquisition_type,anatom_site,split,channels,is_rgb,is_corrupt,age,sex,fitzpatrick,diagnosis_method,clinical_diagnosis,dermoscopic_diagnosis,histological_diagnosis,asymmetry,color_white,color_red,color_light_brown,color_dark_brown,color_blue_gray,color_black,phash,license,blur,md5,dup_group_id
Synth,02c82c78ab8016249c74bb77f0bb105f_ITA-109.png,/home/marsi/TFM/data/gen/SD_E2_HOPE/v1_8000/02c82c78ab8016249c74bb77f0bb105f_ITA-109.png,284,284,,1,melanoma,,,,train,3,1,0,,,,,,,,,,,,,,,17216294302413622321,,1419.4252822985873,2c734e083a2ca700e40b01f0e1ab6011,
Synth,02dbebd0b19c14f427ffd445afdd923b_ITA-28.png,/home/marsi/TFM/data/gen/SD_E2_HOPE/v1_8000/02dbebd0b19c14f427ffd445afdd923b_ITA-28.png,284,284,,1,melanoma,,,,train,3,1,0,,,,,,,,,,,,,,,13071628228534808935,,391.1105299582705,fb5846d3d7568f185a28faac1718e03b,
Synth,02de76a051b4602b7354cbd217195db2_ITA-42.png,/home/marsi/TFM/data/gen/SD_E2_HOPE/v1_8000/02de76a051b4602b7354cbd217195db2_ITA-42.png,284,284,,1,melanoma,,,,train,3,1,0,,,,,,,,,,,,,,,12029273552090905852,,746.2700099349022,90aab1a7c80dab0e1eb927480a95ca6a,
Synth,0314d88201c6105f9cf091c84bcd0d9f_ITA-38.png,/home/marsi/TFM/data/gen/SD_E2_HOPE/v1_8000/0314d88201c6105f9cf091c84bcd0d9f_ITA-38.png,284,284,,1,melanoma,,,,train,3,1,0,,,,,,,,,,,,,,,13214354188151579554,,687.2656748285517,24f112003203b30f2eced1d8c772944e,
Synth,03df0a5474151deba054565452647f78_ITA-101.png,/home/marsi/TFM/data/gen/SD_E2_HOPE/v1_8000/03df0a5474151deba054565452647f78_ITA-101.png,284,284,,1,melanoma,,,,train,3,1,0,,,,,,,,,,,,,,,13487102965698481295,,1215.8086905842647,124ae9fa2d58d414c133db0d36d713cb,
Synth,05dacc9ac4d694efceac29970e9bbca1_ITA-126.png,/home/marsi/TFM/data/gen/SD_E2_HOPE/v1_8000/05dacc9ac4d694efceac29970e9bbca1_ITA-126.png,284,284,,1,melanoma,,,,train,3,1,0,,,,,,,,,,,,,,,10348165987697586823,,1198.9807705283165,04e179dfcd7b368aabe18e9a72de7b2b,
Synth,068f89b64ab961066d579b19e78fb07c_ITA-146.png,/home/marsi/TFM/data/gen/SD_E2_HOPE/v1_8000/068f89b64ab961066d579b19e78fb07c_ITA-146.png,284,284,,1,melanoma,,,,train,3,1,0,,,,,,,,,,,,,,,13131020698738124319,,640.1935330992565,bcc8c33f79d1289884b0701f61353bde,
Synth,07372d729c011eba2e09899b06ef92e1_ITA-96.png,/home/marsi/TFM/data/gen/SD_E2_HOPE/v1_8000/07372d729c011eba2e09899b06ef92e1_ITA-96.png,284,284,,1,melanoma,,,,train,3,1,0,,,,,,,,,,,,,,,17180530751650816621,,556.7397941015661,c7ebadead304b67d0917dcf8fae33456,
Synth,079b9410b91f16eae9172d02ae78588c_ITA-103.png,/home/marsi/TFM/data/gen/SD_E2_HOPE/v1_8000/079b9410b91f16eae9172d02ae78588c_ITA-103.png,284,284,,1,melanoma,,,,train,3,1,0,,,,,,,,,,,,,,,17089336407495805254,,1390.7747272169215,a3b56e3deadb20df34093f538be1cb7c,
Synth,07a0729cda0dd8df65449ef8556fd5c4_ITA-75.png,/home/marsi/TFM/data/gen/SD_E2_HOPE/v1_8000/07a0729cda0dd8df65449ef8556fd5c4_ITA-75.png,284,284,,1,melanoma,,,,train,3,1,0,,,,,,,,,,,,,,,9781027438396456786,,4909.66036772728,6decef889beb8a9a21705646ce86044e,
Synth,082dc830e309eaa0a297f4eb1ffcd353_ITA-26.png,/home/marsi/TFM/data/gen/SD_E2_HOPE/v1_8000/082dc830e309eaa0a297f4eb1ffcd353_ITA-26.png,284,284,,1,melanoma,,,,train,3,1,0,,,,,,,,,,,,,,,11117282187042962491,,1081.2236573696136,7c977f9a780ae31312c41977f3a8dd85,
Synth,0aa9baede2061ec2237e3dbc41ce72de_ITA-148.png,/home/marsi/TFM/data/gen/SD_E2_HOPE/v1_8000/0aa9baede2061ec2237e3dbc41ce72de_ITA-148.png,284,284,,1,melanoma,,,,train,3,1,0,,,,,,,,,,,,,,,10533162872368139513,,1407.3929765224457,a150e644e8fbfa3756f3952c70240aa1,
Synth,0b4e2e95166ca3c6f9c74b426bc4d309_ITA-145.png,/home/marsi/TFM/data/gen/SD_E2_HOPE/v1_8000/0b4e2e95166ca3c6f9c74b426bc4d309_ITA-145.png,284,284,,1,melanoma,,,,train,3,1,0,,,,,,,,,,,,,,,13913931410529017069,,3177.3371520005167,3fe309f07cbed3fb3b83b8b224885d44,
Synth,0b923b464326c462aab1c03bc2455f33_ITA-136.png,/home/marsi/TFM/data/gen/SD_E2_HOPE/v1_8000/0b923b464326c462aab1c03bc2455f33_ITA-136.png,284,284,,1,melanoma,,,,train,3,1,0,,,,,,,,,,,,,,,10679259363156782739,,3590.9679335020483,77fa3eedde250c354e2bb93cb2e2bcda,
Synth,0ba2cd1f9b97913f6d4f11998ba4a3a8_ITA-123.png,/home/marsi/TFM/data/gen/SD_E2_HOPE/v1_8000/0ba2cd1f9b97913f6d4f11998ba4a3a8_ITA-123.png,284,284,,1,melanoma,,,,train,3,1,0,,,,,,,,,,,,,,,16455171600421890010,,665.0328807681799,29c9f2e8c125ffe08190bac044d5d5aa,
Synth,0bfb4a12092f29b7880abc4a0346dd9a_ITA-11.png,/home/marsi/TFM/data/gen/SD_E2_HOPE/v1_8000/0bfb4a12092f29b7880abc4a0346dd9a_ITA-11.png,284,284,,1,melanoma,,,,train,3,1,0,,,,,,,,,,,,,,,13349465433344450349,,946.8267412036656,768c479fb039a024376d7648f9960b81,
Synth,0c66c0f179927d901235b2327a1a5f7b_ITA-6.png,/home/marsi/TFM/data/gen/SD_E2_HOPE/v1_8000/0c66c0f179927d901235b2327a1a5f7b_ITA-6.png,284,284,,1,melanoma,,,,train,3,1,0,,,,,,,,,,,,,,,12986922887984275511,,1532.743449448608,e687568189a034d01d2a86dfb96d4917,
Synth,0cca43e575001e406a79739f32a4a4e7_ITA-58.png,/home/marsi/TFM/data/gen/SD_E2_HOPE/v1_8000/0cca43e575001e406a79739f32a4a4e7_ITA-58.png,284,284,,1,melanoma,,,,train,3,1,0,,,,,,,,,,,,,,,13722119178416763281,,433.8998014023528,1a3772e9650543a539d025bb6b8b9be5,
Synth,0cd33c4270020b313bb2ce80c690480f_ITA-53.png,/home/marsi/TFM/data/gen/SD_E2_HOPE/v1_8000/0cd33c4270020b313bb2ce80c690480f_ITA-53.png,284,284,,1,melanoma,,,,train,3,1,0,,,,,,,,,,,,,,,16968104498016830446,,938.1015953486784,68d493c305f12993c4921db8e664c0b0,
Synth,0ea29ab6589b0a2c766a6cbd3d241de4_ITA-107.png,/home/marsi/TFM/data/gen/SD_E2_HOPE/v1_8000/0ea29ab6589b0a2c766a6cbd3d241de4_ITA-107.png,284,284,,1,melanoma,,,,train,3,1,0,,,,,,,,,,,,,,,12190880994180420193,,2945.043340906501,c345a4f98fcac2ef5e93edb7145e9732,
Synth,0eb19d128c2364df8910e1d9e14178e0_ITA-104.png,/home/marsi/TFM/data/gen/SD_E2_HOPE/v1_8000/0eb19d128c2364df8910e1d9e14178e0_ITA-104.png,284,284,,1,melanoma,,,,train,3,1,0,,,,,,,,,,,,,,,13560504417342833548,,1224.9834044789895,9be29e9ffaeeeb5920ff0510bb30960e,
Synth,0f2fd84e23fb2d88d5231d2441efb0d6_ITA-20.png,/home/marsi/TFM/data/gen/SD_E2_HOPE/v1_8000/0f2fd84e23fb2d88d5231d2441efb0d6_ITA-20.png,284,284,,1,melanoma,,,,train,3,1,0,,,,,,,,,,,,,,,13058119947507336765,,749.7506468212232,b37e4bee196bf69f5f626c99e920be8a,
Synth,0f31e6526e1e1b7596bbcedde852009d_ITA-57.png,/home/marsi/TFM/data/gen/SD_E2_HOPE/v1_8000/0f31e6526e1e1b7596bbcedde852009d_ITA-57.png,284,284,,1,melanoma,,,,train,3,1,0,,,,,,,,,,,,,,,13964872149277750886,,1786.9551297686994,8ee146dad310522892933e18d37a351f,
Synth,0f72d148be348f804feb58e284612554_ITA-101.png,/home/marsi/TFM/data/gen/SD_E2_HOPE/v1_8000/0f72d148be348f804feb58e284612554_ITA-101.png,284,284,,1,melanoma,,,,train,3,1,0,,,,,,,,,,,,,,,17328327019104502382,,1162.2961277058348,8211170bc4258fb997fa542c50579cfa,
Synth,10416ad809283bf65889ff3c49fe3ec6_ITA-41.png,/home/marsi/TFM/data/gen/SD_E2_HOPE/v1_8000/10416ad809283bf65889ff3c49fe3ec6_ITA-41.png,284,284,,1,melanoma,,,,train,3,1,0,,,,,,,,,,,,,,,13488775398373158300,,500.5797345703468,00f9a7b282cddbde9a0ab753d08effb2,
Synth,10f0c131b4d7e82a8e6e7d5131695bb0_ITA-88.png,/home/marsi/TFM/data/gen/SD_E2_HOPE/v1_8000/10f0c131b4d7e82a8e6e7d5131695bb0_ITA-88.png,284,284,,1,melanoma,,,,train,3,1,0,,,,,,,,,,,,,,,13814114651669645448,,1336.1352339005098,2baf5bbce99a1dccfa9a23260674558e,
Synth,1125b81c793f85564377e33e00a713df_ITA-171.png,/home/marsi/TFM/data/gen/SD_E2_HOPE/v1_8000/1125b81c793f85564377e33e00a713df_ITA-171.png,284,284,,1,melanoma,,,,train,3,1,0,,,,,,,,,,,,,,,13626697183681263903,,955.4048987766728,dd25d10149e8c533965df5f635560821,
Synth,1158fa796b07d96b8a11ebe44f4bedaf_ITA-106.png,/home/marsi/TFM/data/gen/SD_E2_HOPE/v1_8000/1158fa796b07d96b8a11ebe44f4bedaf_ITA-106.png,284,284,,1,melanoma,,,,train,3,1,0,,,,,,,,,,,,,,,17502007107331384408,,2336.9894502162933,d92d7c460200bb7a3c2a4325a9de80f1,
Synth,11e21ab24920d4981b6615f56fb109e3_ITA-23.png,/home/marsi/TFM/data/gen/SD_E2_HOPE/v1_8000/11e21ab24920d4981b6615f56fb109e3_ITA-23.png,284,284,,1,melanoma,,,,train,3,1,0,,,,,,,,,,,,,,,16459414449837972702,,737.609584774822,21b36f78b9325ca202fc4717ea6fee7f,
Synth,121417e4c88c97438606c56316bed25e_ITA-147.png,/home/marsi/TFM/data/gen/SD_E2_HOPE/v1_8000/121417e4c88c97438606c56316bed25e_ITA-147.png,284,284,,1,melanoma,,,,train,3,1,0,,,,,,,,,,,,,,,11905932568842424838,,3082.525692990981,0d7ac099ddb707219e1727f902fd098b,
Synth,12d9175a0534e28bf5085a5816807072_ITA-160.png,/home/marsi/TFM/data/gen/SD_E2_HOPE/v1_8000/12d9175a0534e28bf5085a5816807072_ITA-160.png,284,284,,1,melanoma,,,,train,3,1,0,,,,,,,,,,,,,,,10671377445321205470,,1362.4210757678377,8184b835d294bf1cfa438936643fa4a2,
Synth,13f998ecadcc36a87ade633529e90c53_ITA-39.png,/home/marsi/TFM/data/gen/SD_E2_HOPE/v1_8000/13f998ecadcc36a87ade633529e90c53_ITA-39.png,284,284,,1,melanoma,,,,train,3,1,0,,,,,,,,,,,,,,,10464263178213006141,,665.052518225275,e4d18e98c1143d557dec33912bc4aa9a,
Synth,1526df28a85fa2ce68a898e8cb8e110b_ITA-105.png,/home/marsi/TFM/data/gen/SD_E2_HOPE/v1_8000/1526df28a85fa2ce68a898e8cb8e110b_ITA-105.png,284,284,,1,melanoma,,,,train,3,1,0,,,,,,,,,,,,,,,17898014230064023947,,632.8935873359442,99d9d1d73c6fc29ff087361ea65fa6a9,
Synth,158bb6b55f845b43b80e1e12b608e124_ITA-24.png,/home/marsi/TFM/data/gen/SD_E2_HOPE/v1_8000/158bb6b55f845b43b80e1e12b608e124_ITA-24.png,284,284,,1,melanoma,,,,train,3,1,0,,,,,,,,,,,,,,,12987204720267167645,,649.3513864343986,44d8dc8b9fed981453e4e26c5ce3380d,
Synth,158bd00ccd61604bc2143fd7c9a8d873_ITA5.png,/home/marsi/TFM/data/gen/SD_E2_HOPE/v1_8000/158bd00ccd61604bc2143fd7c9a8d873_ITA5.png,284,284,,1,melanoma,,,,train,3,1,0,,,,,,,,,,,,,,,11976849117187788174,,2302.1405352912843,28af6d06b1527f91b607b8f0a1642a96,
Synth,15c16c5746ebd604a7f9faee7d839620_ITA-164.png,/home/marsi/TFM/data/gen/SD_E2_HOPE/v1_8000/15c16c5746ebd604a7f9faee7d839620_ITA-164.png,284,284,,1,melanoma,,,,train,3,1,0,,,,,,,,,,,,,,,11925071703438882532,,5469.725168487988,187b02382f6f89aaeac27676a4abc8eb,
Synth,1602e53e792329ac1731b930db8da2c5_ITA-176.png,/home/marsi/TFM/data/gen/SD_E2_HOPE/v1_8000/1602e53e792329ac1731b930db8da2c5_ITA-176.png,284,284,,1,melanoma,,,,train,3,1,0,,,,,,,,,,,,,,,9380826386611201389,,3560.299262410961,c9ce3617e0da5b0df20141d3cc7edefe,
Synth,17232a7679b75b6dbf73549d2880dab1_ITA-47.png,/home/marsi/TFM/data/gen/SD_E2_HOPE/v1_8000/17232a7679b75b6dbf73549d2880dab1_ITA-47.png,284,284,,1,melanoma,,,,train,3,1,0,,,,,,,,,,,,,,,17674324094813213639,,957.56344590988,392b16a1983217b1b6b6b392155ca6b2,
Synth,1745a2551c7c7b3e6eaf0c975d0a2e51_ITA-29.png,/home/marsi/TFM/data/gen/SD_E2_HOPE/v1_8000/1745a2551c7c7b3e6eaf0c975d0a2e51_ITA-29.png,284,284,,1,melanoma,,,,train,3,1,0,,,,,,,,,,,,,,,13347422315366272030,,749.1293718665838,64207a044ae2bf35f66b9cf6acb2d408,
Synth,1752a3a540909740796cf4df30109692_ITA-150.png,/home/marsi/TFM/data/gen/SD_E2_HOPE/v1_8000/1752a3a540909740796cf4df30109692_ITA-150.png,284,284,,1,melanoma,,,,train,3,1,0,,,,,,,,,,,,,,,14491493758399919535,,1999.95536147058,ad67fe5783fe280f35da8671f65d64fd,
Synth,178160ccbb1486cd3dcdb2949bd69e42_ITA-60.png,/home/marsi/TFM/data/gen/SD_E2_HOPE/v1_8000/178160ccbb1486cd3dcdb2949bd69e42_ITA-60.png,284,284,,1,melanoma,,,,train,3,1,0,,,,,,,,,,,,,,,13194632145918440630,,1197.502507342957,b85d21b4d1e3b37081e75104731ea265,
Synth,17fc0263bd0f4ed309531c27c2c0b132_ITA-95.png,/home/marsi/TFM/data/gen/SD_E2_HOPE/v1_8000/17fc0263bd0f4ed309531c27c2c0b132_ITA-95.png,284,284,,1,melanoma,,,,train,3,1,0,,,,,,,,,,,,,,,9888557277739694872,,2128.200688943267,1d784ff2bf9aa48dbeab436b72249edd,
Synth,184a290a299c184822c489d402d6a015_ITA-24.png,/home/marsi/TFM/data/gen/SD_E2_HOPE/v1_8000/184a290a299c184822c489d402d6a015_ITA-24.png,284,284,,1,melanoma,,,,train,3,1,0,,,,,,,,,,,,,,,12479637068799861806,,488.2988002365455,66a1b16bd1fc30355d5ef97029d74787,
Synth,189ad2eb741457a7954dd0a1a232bbed_ITA-167.png,/home/marsi/TFM/data/gen/SD_E2_HOPE/v1_8000/189ad2eb741457a7954dd0a1a232bbed_ITA-167.png,284,284,,1,melanoma,,,,train,3,1,0,,,,,,,,,,,,,,,14067061358657232259,,3344.284196144901,6e83d973c5f613c5d779c8ac995ca79c,
Synth,18a700e4e1bfd25ea23dba3c26e5eebd_ITA7.png,/home/marsi/TFM/data/gen/SD_E2_HOPE/v1_8000/18a700e4e1bfd25ea23dba3c26e5eebd_ITA7.png,284,284,,1,melanoma,,,,train,3,1,0,,,,,,,,,,,,,,,16172010359146369242,,686.672797203064,0931b743858422b8a5dc3d855668e07b,
Synth,1ab8da6927d30ebf86ada5fdea63a182_ITA-42.png,/home/marsi/TFM/data/gen/SD_E2_HOPE/v1_8000/1ab8da6927d30ebf86ada5fdea63a182_ITA-42.png,284,284,,1,melanoma,,,,train,3,1,0,,,,,,,,,,,,,,,17530700487491543628,,499.7603515079245,21e574d206abb043e6776dbc165ded1a,
Synth,1bc973a57b1e7b98e013a268b1cee2bf_ITA-49.png,/home/marsi/TFM/data/gen/SD_E2_HOPE/v1_8000/1bc973a57b1e7b98e013a268b1cee2bf_ITA-49.png,284,284,,1,melanoma,,,,train,3,1,0,,,,,,,,,,,,,,,12812693902548235460,,714.5249086469412,483b48fe29ec4df5d99765d690de8c4b,
Synth,1c0290c3ebe9719c5282c3b4fef50828_ITA-70.png,/home/marsi/TFM/data/gen/SD_E2_HOPE/v1_8000/1c0290c3ebe9719c5282c3b4fef50828_ITA-70.png,284,284,,1,melanoma,,,,train,3,1,0,,,,,,,,,,,,,,,18059876783253769944,,527.9044920057058,18bf545afda2c0bc71620d122b2c1297,
Synth,1d40296c924705140aed7fcc21caa312_ITA-54.png,/home/marsi/TFM/data/gen/SD_E2_HOPE/v1_8000/1d40296c924705140aed7fcc21caa312_ITA-54.png,284,284,,1,melanoma,,,,train,3,1,0,,,,,,,,,,,,,,,18186802133638367033,,518.9606351843104,61ee81781c5835916beb05f5c1718ae3,
Synth,1e072e517ac73ecc8f400cb812e06fee_ITA-28.png,/home/marsi/TFM/data/gen/SD_E2_HOPE/v1_8000/1e072e517ac73ecc8f400cb812e06fee_ITA-28.png,284,284,,1,melanoma,,,,train,3,1,0,,,,,,,,,,,,,,,13346647050092475596,,788.3587910979986,69ac0fe5fbc733de0469e1a4c135f7a4,
Synth,1e0f49b196498460c2774c4f3539ded5_ITA-92.png,/home/marsi/TFM/data/gen/SD_E2_HOPE/v1_8000/1e0f49b196498460c2774c4f3539ded5_ITA-92.png,284,284,,1,melanoma,,,,train,3,1,0,,,,,,,,,,,,,,,13764918932029904696,,1815.1962683340532,90cb38046ee3717eb1bc7bedcbc03ef0,
Synth,1ebfc7677cff36ab43049e3b429f279f_ITA-48.png,/home/marsi/TFM/data/gen/SD_E2_HOPE/v1_8000/1ebfc7677cff36ab43049e3b429f279f_ITA-48.png,284,284,,1,melanoma,,,,train,3,1,0,,,,,,,,,,,,,,,16160770600470073289,,846.0912035368383,f211509e682cfeedb37ef670020abdea,
Synth,1f7444d71d089a6603c905857b698a34_ITA-21.png,/home/marsi/TFM/data/gen/SD_E2_HOPE/v1_8000/1f7444d71d089a6603c905857b698a34_ITA-21.png,284,284,,1,melanoma,,,,train,3,1,0,,,,,,,,,,,,,,,13771665063969841947,,947.3840392446144,49a19cc3eb218719e48b6561f0df7c07,
Synth,2292e481fd509265e2521defc91c620d_ITA-105.png,/home/marsi/TFM/data/gen/SD_E2_HOPE/v1_8000/2292e481fd509265e2521defc91c620d_ITA-105.png,284,284,,1,melanoma,,,,train,3,1,0,,,,,,,,,,,,,,,13648651285503053512,,490.6398192262277,d0959bb4b59ab9fbdaf1f73b2858cbdb,
Synth,237f66e5498e5ca184b9c1773febbce5_ITA-52.png,/home/marsi/TFM/data/gen/SD_E2_HOPE/v1_8000/237f66e5498e5ca184b9c1773febbce5_ITA-52.png,284,284,,1,melanoma,,,,train,3,1,0,,,,,,,,,,,,,,,12818047310902080754,,773.7893071165308,e3aac99594ed60a1d77f566bb5922e23,
Synth,24b669c542ca90a6494ed31c63bd117f_ITA-134.png,/home/marsi/TFM/data/gen/SD_E2_HOPE/v1_8000/24b669c542ca90a6494ed31c63bd117f_ITA-134.png,284,284,,1,melanoma,,,,train,3,1,0,,,,,,,,,,,,,,,16371576736652546918,,3223.286041021347,72b7d8ebd4262ef8b2ce31ec2f234ee1,
Synth,2633d1049758da92c61083fb334bfca5_ITA-68.png,/home/marsi/TFM/data/gen/SD_E2_HOPE/v1_8000/2633d1049758da92c61083fb334bfca5_ITA-68.png,284,284,,1,melanoma,,,,train,3,1,0,,,,,,,,,,,,,,,12339745201467568817,,614.9136025598273,dca924f5cf5d46fabccb1b3454447692,
Synth,265fc52573b9c6d72127545eccfe34e6_ITA-26.png,/home/marsi/TFM/data/gen/SD_E2_HOPE/v1_8000/265fc52573b9c6d72127545eccfe34e6_ITA-26.png,284,284,,1,melanoma,,,,train,3,1,0,,,,,,,,,,,,,,,13070519372128767085,,787.2209700411186,26e1e5fa3911eda4aaff5421127bcf95,
Synth,27310438e39d92a81273dff315904952_ITA-47.png,/home/marsi/TFM/data/gen/SD_E2_HOPE/v1_8000/27310438e39d92a81273dff315904952_ITA-47.png,284,284,,1,melanoma,,,,train,3,1,0,,,,,,,,,,,,,,,12783413196125392807,,640.7241804068908,f046f1d177d0eaaf28af77bf18bfa291,
Synth,27cc61ab54cef9f571eef8a0a8e5fcd3_ITA-92.png,/home/marsi/TFM/data/gen/SD_E2_HOPE/v1_8000/27cc61ab54cef9f571eef8a0a8e5fcd3_ITA-92.png,284,284,,1,melanoma,,,,train,3,1,0,,,,,,,,,,,,,,,12342662608406810064,,848.2132357954979,08d087811d220aab2b8bd7752cdc3776,
Synth,29005ab8b6e43cfd67789b0131eec453_ITA-78.png,/home/marsi/TFM/data/gen/SD_E2_HOPE/v1_8000/29005ab8b6e43cfd67789b0131eec453_ITA-78.png,284,284,,1,melanoma,,,,train,3,1,0,,,,,,,,,,,,,,,13701555872582895684,,526.8756994297728,422d92e17d981f67a070523ade701119,
Synth,292281439a6aa88bfffcd024c1e164d4_ITA-9.png,/home/marsi/TFM/data/gen/SD_E2_HOPE/v1_8000/292281439a6aa88bfffcd024c1e164d4_ITA-9.png,284,284,,1,melanoma,,,,train,3,1,0,,,,,,,,,,,,,,,16243519117096346476,,480.28588008880615,6fe8835d73c5b9b814e5b4937ca35ea0,
Synth,2a53b8003fcf74003607e5ff146ef731_ITA-73.png,/home/marsi/TFM/data/gen/SD_E2_HOPE/v1_8000/2a53b8003fcf74003607e5ff146ef731_ITA-73.png,284,284,,1,melanoma,,,,train,3,1,0,,,,,,,,,,,,,,,14046268851240345240,,1952.4222881561143,6a2aa70fdf2d5b27f1b084b1cfd89830,
Synth,2af4dce5112d0136e7f8d1fc75e3c2ca_ITA-145.png,/home/marsi/TFM/data/gen/SD_E2_HOPE/v1_8000/2af4dce5112d0136e7f8d1fc75e3c2ca_ITA-145.png,284,284,,1,melanoma,,,,train,3,1,0,,,,,,,,,,,,,,,13202233880842919736,,745.7122213803232,e085fe4c5db13e6a2021dab99ad22bb3,
Synth,2b039e3eb100a48514fcd2fb802f15e7_ITA-107.png,/home/marsi/TFM/data/gen/SD_E2_HOPE/v1_8000/2b039e3eb100a48514fcd2fb802f15e7_ITA-107.png,284,284,,1,melanoma,,,,train,3,1,0,,,,,,,,,,,,,,,16245573012598018147,,2327.5872985981405,51972161198a6f410fc8b5d99fe08f7f,
Synth,2beb392dae0857b68a1dddd6021319ba_ITA-154.png,/home/marsi/TFM/data/gen/SD_E2_HOPE/v1_8000/2beb392dae0857b68a1dddd6021319ba_ITA-154.png,284,284,,1,melanoma,,,,train,3,1,0,,,,,,,,,,,,,,,9599709464387875990,,1233.254827364348,a9ea0ed8cf1fb510cf6459d66047277c,
Synth,2d6d636656131183cd2fb5f114aef6b7_ITA-70.png,/home/marsi/TFM/data/gen/SD_E2_HOPE/v1_8000/2d6d636656131183cd2fb5f114aef6b7_ITA-70.png,284,284,,1,melanoma,,,,train,3,1,0,,,,,,,,,,,,,,,16821109053170653899,,704.2100705951452,978e2a2e74d3e450cf3340e8b72e7203,
Synth,2ddaa677aef073b8f69de878679f28c4_ITA-35.png,/home/marsi/TFM/data/gen/SD_E2_HOPE/v1_8000/2ddaa677aef073b8f69de878679f28c4_ITA-35.png,284,284,,1,melanoma,,,,train,3,1,0,,,,,,,,,,,,,,,13791924842474053018,,592.880050896667,ca1b7362952ff3f52cb66e8dd6ad0300,
Synth,2e49096cbb50662d487d48abaf8dc427_ITA-26.png,/home/marsi/TFM/data/gen/SD_E2_HOPE/v1_8000/2e49096cbb50662d487d48abaf8dc427_ITA-26.png,284,284,,1,melanoma,,,,train,3,1,0,,,,,,,,,,,,,,,9744827948070684063,,1540.943281344138,71a8b4e0a14e08b37abd9297b33122a6,
Synth,2e933f361d420578d429e7511d1feb48_ITA-158.png,/home/marsi/TFM/data/gen/SD_E2_HOPE/v1_8000/2e933f361d420578d429e7511d1feb48_ITA-158.png,284,284,,1,melanoma,,,,train,3,1,0,,,,,,,,,,,,,,,9596078554461056671,,1433.7238161331045,582d7dea1c69413f150cfd09b5510711,
Synth,2ee129faf2212634a47cdb3a7e1b8cf8_ITA-167.png,/home/marsi/TFM/data/gen/SD_E2_HOPE/v1_8000/2ee129faf2212634a47cdb3a7e1b8cf8_ITA-167.png,284,284,,1,melanoma,,,,train,3,1,0,,,,,,,,,,,,,,,10470391065594001039,,2439.0893224319443,b9260ed1e7e8955c6e736bcf26767698,
Synth,2f19bb802eb55df9d3541b17e3372c14_ITA-115.png,/home/marsi/TFM/data/gen/SD_E2_HOPE/v1_8000/2f19bb802eb55df9d3541b17e3372c14_ITA-115.png,284,284,,1,melanoma,,,,train,3,1,0,,,,,,,,,,,,,,,16241035916794861479,,654.1145621389151,e92dadb6fa8c3fb9297434c67b4a7347,
Synth,2f5f4eda9ebfe97e90c5e0a6215da670_ITA-52.png,/home/marsi/TFM/data/gen/SD_E2_HOPE/v1_8000/2f5f4eda9ebfe97e90c5e0a6215da670_ITA-52.png,284,284,,1,melanoma,,,,train,3,1,0,,,,,,,,,,,,,,,12615938780617068167,,556.1490563442931,c1612cc34ceb6cdc6afaed3479405a99,
Synth,2fe18f0a52307fadec20da6c93b0a155_ITA-75.png,/home/marsi/TFM/data/gen/SD_E2_HOPE/v1_8000/2fe18f0a52307fadec20da6c93b0a155_ITA-75.png,284,284,,1,melanoma,,,,train,3,1,0,,,,,,,,,,,,,,,12385127740368059000,,771.7460879683495,58e43bf04752519e337108ec636bd7c3,
Synth,30284d20355625ee883d32a5b06d1266_ITA-41.png,/home/marsi/TFM/data/gen/SD_E2_HOPE/v1_8000/30284d20355625ee883d32a5b06d1266_ITA-41.png,284,284,,1,melanoma,,,,train,3,1,0,,,,,,,,,,,,,,,17243879109696778014,,615.6107461145148,609a15b874fa32e9f0baa3885d37c0e1,
Synth,3067b35736b8d3f3645abf52e96fe700_ITA-158.png,/home/marsi/TFM/data/gen/SD_E2_HOPE/v1_8000/3067b35736b8d3f3645abf52e96fe700_ITA-158.png,284,284,,1,melanoma,,,,train,3,1,0,,,,,,,,,,,,,,,10459973228014352327,,3125.1302303439006,50166e1f48edb5eefcd095c06ab8d04a,
Synth,30a887bcb3e73398a3562ce259291007_ITA-32.png,/home/marsi/TFM/data/gen/SD_E2_HOPE/v1_8000/30a887bcb3e73398a3562ce259291007_ITA-32.png,284,284,,1,melanoma,,,,train,3,1,0,,,,,,,,,,,,,,,16226644070294644017,,370.5870854621753,98a25ea6ae9fdb250801774c997afe5e,
Synth,30cb3184af9287598fc83d9025a54b01_ITA-54.png,/home/marsi/TFM/data/gen/SD_E2_HOPE/v1_8000/30cb3184af9287598fc83d9025a54b01_ITA-54.png,284,284,,1,melanoma,,,,train,3,1,0,,,,,,,,,,,,,,,12495448854721109531,,1058.7046147352085,7fa58c9bb5bb4b2ef768614e9310b879,
Synth,3156a064724ad9674cdb4579a15988a3_ITA-122.png,/home/marsi/TFM/data/gen/SD_E2_HOPE/v1_8000/3156a064724ad9674cdb4579a15988a3_ITA-122.png,284,284,,1,melanoma,,,,train,3,1,0,,,,,,,,,,,,,,,11053632513676490386,,2516.8487510681152,9c2321d8ac7d921a89611890e98b18e3,
Synth,32676036f89e2e1ca29e6f8d2e131d24_ITA-174.png,/home/marsi/TFM/data/gen/SD_E2_HOPE/v1_8000/32676036f89e2e1ca29e6f8d2e131d24_ITA-174.png,284,284,,1,melanoma,,,,train,3,1,0,,,,,,,,,,,,,,,9614429952099447615,,1121.9985120436177,5b10329a4c0b6fa372bb7e7a9c71bd9e,
Synth,33b3a8aaed3264e06270af06f40a99bb_ITA-154.png,/home/marsi/TFM/data/gen/SD_E2_HOPE/v1_8000/33b3a8aaed3264e06270af06f40a99bb_ITA-154.png,284,284,,1,melanoma,,,,train,3,1,0,,,,,,,,,,,,,,,9613165488747033245,,2101.4249622784555,8871d3d901e22853187c4d4981263808,
Synth,33c4bf5ca13518d9a48a9266fd98e0c5_ITA-93.png,/home/marsi/TFM/data/gen/SD_E2_HOPE/v1_8000/33c4bf5ca13518d9a48a9266fd98e0c5_ITA-93.png,284,284,,1,melanoma,,,,train,3,1,0,,,,,,,,,,,,,,,17610975388603330867,,919.9252462303266,8e8d0af011555a21e179619a4eb7976e,
Synth,355798027f209f5251ee462f39b9d838_ITA-30.png,/home/marsi/TFM/data/gen/SD_E2_HOPE/v1_8000/355798027f209f5251ee462f39b9d838_ITA-30.png,284,284,,1,melanoma,,,,train,3,1,0,,,,,,,,,,,,,,,18214108554877547724,,654.6507381042466,b8f5eb7d22d543c3799634e171756169,
Synth,35747c89b252f304efb174214e1bebd2_ITA-44.png,/home/marsi/TFM/data/gen/SD_E2_HOPE/v1_8000/35747c89b252f304efb174214e1bebd2_ITA-44.png,284,284,,1,melanoma,,,,train,3,1,0,,,,,,,,,,,,,,,13417790610653962726,,998.3124996982516,e458518e94f24eb23d487023324aa548,
Synth,358d42ce5eeac58bb2300986af639b7c_ITA-63.png,/home/marsi/TFM/data/gen/SD_E2_HOPE/v1_8000/358d42ce5eeac58bb2300986af639b7c_ITA-63.png,284,284,,1,melanoma,,,,train,3,1,0,,,,,,,,,,,,,,,16242113551949709018,,1345.98627185449,a5145daa8b191dfd8ac59e5d80c8d825,
Synth,359d89f78bd10f82eedf7259b13e0db8_ITA-70.png,/home/marsi/TFM/data/gen/SD_E2_HOPE/v1_8000/359d89f78bd10f82eedf7259b13e0db8_ITA-70.png,284,284,,1,melanoma,,,,train,3,1,0,,,,,,,,,,,,,,,16732708702838679868,,477.7843432119116,9b013aa70e4250603c3cf27d34d03db1,
Synth,35afc9bbe524b0986fd0b6d1050168ef_ITA1.png,/home/marsi/TFM/data/gen/SD_E2_HOPE/v1_8000/35afc9bbe524b0986fd0b6d1050168ef_ITA1.png,284,284,,1,melanoma,,,,train,3,1,0,,,,,,,,,,,,,,,12984941813546564790,,515.4587077861652,0573bd00ea7033d7d9c833f5a463a465,
Synth,35e6dda982c5048c41bfe2c212656ad2_ITA-118.png,/home/marsi/TFM/data/gen/SD_E2_HOPE/v1_8000/35e6dda982c5048c41bfe2c212656ad2_ITA-118.png,284,284,,1,melanoma,,,,train,3,1,0,,,,,,,,,,,,,,,13190709814245805375,,816.6957817589864,04a4311c4897e446e66b1d83f0839ab0,
Synth,363dc23a42920b824fb49c914aa73e90_ITA-114.png,/home/marsi/TFM/data/gen/SD_E2_HOPE/v1_8000/363dc23a42920b824fb49c914aa73e90_ITA-114.png,284,284,,1,melanoma,,,,train,3,1,0,,,,,,,,,,,,,,,9603768549162562968,,3759.923306819052,cd080411e1b3786e4446b1252d558433,
Synth,36f2b5d348aa11279875a2c12ad1859d_ITA-43.png,/home/marsi/TFM/data/gen/SD_E2_HOPE/v1_8000/36f2b5d348aa11279875a2c12ad1859d_ITA-43.png,284,284,,1,melanoma,,,,train,3,1,0,,,,,,,,,,,,,,,13773943147899634441,,732.3448777757585,3238d4f66b76514c0e85e8cb422592f7,
Synth,3933301850ae4cf67c487d1a15f1d8aa_ITA-102.png,/home/marsi/TFM/data/gen/SD_E2_HOPE/v1_8000/3933301850ae4cf67c487d1a15f1d8aa_ITA-102.png,284,284,,1,melanoma,,,,train,3,1,0,,,,,,,,,,,,,,,10596214358851634387,,1411.9683793028817,80f4ea69809db85fafc9271b1ffe0eae,
Synth,3b0f97cfb8741181bc52350176da669a_ITA-116.png,/home/marsi/TFM/data/gen/SD_E2_HOPE/v1_8000/3b0f97cfb8741181bc52350176da669a_ITA-116.png,284,284,,1,melanoma,,,,train,3,1,0,,,,,,,,,,,,,,,12686519660586431223,,1722.3276838129386,042090b4f3f34f5beb594454189eb570,
Synth,3bc552d75ce2404d4d1c392a1fe8ffe1_ITA-139.png,/home/marsi/TFM/data/gen/SD_E2_HOPE/v1_8000/3bc552d75ce2404d4d1c392a1fe8ffe1_ITA-139.png,284,284,,1,melanoma,,,,train,3,1,0,,,,,,,,,,,,,,,16165846459798676600,,1998.1625305106863,ea2e82338912f0c84fded908f122b28a,
Synth,3bfc671b6888b0e73eddcd8b0ec98b1a_ITA-128.png,/home/marsi/TFM/data/gen/SD_E2_HOPE/v1_8000/3bfc671b6888b0e73eddcd8b0ec98b1a_ITA-128.png,284,284,,1,melanoma,,,,train,3,1,0,,,,,,,,,,,,,,,15663632782022043599,,1146.1207655332985,0b5986a6a63faf6337bab0f181b6c4ab,
Synth,3d8978be742825069f61d4168fa377b4_ITA-104.png,/home/marsi/TFM/data/gen/SD_E2_HOPE/v1_8000/3d8978be742825069f61d4168fa377b4_ITA-104.png,284,284,,1,melanoma,,,,train,3,1,0,,,,,,,,,,,,,,,12782559978866880878,,542.2448623031378,b2a5c136b9fa0e7cbaa224b59daaac81,
Synth,4080d6e9d42a5047a8925ddaeafb0a9e_ITA-65.png,/home/marsi/TFM/data/gen/SD_E2_HOPE/v1_8000/4080d6e9d42a5047a8925ddaeafb0a9e_ITA-65.png,284,284,,1,melanoma,,,,train,3,1,0,,,,,,,,,,,,,,,16889490076962281680,,628.855967505835,e6e0201f7ea805b3177f81eb931db25b,
Synth,416b58845ddb8a0f4aedc93332a25f02_ITA-162.png,/home/marsi/TFM/data/gen/SD_E2_HOPE/v1_8000/416b58845ddb8a0f4aedc93332a25f02_ITA-162.png,284,284,,1,melanoma,,,,train,3,1,0,,,,,,,,,,,,,,,14728797837892937075,,7119.095340459608,61416fc7129656b33460d28fdf5e55f3,
Synth,41d1cf23e081743a6683874e5ef8f78d_ITA-84.png,/home/marsi/TFM/data/gen/SD_E2_HOPE/v1_8000/41d1cf23e081743a6683874e5ef8f78d_ITA-84.png,284,284,,1,melanoma,,,,train,3,1,0,,,,,,,,,,,,,,,17958039468880252316,,663.6847377931699,8de70a88763c15cad322fcb62381f6d5,
Synth,426f6841cb3c3763059b72800002b7d9_ITA-43.png,/home/marsi/TFM/data/gen/SD_E2_HOPE/v1_8000/426f6841cb3c3763059b72800002b7d9_ITA-43.png,284,284,,1,melanoma,,,,train,3,1,0,,,,,,,,,,,,,,,16893428500768767050,,650.3485064357519,3b213e765f110da780383489da47dc4f,
Synth,43975ee530bbf24d848a1e40b1bcc02b_ITA-44.png,/home/marsi/TFM/data/gen/SD_E2_HOPE/v1_8000/43975ee530bbf24d848a1e40b1bcc02b_ITA-44.png,284,284,,1,melanoma,,,,train,3,1,0,,,,,,,,,,,,,,,16964925314890930324,,576.4917563796043,be57aa2458b1c8647af868d568203e29,
Synth,447c6b0b5f3e15ef3761fc0ce2d5b947_ITA-26.png,/home/marsi/TFM/data/gen/SD_E2_HOPE/v1_8000/447c6b0b5f3e15ef3761fc0ce2d5b947_ITA-26.png,284,284,,1,melanoma,,,,train,3,1,0,,,,,,,,,,,,,,,15178271806993178587,,2271.414967879653,7197553e5f9dc9e6ae795053cbf08770,
Synth,48d28ca6417a98b40a252ae5dbcd5388_ITA-93.png,/home/marsi/TFM/data/gen/SD_E2_HOPE/v1_8000/48d28ca6417a98b40a252ae5dbcd5388_ITA-93.png,284,284,,1,melanoma,,,,train,3,1,0,,,,,,,,,,,,,,,13044915835028731238,,909.945189293474,99650ff1f255520fe39956d064f7887b,
Synth,4a7790870f129ebb773e1d08f1470300_ITA-107.png,/home/marsi/TFM/data/gen/SD_E2_HOPE/v1_8000/4a7790870f129ebb773e1d08f1470300_ITA-107.png,284,284,,1,melanoma,,,,train,3,1,0,,,,,,,,,,,,,,,11632453215652098932,,1243.218949734233,889fb6aa61ef870a11fc39a45ecbadab,
Synth,4d4457464bf73596b96b967a7a2fe989_ITA-69.png,/home/marsi/TFM/data/gen/SD_E2_HOPE/v1_8000/4d4457464bf73596b96b967a7a2fe989_ITA-69.png,284,284,,1,melanoma,,,,train,3,1,0,,,,,,,,,,,,,,,16948049825797925916,,806.607260032557,20d5c8a7f9e10dc4016a1bb6c3f3b885,
Synth,4dfdcc74920f24571819db5c179da297_ITA-123.png,/home/marsi/TFM/data/gen/SD_E2_HOPE/v1_8000/4dfdcc74920f24571819db5c179da297_ITA-123.png,284,284,,1,melanoma,,,,train,3,1,0,,,,,,,,,,,,,,,12987347207093099559,,1537.5557107692584,cfa0e185f8af7e48738ca23ed7917a83,
Synth,4fb4237646d7cc5aaf47c18a745057e6_ITA-100.png,/home/marsi/TFM/data/gen/SD_E2_HOPE/v1_8000/4fb4237646d7cc5aaf47c18a745057e6_ITA-100.png,284,284,,1,melanoma,,,,train,3,1,0,,,,,,,,,,,,,,,11917020590669190302,,1040.0069061368704,f5798798843e4eb7e277a2f56099ecaa,
Synth,502bcbf6572e3bf99f743813a3dc0fed_ITA-55.png,/home/marsi/TFM/data/gen/SD_E2_HOPE/v1_8000/502bcbf6572e3bf99f743813a3dc0fed_ITA-55.png,284,284,,1,melanoma,,,,train,3,1,0,,,,,,,,,,,,,,,13194650128849790302,,640.2937744520605,f3139f9178276a31869d295038858fd9,
Synth,504e47da7dc7164fe8972ad2579a57ed_ITA-97.png,/home/marsi/TFM/data/gen/SD_E2_HOPE/v1_8000/504e47da7dc7164fe8972ad2579a57ed_ITA-97.png,284,284,,1,melanoma,,,,train,3,1,0,,,,,,,,,,,,,,,16196799366229024195,,1369.7424096912146,b322060907282bfbf7b69c7976f302a4,
Synth,50dc4cefa1331d8a63864dbd41de3e1e_ITA-42.png,/home/marsi/TFM/data/gen/SD_E2_HOPE/v1_8000/50dc4cefa1331d8a63864dbd41de3e1e_ITA-42.png,284,284,,1,melanoma,,,,train,3,1,0,,,,,,,,,,,,,,,17036769485584353870,,833.5744070410728,b72332d1c50bb8ac6375de2e8902ab28,
Synth,51d759dc7b5f3c5d1751afd5085c2cdd_ITA-146.png,/home/marsi/TFM/data/gen/SD_E2_HOPE/v1_8000/51d759dc7b5f3c5d1751afd5085c2cdd_ITA-146.png,284,284,,1,melanoma,,,,train,3,1,0,,,,,,,,,,,,,,,10781268329646812967,,2334.033412887715,85d598bd22f0e4a76c7f2a56f11684da,
Synth,52343d656a3eedd2f273c19a6fab93b6_ITA-59.png,/home/marsi/TFM/data/gen/SD_E2_HOPE/v1_8000/52343d656a3eedd2f273c19a6fab93b6_ITA-59.png,284,284,,1,melanoma,,,,train,3,1,0,,,,,,,,,,,,,,,15710305754154493256,,2222.2267546495423,07707107ec88085e83848ea432e60c2d,
Synth,53c95c47a2f694e0dd8ea362b4c28aad_ITA-54.png,/home/marsi/TFM/data/gen/SD_E2_HOPE/v1_8000/53c95c47a2f694e0dd8ea362b4c28aad_ITA-54.png,284,284,,1,melanoma,,,,train,3,1,0,,,,,,,,,,,,,,,16816885478721002714,,829.827145203948,1981aa1627a55966f7a1f9b3bc44288f,
Synth,540acbd500ea7db40d71f03acf16b135_ITA-100.png,/home/marsi/TFM/data/gen/SD_E2_HOPE/v1_8000/540acbd500ea7db40d71f03acf16b135_ITA-100.png,284,284,,1,melanoma,,,,train,3,1,0,,,,,,,,,,,,,,,13575190209097187172,,560.4467188976705,ac5ce06576705b4dd70988793492039c,
Synth,54165247ceaf30dc2c25ba7f8b610697_ITA-46.png,/home/marsi/TFM/data/gen/SD_E2_HOPE/v1_8000/54165247ceaf30dc2c25ba7f8b610697_ITA-46.png,284,284,,1,melanoma,,,,train,3,1,0,,,,,,,,,,,,,,,13349164205642625903,,900.2600065981969,c18cd36765505ec108e8244987812ee6,
Synth,5532387b1a6e7a516205080d508782ec_ITA-127.png,/home/marsi/TFM/data/gen/SD_E2_HOPE/v1_8000/5532387b1a6e7a516205080d508782ec_ITA-127.png,284,284,,1,melanoma,,,,train,3,1,0,,,,,,,,,,,,,,,9880429676716087702,,2037.3372712098064,6ba1d9a36cd8346b0ddbcfba4274a324,
Synth,5556c3ef2dbaae18b88461224a925449_ITA-41.png,/home/marsi/TFM/data/gen/SD_E2_HOPE/v1_8000/5556c3ef2dbaae18b88461224a925449_ITA-41.png,284,284,,1,melanoma,,,,train,3,1,0,,,,,,,,,,,,,,,13632608069950516457,,591.7694072090089,8baef9799e44999a30b0cb16d2df258d,
Synth,55dbeeb4d5ad78b095e6d8deada2d72d_ITA-136.png,/home/marsi/TFM/data/gen/SD_E2_HOPE/v1_8000/55dbeeb4d5ad78b095e6d8deada2d72d_ITA-136.png,284,284,,1,melanoma,,,,train,3,1,0,,,,,,,,,,,,,,,9659756825200449853,,2854.436590760015,a8104d8b42d298fbd2e75727afa547fb,
Synth,56922a01bf03e55c8d027f65f6d44661_ITA1.png,/home/marsi/TFM/data/gen/SD_E2_HOPE/v1_8000/56922a01bf03e55c8d027f65f6d44661_ITA1.png,284,284,,1,melanoma,,,,train,3,1,0,,,,,,,,,,,,,,,16326565045584819127,,514.6227458678186,df0374d6e5a3e1a82ed133c10583ea09,
Synth,56aba5a1b876382c9c558a0a4c6bb10f_ITA-84.png,/home/marsi/TFM/data/gen/SD_E2_HOPE/v1_8000/56aba5a1b876382c9c558a0a4c6bb10f_ITA-84.png,284,284,,1,melanoma,,,,train,3,1,0,,,,,,,,,,,,,,,14368618407430927219,,5003.410574194044,850468c0e56371cad4956bdfe81cfed1,
Synth,56b5f5d5bebd747dd357ee2e2221dae2_ITA-82.png,/home/marsi/TFM/data/gen/SD_E2_HOPE/v1_8000/56b5f5d5bebd747dd357ee2e2221dae2_ITA-82.png,284,284,,1,melanoma,,,,train,3,1,0,,,,,,,,,,,,,,,13344394920581487307,,777.3121807342395,4177d571fe2fc9e27661910e1a58de87,
Synth,56d10e1dc6ef64b8cd5d667f73e96b70_ITA-52.png,/home/marsi/TFM/data/gen/SD_E2_HOPE/v1_8000/56d10e1dc6ef64b8cd5d667f73e96b70_ITA-52.png,284,284,,1,melanoma,,,,train,3,1,0,,,,,,,,,,,,,,,16820546388696317122,,721.3535576155409,a88b7c6046ac528771a8b75418eee992,
Synth,57b4d27daee918c15c273b1a7642d7e8_ITA-95.png,/home/marsi/TFM/data/gen/SD_E2_HOPE/v1_8000/57b4d27daee918c15c273b1a7642d7e8_ITA-95.png,284,284,,1,melanoma,,,,train,3,1,0,,,,,,,,,,,,,,,17033673669263501159,,3310.394891705364,582ddd0b986f649388fb355bca956765,
Synth,57ebc132518ac756b71b1c902bbf336d_ITA-77.png,/home/marsi/TFM/data/gen/SD_E2_HOPE/v1_8000/57ebc132518ac756b71b1c902bbf336d_ITA-77.png,284,284,,1,melanoma,,,,train,3,1,0,,,,,,,,,,,,,,,13407380926303162142,,853.2425327561796,ca5ebec245ae787e8f1343ff33d6344a,
Synth,595406fca44171dc0411c5d77d604b68_ITA-5.png,/home/marsi/TFM/data/gen/SD_E2_HOPE/v1_8000/595406fca44171dc0411c5d77d604b68_ITA-5.png,284,284,,1,melanoma,,,,train,3,1,0,,,,,,,,,,,,,,,17451903532319683683,,822.5289348801598,e14ffdc6c0292744335293ffeec673c7,
Synth,5a006614ed15cd91c50293f3041957a4_ITA-25.png,/home/marsi/TFM/data/gen/SD_E2_HOPE/v1_8000/5a006614ed15cd91c50293f3041957a4_ITA-25.png,284,284,,1,melanoma,,,,train,3,1,0,,,,,,,,,,,,,,,17036155962446262810,,14946.862863030285,f4671c72a06af9779bad1dc67c4c21a7,
Synth,5a3ceb68c0036b340671272900007612_ITA-44.png,/home/marsi/TFM/data/gen/SD_E2_HOPE/v1_8000/5a3ceb68c0036b340671272900007612_ITA-44.png,284,284,,1,melanoma,,,,train,3,1,0,,,,,,,,,,,,,,,16831874080484963479,,610.0176448663697,fa5911d05a41aad7416508e91a31157a,
Synth,5a5ae09fdb51cf1616dce44b2b52688a_ITA-85.png,/home/marsi/TFM/data/gen/SD_E2_HOPE/v1_8000/5a5ae09fdb51cf1616dce44b2b52688a_ITA-85.png,284,284,,1,melanoma,,,,train,3,1,0,,,,,,,,,,,,,,,17170414366796887417,,2724.812757637352,4b60f2cf9d544cb57f82bebe6dbd8327,
Synth,5a6fdd78ade4bc3efb5caf19b249f9c2_ITA-129.png,/home/marsi/TFM/data/gen/SD_E2_HOPE/v1_8000/5a6fdd78ade4bc3efb5caf19b249f9c2_ITA-129.png,284,284,,1,melanoma,,,,train,3,1,0,,,,,,,,,,,,,,,13065159317390501182,,2423.328350267373,94c91767d3d3b0886ce1b0d479f1381b,
Synth,5a8619c7700e8a4ba168220f292cf478_ITA-104.png,/home/marsi/TFM/data/gen/SD_E2_HOPE/v1_8000/5a8619c7700e8a4ba168220f292cf478_ITA-104.png,284,284,,1,melanoma,,,,train,3,1,0,,,,,,,,,,,,,,,17884504273178748303,,934.4905986152588,1021e2602ff7eebe8341aa0ebbd4b4d4,
Synth,5aa1c1d527a9719f7b8e04fa747103a6_ITA-117.png,/home/marsi/TFM/data/gen/SD_E2_HOPE/v1_8000/5aa1c1d527a9719f7b8e04fa747103a6_ITA-117.png,284,284,,1,melanoma,,,,train,3,1,0,,,,,,,,,,,,,,,14714165810349093293,,6789.809483951889,62f90c793e07d963c17b41866cf61ce4,
Synth,5de7bd90697cebbaa414f62a2676faab_ITA-100.png,/home/marsi/TFM/data/gen/SD_E2_HOPE/v1_8000/5de7bd90697cebbaa414f62a2676faab_ITA-100.png,284,284,,1,melanoma,,,,train,3,1,0,,,,,,,,,,,,,,,9778179859305818195,,4214.25096221175,7114250bf728f3dbe82e6235ef55058a,
Synth,5e38621f91f04b34b4d488ed08fb69a2_ITA-31.png,/home/marsi/TFM/data/gen/SD_E2_HOPE/v1_8000/5e38621f91f04b34b4d488ed08fb69a2_ITA-31.png,284,284,,1,melanoma,,,,train,3,1,0,,,,,,,,,,,,,,,16386237913526642469,,380.9521450540051,099d1cc83a6f3dba4e97dfe599ae50bb,
Synth,5f06671ecfbe64d219ecf736110ed8fb_ITA-87.png,/home/marsi/TFM/data/gen/SD_E2_HOPE/v1_8000/5f06671ecfbe64d219ecf736110ed8fb_ITA-87.png,284,284,,1,melanoma,,,,train,3,1,0,,,,,,,,,,,,,,,17450816206411797386,,1136.6801040833816,b4d5b24d6b59e0f0401fa9f85a7908e4,
Synth,61e499e0c17f0e8ce5a51bbc80760cd7_ITA-175.png,/home/marsi/TFM/data/gen/SD_E2_HOPE/v1_8000/61e499e0c17f0e8ce5a51bbc80760cd7_ITA-175.png,284,284,,1,melanoma,,,,train,3,1,0,,,,,,,,,,,,,,,10458876552370474853,,4520.810137338005,9d0fbf2239ff87ef91180e7a07b99792,
Synth,62772ca2685fd1a49b52ded74cafc79f_ITA-178.png,/home/marsi/TFM/data/gen/SD_E2_HOPE/v1_8000/62772ca2685fd1a49b52ded74cafc79f_ITA-178.png,284,284,,1,melanoma,,,,train,3,1,0,,,,,,,,,,,,,,,10173763272304784187,,3491.6700497716665,caa091da08b2f4104a843951ac77b1ae,
Synth,62c5a07a2db42cec4e2e2d7bd7e60e6a_ITA-111.png,/home/marsi/TFM/data/gen/SD_E2_HOPE/v1_8000/62c5a07a2db42cec4e2e2d7bd7e60e6a_ITA-111.png,284,284,,1,melanoma,,,,train,3,1,0,,,,,,,,,,,,,,,13055583703906467001,,1015.6435884200037,24107d5c6cb18e38cbd597a97acec0bd,
Synth,64c4a803856c4a93e3854506e2864ec6_ITA-17.png,/home/marsi/TFM/data/gen/SD_E2_HOPE/v1_8000/64c4a803856c4a93e3854506e2864ec6_ITA-17.png,284,284,,1,melanoma,,,,train,3,1,0,,,,,,,,,,,,,,,16589433373066257265,,582.5630478998646,efb2f37724a4148d06308d4fbc2d0e7c,
Synth,64d3319c135a71a2385c2b0033af6219_ITA-148.png,/home/marsi/TFM/data/gen/SD_E2_HOPE/v1_8000/64d3319c135a71a2385c2b0033af6219_ITA-148.png,284,284,,1,melanoma,,,,train,3,1,0,,,,,,,,,,,,,,,10692756985312016622,,2848.5430609351024,fc3c8e3fb1df57cb3363fad27d8e6e68,
Synth,65f2ce913c11f16fa4b4f8c7fe04da38_ITA-120.png,/home/marsi/TFM/data/gen/SD_E2_HOPE/v1_8000/65f2ce913c11f16fa4b4f8c7fe04da38_ITA-120.png,284,284,,1,melanoma,,,,train,3,1,0,,,,,,,,,,,,,,,11826896405367322172,,789.9782299399376,d37f03a79d7a915a8ad0c6a3726b2a2b,
Synth,684d47d21f46910dadcaaf207ab4973e_ITA-93.png,/home/marsi/TFM/data/gen/SD_E2_HOPE/v1_8000/684d47d21f46910dadcaaf207ab4973e_ITA-93.png,284,284,,1,melanoma,,,,train,3,1,0,,,,,,,,,,,,,,,14352155707578076263,,1491.968492529355,5d7a86e7206530a341b17dc008ecef27,
Synth,685846013a110adf8de89c64f5830d2d_ITA-96.png,/home/marsi/TFM/data/gen/SD_E2_HOPE/v1_8000/685846013a110adf8de89c64f5830d2d_ITA-96.png,284,284,,1,melanoma,,,,train,3,1,0,,,,,,,,,,,,,,,16457988747034350439,,429.1513575166464,4c8b0bea8a3ccc35a62cfcb48704067b,
Synth,69c3c88fa07e943d99eb95d5f460b8be_ITA-98.png,/home/marsi/TFM/data/gen/SD_E2_HOPE/v1_8000/69c3c88fa07e943d99eb95d5f460b8be_ITA-98.png,284,284,,1,melanoma,,,,train,3,1,0,,,,,,,,,,,,,,,13701519614479581944,,745.650955375284,fe4f22d42a036a17bc4b963c4ab87df3,
Synth,69f6af386e3511f45cc3b17f242ecd3d_ITA-72.png,/home/marsi/TFM/data/gen/SD_E2_HOPE/v1_8000/69f6af386e3511f45cc3b17f242ecd3d_ITA-72.png,284,284,,1,melanoma,,,,train,3,1,0,,,,,,,,,,,,,,,13562169488535030159,,1070.218037149869,4cd89a4890f3f62bedc1997f0570994f,
Synth,6a730578804c46012dbc41905ffddecb_ITA-62.png,/home/marsi/TFM/data/gen/SD_E2_HOPE/v1_8000/6a730578804c46012dbc41905ffddecb_ITA-62.png,284,284,,1,melanoma,,,,train,3,1,0,,,,,,,,,,,,,,,11949105806891103351,,570.4234757488593,a4f9499a74c230c1eee1a67ba1340260,
Synth,6ae05329ecd6cd06d311e1033dd6343d_ITA-169.png,/home/marsi/TFM/data/gen/SD_E2_HOPE/v1_8000/6ae05329ecd6cd06d311e1033dd6343d_ITA-169.png,284,284,,1,melanoma,,,,train,3,1,0,,,,,,,,,,,,,,,13199558833083290547,,1551.2457622550428,5f7ad88d3a18eec517bc1a28eb0fabab,
Synth,6b1de9f3b9959cd2cf38a448a7087305_ITA-111.png,/home/marsi/TFM/data/gen/SD_E2_HOPE/v1_8000/6b1de9f3b9959cd2cf38a448a7087305_ITA-111.png,284,284,,1,melanoma,,,,train,3,1,0,,,,,,,,,,,,,,,13062642462262649332,,1493.1251432215795,29ea5bfcf20d8e6d1c89038ea3926b61,
Synth,6cc383dd73983a0bd19e927f9035ba52_ITA-45.png,/home/marsi/TFM/data/gen/SD_E2_HOPE/v1_8000/6cc383dd73983a0bd19e927f9035ba52_ITA-45.png,284,284,,1,melanoma,,,,train,3,1,0,,,,,,,,,,,,,,,16458850859184952508,,513.3158363020048,265c26d7712714385efb25c25a229c99,
Synth,6d486b945375c5b4755d6ff253384cb3_ITA-158.png,/home/marsi/TFM/data/gen/SD_E2_HOPE/v1_8000/6d486b945375c5b4755d6ff253384cb3_ITA-158.png,284,284,,1,melanoma,,,,train,3,1,0,,,,,,,,,,,,,,,9599735723640931953,,3950.3141812374815,5df0575d94acc860001ddc4946766018,
Synth,6f94b8a9240263b026037b094eb0efee_ITA-47.png,/home/marsi/TFM/data/gen/SD_E2_HOPE/v1_8000/6f94b8a9240263b026037b094eb0efee_ITA-47.png,284,284,,1,melanoma,,,,train,3,1,0,,,,,,,,,,,,,,,13771678033744252259,,774.8932096278295,e768733a663d986f0b51c8c9e3cb4a33,
Synth,70d909fcc0db78a2a40949dfa18bf9c7_ITA-61.png,/home/marsi/TFM/data/gen/SD_E2_HOPE/v1_8000/70d909fcc0db78a2a40949dfa18bf9c7_ITA-61.png,284,284,,1,melanoma,,,,train,3,1,0,,,,,,,,,,,,,,,12701150647491444582,,1510.8413131749255,c94a845fa3546ca61081853e29191c28,
Synth,72765cbe16f736c0f647a93b7c7ed002_ITA-160.png,/home/marsi/TFM/data/gen/SD_E2_HOPE/v1_8000/72765cbe16f736c0f647a93b7c7ed002_ITA-160.png,284,284,,1,melanoma,,,,train,3,1,0,,,,,,,,,,,,,,,16666934575943607113,,528.689278527163,c961a70b4bbb30a0f512b8a8dc9c0985,
Synth,7330338a159fa4e04236283037904992_ITA-73.png,/home/marsi/TFM/data/gen/SD_E2_HOPE/v1_8000/7330338a159fa4e04236283037904992_ITA-73.png,284,284,,1,melanoma,,,,train,3,1,0,,,,,,,,,,,,,,,17304887042759137144,,3020.702519892715,638b736b18d8750427cd13da50f50519,
Synth,74c5fe2a51f6695538eea9f51871de6e_ITA-119.png,/home/marsi/TFM/data/gen/SD_E2_HOPE/v1_8000/74c5fe2a51f6695538eea9f51871de6e_ITA-119.png,284,284,,1,melanoma,,,,train,3,1,0,,,,,,,,,,,,,,,11994938647359117602,,897.820672458969,345beaf8d4f21e0f9db18c08affe7892,
Synth,751941bbfeab7db3827b336e46115b81_ITA-26.png,/home/marsi/TFM/data/gen/SD_E2_HOPE/v1_8000/751941bbfeab7db3827b336e46115b81_ITA-26.png,284,284,,1,melanoma,,,,train,3,1,0,,,,,,,,,,,,,,,13777585261287845395,,432.8040865920484,91ee5800ac7f92a8de7d84d95b609912,
Synth,755d40ea7011ac3ed719300faccadc1d_ITA-86.png,/home/marsi/TFM/data/gen/SD_E2_HOPE/v1_8000/755d40ea7011ac3ed719300faccadc1d_ITA-86.png,284,284,,1,melanoma,,,,train,3,1,0,,,,,,,,,,,,,,,12612476682040783195,,832.30791889783,3f84ac1913db9b3fb51a48561f32821f,
Synth,7773b1944360c8068afd31f7e4eaf9d7_ITA-101.png,/home/marsi/TFM/data/gen/SD_E2_HOPE/v1_8000/7773b1944360c8068afd31f7e4eaf9d7_ITA-101.png,284,284,,1,melanoma,,,,train,3,1,0,,,,,,,,,,,,,,,15063305114657624527,,2810.148826565593,6ae417c13c3475b46cafbfedc0a2012c,
Synth,77794abe16fdb5f19f579d8ce2a263fd_ITA-103.png,/home/marsi/TFM/data/gen/SD_E2_HOPE/v1_8000/77794abe16fdb5f19f579d8ce2a263fd_ITA-103.png,284,284,,1,melanoma,,,,train,3,1,0,,,,,,,,,,,,,,,13895926365167819663,,685.4244573116302,4f848529f9e3c01f51562c1862843b16,
Synth,7879b72219172f1d52ca083b86384a0e_ITA-67.png,/home/marsi/TFM/data/gen/SD_E2_HOPE/v1_8000/7879b72219172f1d52ca083b86384a0e_ITA-67.png,284,284,,1,melanoma,,,,train,3,1,0,,,,,,,,,,,,,,,16882734621725702765,,451.31766075547785,2f066a14ed0b161157c5c276985aa1e2,
Synth,790b8d99bf5183154527d6c8da37878d_ITA-103.png,/home/marsi/TFM/data/gen/SD_E2_HOPE/v1_8000/790b8d99bf5183154527d6c8da37878d_ITA-103.png,284,284,,1,melanoma,,,,train,3,1,0,,,,,,,,,,,,,,,11541982452083692316,,1087.1769552230835,3cc2536e8567fc39365fcba2df90ff56,
Synth,7b96067b8ba1e00cb5eaa4d9108da445_ITA-32.png,/home/marsi/TFM/data/gen/SD_E2_HOPE/v1_8000/7b96067b8ba1e00cb5eaa4d9108da445_ITA-32.png,284,284,,1,melanoma,,,,train,3,1,0,,,,,,,,,,,,,,,16577632514492748705,,532.7217172943056,816063e911dff69d9da5d512c62c4230,
Synth,7ba0a475a02038c24a68c8adfa09ca5c_ITA-42.png,/home/marsi/TFM/data/gen/SD_E2_HOPE/v1_8000/7ba0a475a02038c24a68c8adfa09ca5c_ITA-42.png,284,284,,1,melanoma,,,,train,3,1,0,,,,,,,,,,,,,,,16948946949947101327,,2547.671738609672,3463ab52a40371006c2b42d0a31005cb,
Synth,7c93673918e503d5614ad6494f36b654_ITA-44.png,/home/marsi/TFM/data/gen/SD_E2_HOPE/v1_8000/7c93673918e503d5614ad6494f36b654_ITA-44.png,284,284,,1,melanoma,,,,train,3,1,0,,,,,,,,,,,,,,,18173015483283746010,,585.4651780491695,a3db601d2792005888c00f62d8261b21,
Synth,7ca98b938236bf768baf49085063b5f9_ITA-18.png,/home/marsi/TFM/data/gen/SD_E2_HOPE/v1_8000/7ca98b938236bf768baf49085063b5f9_ITA-18.png,284,284,,1,melanoma,,,,train,3,1,0,,,,,,,,,,,,,,,13158322306891854796,,448.7167794071138,e9e9ce439a714437f97ab713bc34eda6,
Synth,7cd055d4a009c27d74406a782a298640_ITA-168.png,/home/marsi/TFM/data/gen/SD_E2_HOPE/v1_8000/7cd055d4a009c27d74406a782a298640_ITA-168.png,284,284,,1,melanoma,,,,train,3,1,0,,,,,,,,,,,,,,,9736558955499573043,,3185.2409084206447,d598f68e48d640600caa3e0bb24158bb,
Synth,7dae64d5d0062a2a8df045160993041e_ITA-51.png,/home/marsi/TFM/data/gen/SD_E2_HOPE/v1_8000/7dae64d5d0062a2a8df045160993041e_ITA-51.png,284,284,,1,melanoma,,,,train,3,1,0,,,,,,,,,,,,,,,12651684926657947845,,480.5247503370047,3d28136a28e5dfddd89b37a3e94eb5d2,
Synth,7e4b291d36ba6d1b4f6c0816e9f24cbb_ITA-60.png,/home/marsi/TFM/data/gen/SD_E2_HOPE/v1_8000/7e4b291d36ba6d1b4f6c0816e9f24cbb_ITA-60.png,284,284,,1,melanoma,,,,train,3,1,0,,,,,,,,,,,,,,,11918658870560371558,,1844.638357042335,db5ed80df81ca616cf5ba57926259bea,
Synth,7e869dabd307191ac23160726c1a3d81_ITA-42.png,/home/marsi/TFM/data/gen/SD_E2_HOPE/v1_8000/7e869dabd307191ac23160726c1a3d81_ITA-42.png,284,284,,1,melanoma,,,,train,3,1,0,,,,,,,,,,,,,,,17347083797240290574,,6183.8060520133,4ba59026bc775ef281784c8fc02f5fdd,
Synth,816b8ad25da6477beadc668b339bc718_ITA-45.png,/home/marsi/TFM/data/gen/SD_E2_HOPE/v1_8000/816b8ad25da6477beadc668b339bc718_ITA-45.png,284,284,,1,melanoma,,,,train,3,1,0,,,,,,,,,,,,,,,13193227939859604782,,413.9772198051214,ce0c1bc45a9473a5dea8ceb49c606808,
Synth,81dad7bf1873b78fc0a8a952e9bb8c8e_ITA-26.png,/home/marsi/TFM/data/gen/SD_E2_HOPE/v1_8000/81dad7bf1873b78fc0a8a952e9bb8c8e_ITA-26.png,284,284,,1,melanoma,,,,train,3,1,0,,,,,,,,,,,,,,,16891244841731536532,,769.0682576587424,dbd65533d40e9e9359ee5e33ba65b388,
Synth,821dd6c4d2e1ed579b5fce3fc4f013fa_ITA-179.png,/home/marsi/TFM/data/gen/SD_E2_HOPE/v1_8000/821dd6c4d2e1ed579b5fce3fc4f013fa_ITA-179.png,284,284,,1,melanoma,,,,train,3,1,0,,,,,,,,,,,,,,,9960334881261771604,,2460.494225230068,65e610cdb5bc80f83dea4c3b85cd08bd,
Synth,8326866ffddd38deba462b9bffd7b5ec_ITA-143.png,/home/marsi/TFM/data/gen/SD_E2_HOPE/v1_8000/8326866ffddd38deba462b9bffd7b5ec_ITA-143.png,284,284,,1,melanoma,,,,train,3,1,0,,,,,,,,,,,,,,,11919979844231371627,,1442.4826475968584,a77318a92672f080de7333f5c90abf77,
Synth,8466ac4386b58c7267f26a1fc5558ab4_ITA-120.png,/home/marsi/TFM/data/gen/SD_E2_HOPE/v1_8000/8466ac4386b58c7267f26a1fc5558ab4_ITA-120.png,284,284,,1,melanoma,,,,train,3,1,0,,,,,,,,,,,,,,,16689654562694776207,,1790.915358170867,ef0919fd20f57770ce58331a6e119614,
Synth,86a01c4cb578ba525f1b87a70730dad5_ITA-109.png,/home/marsi/TFM/data/gen/SD_E2_HOPE/v1_8000/86a01c4cb578ba525f1b87a70730dad5_ITA-109.png,284,284,,1,melanoma,,,,train,3,1,0,,,,,,,,,,,,,,,9752934381590642097,,1753.4390078326687,8a5368849ac57dc9f89e9f1c213db9b6,
Synth,87e163aed1126b14e7002ce0940672ed_ITA-131.png,/home/marsi/TFM/data/gen/SD_E2_HOPE/v1_8000/87e163aed1126b14e7002ce0940672ed_ITA-131.png,284,284,,1,melanoma,,,,train,3,1,0,,,,,,,,,,,,,,,9742046451463246773,,1046.5628648847342,8ef63c7bc85290eeeff584ed9e30ea0d,
Synth,8903c2f116a09bb303bb59cc6e3c53be_ITA-69.png,/home/marsi/TFM/data/gen/SD_E2_HOPE/v1_8000/8903c2f116a09bb303bb59cc6e3c53be_ITA-69.png,284,284,,1,melanoma,,,,train,3,1,0,,,,,,,,,,,,,,,12575691140280359757,,797.9893100848421,6295c8cf04de6a7ec9f28046e1af4de0,
Synth,891a4354dbf0327752e7886d5b6bcf62_ITA-168.png,/home/marsi/TFM/data/gen/SD_E2_HOPE/v1_8000/891a4354dbf0327752e7886d5b6bcf62_ITA-168.png,284,284,,1,melanoma,,,,train,3,1,0,,,,,,,,,,,,,,,10530626862133926620,,2265.850100096315,533af9f0a711ba61cc65e195bedb842c,
Synth,896b1249fa5717901ce46d7f643c1d74_ITA-92.png,/home/marsi/TFM/data/gen/SD_E2_HOPE/v1_8000/896b1249fa5717901ce46d7f643c1d74_ITA-92.png,284,284,,1,melanoma,,,,train,3,1,0,,,,,,,,,,,,,,,13741841508562396265,,1511.8146093934774,58d1d0b57d9855ac491f90c77418448d,
Synth,8aecf443874fc85053fee4c70d3e5b99_ITA-75.png,/home/marsi/TFM/data/gen/SD_E2_HOPE/v1_8000/8aecf443874fc85053fee4c70d3e5b99_ITA-75.png,284,284,,1,melanoma,,,,train,3,1,0,,,,,,,,,,,,,,,14367352280602987000,,1647.3696094220504,f0c66f06a6a837d80a4aa59ca5bf2088,
Synth,8b915327de5a2c58f1e0824905df2cd9_ITA-107.png,/home/marsi/TFM/data/gen/SD_E2_HOPE/v1_8000/8b915327de5a2c58f1e0824905df2cd9_ITA-107.png,284,284,,1,melanoma,,,,train,3,1,0,,,,,,,,,,,,,,,12984383257264809328,,614.4743649922311,ea3f5cae479bfe87f7bee3a157d1eb1c,
Synth,8bc195201075836ef8ac3408676e450b_ITA-156.png,/home/marsi/TFM/data/gen/SD_E2_HOPE/v1_8000/8bc195201075836ef8ac3408676e450b_ITA-156.png,284,284,,1,melanoma,,,,train,3,1,0,,,,,,,,,,,,,,,9632484174433900497,,2574.9555845325813,a09d28b6716f8662ce424054742c8a44,
Synth,8c964c1b2549340f7a9130ee7a473b62_ITA-63.png,/home/marsi/TFM/data/gen/SD_E2_HOPE/v1_8000/8c964c1b2549340f7a9130ee7a473b62_ITA-63.png,284,284,,1,melanoma,,,,train,3,1,0,,,,,,,,,,,,,,,13418427230020784263,,543.8127992115915,d19314ed6bdf084ff10fe739bbe9d733,
Synth,8d3bc83294b914bc7e14bf374eb24db7_ITA-26.png,/home/marsi/TFM/data/gen/SD_E2_HOPE/v1_8000/8d3bc83294b914bc7e14bf374eb24db7_ITA-26.png,284,284,,1,melanoma,,,,train,3,1,0,,,,,,,,,,,,,,,17925335004304407596,,3856.495396580547,7b3517f0d2f5f9bf0ff4fa8946db234b,
Synth,8d4052e58e494bcbd6d37e0f0a6615d5_ITA-68.png,/home/marsi/TFM/data/gen/SD_E2_HOPE/v1_8000/8d4052e58e494bcbd6d37e0f0a6615d5_ITA-68.png,284,284,,1,melanoma,,,,train,3,1,0,,,,,,,,,,,,,,,12991129237220061499,,1609.540287493728,490b7b73f3b3d6a5383a3c7432be4056,
Synth,8d8f305876262ad4b471ef90fbf00e16_ITA-97.png,/home/marsi/TFM/data/gen/SD_E2_HOPE/v1_8000/8d8f305876262ad4b471ef90fbf00e16_ITA-97.png,284,284,,1,melanoma,,,,train,3,1,0,,,,,,,,,,,,,,,9542779834947232876,,571.0841878792271,453951e4cea140dc133eefa1c091b21f,
Synth,8df6d3182a943735f4d594ec8473b422_ITA-96.png,/home/marsi/TFM/data/gen/SD_E2_HOPE/v1_8000/8df6d3182a943735f4d594ec8473b422_ITA-96.png,284,284,,1,melanoma,,,,train,3,1,0,,,,,,,,,,,,,,,13485681447621284876,,790.8454587459564,895ed9e76ae2e313ef0c9778ac2bce1f,
Synth,8f4d77840f356de2d713cb32905986cf_ITA-122.png,/home/marsi/TFM/data/gen/SD_E2_HOPE/v1_8000/8f4d77840f356de2d713cb32905986cf_ITA-122.png,284,284,,1,melanoma,,,,train,3,1,0,,,,,,,,,,,,,,,13193805991711999847,,2250.804057225585,dc0b7fe6fbd1037dfa239a07caa7faf7,
Synth,8f5f4e097a0da54d3d2fe7ee0f91556a_ITA-168.png,/home/marsi/TFM/data/gen/SD_E2_HOPE/v1_8000/8f5f4e097a0da54d3d2fe7ee0f91556a_ITA-168.png,284,284,,1,melanoma,,,,train,3,1,0,,,,,,,,,,,,,,,10757257213890515486,,3190.687326129526,0a0b23a297e5a06f87d343a8ddc3e69e,
Synth,8fcee9f34c5eb2b1ccb9e6d06f4042b9_ITA-164.png,/home/marsi/TFM/data/gen/SD_E2_HOPE/v1_8000/8fcee9f34c5eb2b1ccb9e6d06f4042b9_ITA-164.png,284,284,,1,melanoma,,,,train,3,1,0,,,,,,,,,,,,,,,15233510833945126447,,5392.63115390297,ea3d14ba6bb8f6281ed269ef2ed70e5b,
Synth,8fd1f229570c0352f683c1a4d0950fec_ITA-126.png,/home/marsi/TFM/data/gen/SD_E2_HOPE/v1_8000/8fd1f229570c0352f683c1a4d0950fec_ITA-126.png,284,284,,1,melanoma,,,,train,3,1,0,,,,,,,,,,,,,,,9266780134366746478,,1207.0253026485443,6c67fbbcc31bc40f34a54df20db79e51,
Synth,90f0ed0066c1a3b12d2bef266d49b164_ITA6.png,/home/marsi/TFM/data/gen/SD_E2_HOPE/v1_8000/90f0ed0066c1a3b12d2bef266d49b164_ITA6.png,284,284,,1,melanoma,,,,train,3,1,0,,,,,,,,,,,,,,,16737510609570183279,,387.61645375192165,873c4b8d02bc40a8e58747b55cb7aaf8,
Synth,910813b84ffc3f7f1c9df20f33019c96_ITA-60.png,/home/marsi/TFM/data/gen/SD_E2_HOPE/v1_8000/910813b84ffc3f7f1c9df20f33019c96_ITA-60.png,284,284,,1,melanoma,,,,train,3,1,0,,,,,,,,,,,,,,,13339599288517210320,,4697.484091099352,e9f96eee8d6f5257580f4e4d0fd1c9a5,
Synth,91ad224dc056da5bfd8cd083eef5f518_ITA-102.png,/home/marsi/TFM/data/gen/SD_E2_HOPE/v1_8000/91ad224dc056da5bfd8cd083eef5f518_ITA-102.png,284,284,,1,melanoma,,,,train,3,1,0,,,,,,,,,,,,,,,18357379949785062202,,1932.923814650625,ffece217a55029594bb349ed1ce3cba2,
Synth,91c26f22da7c1a9c807ec86f7a6d0931_ITA-55.png,/home/marsi/TFM/data/gen/SD_E2_HOPE/v1_8000/91c26f22da7c1a9c807ec86f7a6d0931_ITA-55.png,284,284,,1,melanoma,,,,train,3,1,0,,,,,,,,,,,,,,,16215093035473269564,,952.1934814453124,0af77c2b5588ee07ea34285de46ef1cc,
Synth,91c51be6bd4e48c04c36e2092d6fa4b5_ITA-141.png,/home/marsi/TFM/data/gen/SD_E2_HOPE/v1_8000/91c51be6bd4e48c04c36e2092d6fa4b5_ITA-141.png,284,284,,1,melanoma,,,,train,3,1,0,,,,,,,,,,,,,,,15858143298152323940,,3419.9144661277533,c8b7bdaa3ee692c95ff46d9ce92bc830,
Synth,925d8e573984e846313b41c6d1051cb0_ITA-94.png,/home/marsi/TFM/data/gen/SD_E2_HOPE/v1_8000/925d8e573984e846313b41c6d1051cb0_ITA-94.png,284,284,,1,melanoma,,,,train,3,1,0,,,,,,,,,,,,,,,13069678198489249097,,722.5639328360558,3875814f0878c3b00fb1b5ec21927993,
Synth,92a83800a0681eaf5a9058b5e6f99665_ITA-100.png,/home/marsi/TFM/data/gen/SD_E2_HOPE/v1_8000/92a83800a0681eaf5a9058b5e6f99665_ITA-100.png,284,284,,1,melanoma,,,,train,3,1,0,,,,,,,,,,,,,,,18028337358205889849,,1066.0888372510672,d8ed920f1e8136a8e32812391c36fc27,
Synth,9327edc9fd59a3800e33a39317f9f3e7_ITA-146.png,/home/marsi/TFM/data/gen/SD_E2_HOPE/v1_8000/9327edc9fd59a3800e33a39317f9f3e7_ITA-146.png,284,284,,1,melanoma,,,,train,3,1,0,,,,,,,,,,,,,,,10462228957384334389,,2668.330471097492,a56ee6b7383a429d7dceee85203b4b21,
Synth,93d977aab465528ff414fb8054fcfa12_ITA-102.png,/home/marsi/TFM/data/gen/SD_E2_HOPE/v1_8000/93d977aab465528ff414fb8054fcfa12_ITA-102.png,284,284,,1,melanoma,,,,train,3,1,0,,,,,,,,,,,,,,,17251249545542474381,,1719.8391439681873,76c371a3e0f72b0b971caaa7604d375a,
Synth,95a760e6ce17312edb03665553216301_ITA-129.png,/home/marsi/TFM/data/gen/SD_E2_HOPE/v1_8000/95a760e6ce17312edb03665553216301_ITA-129.png,284,284,,1,melanoma,,,,train,3,1,0,,,,,,,,,,,,,,,12783069087246342950,,2498.3038143515587,97ee5638be8fe18ada1a53f8831a1d29,
Synth,9610867ee9789d19eed3e2bb8893ceed_ITA-63.png,/home/marsi/TFM/data/gen/SD_E2_HOPE/v1_8000/9610867ee9789d19eed3e2bb8893ceed_ITA-63.png,284,284,,1,melanoma,,,,train,3,1,0,,,,,,,,,,,,,,,17036486054100736689,,1023.003916724585,451c1ad3104008705fab7371dad891f7,
Synth,968e635b69b4fd39cde7cab58941ee9b_ITA-105.png,/home/marsi/TFM/data/gen/SD_E2_HOPE/v1_8000/968e635b69b4fd39cde7cab58941ee9b_ITA-105.png,284,284,,1,melanoma,,,,train,3,1,0,,,,,,,,,,,,,,,17326622972829327724,,595.1985482536256,08da74dafee2242d19ddc765bd1002be,
Synth,9863655355d72b10730821f3935cfc6e_ITA-85.png,/home/marsi/TFM/data/gen/SD_E2_HOPE/v1_8000/9863655355d72b10730821f3935cfc6e_ITA-85.png,284,284,,1,melanoma,,,,train,3,1,0,,,,,,,,,,,,,,,16676196681705471129,,1534.324434723705,79b21b2eda902da1d2a70fb41594fdf3,
Synth,987944b44a0b3dd94442248633445154_ITA-106.png,/home/marsi/TFM/data/gen/SD_E2_HOPE/v1_8000/987944b44a0b3dd94442248633445154_ITA-106.png,284,284,,1,melanoma,,,,train,3,1,0,,,,,,,,,,,,,,,16434621986513641583,,3058.1782788699493,a63651b4d28c4a9cbfc3d6cc4fc23ca9,
Synth,9a0cf23f358d9974314a55ca2be39430_ITA-170.png,/home/marsi/TFM/data/gen/SD_E2_HOPE/v1_8000/9a0cf23f358d9974314a55ca2be39430_ITA-170.png,284,284,,1,melanoma,,,,train,3,1,0,,,,,,,,,,,,,,,13916427131401358317,,1878.7670863410456,861a45d6f0494c5e0ef38c76bdb07d6e,
Synth,9a84d41d99a36b3ecd4db78a92b6667b_ITA-172.png,/home/marsi/TFM/data/gen/SD_E2_HOPE/v1_8000/9a84d41d99a36b3ecd4db78a92b6667b_ITA-172.png,284,284,,1,melanoma,,,,train,3,1,0,,,,,,,,,,,,,,,9737687504400561275,,2296.387536700815,ed2ee75668f71ce48e8d724349d68f4a,
Synth,9b64df3fb01cb6fc8dac122039bedfdb_ITA-3.png,/home/marsi/TFM/data/gen/SD_E2_HOPE/v1_8000/9b64df3fb01cb6fc8dac122039bedfdb_ITA-3.png,284,284,,1,melanoma,,,,train,3,1,0,,,,,,,,,,,,,,,16223820523880932682,,541.4166270112619,f4dc725fd267f02db88d2e3fbf21e3c8,
Synth,9f2874b9b849b2df854352f480520631_ITA-52.png,/home/marsi/TFM/data/gen/SD_E2_HOPE/v1_8000/9f2874b9b849b2df854352f480520631_ITA-52.png,284,284,,1,melanoma,,,,train,3,1,0,,,,,,,,,,,,,,,17036437016396149145,,922.6501910379156,2466e80e26e6dc853bc6f623aee80bec,
Synth,a02631722a68cae4eaeb5a363666e4a3_ITA-156.png,/home/marsi/TFM/data/gen/SD_E2_HOPE/v1_8000/a02631722a68cae4eaeb5a363666e4a3_ITA-156.png,284,284,,1,melanoma,,,,train,3,1,0,,,,,,,,,,,,,,,16524651622256746853,,2174.3370121382177,6ec938098234f1c2ee4b5fde27e79555,
Synth,a09f3802aa2bdce5d3fe645d0e2bd806_ITA-165.png,/home/marsi/TFM/data/gen/SD_E2_HOPE/v1_8000/a09f3802aa2bdce5d3fe645d0e2bd806_ITA-165.png,284,284,,1,melanoma,,,,train,3,1,0,,,,,,,,,,,,,,,14343433557453746382,,3563.331526394933,47e678db93cfeac105f16718af4a0139,
Synth,a155e53a067752efaecb93826d7725f7_ITA-128.png,/home/marsi/TFM/data/gen/SD_E2_HOPE/v1_8000/a155e53a067752efaecb93826d7725f7_ITA-128.png,284,284,,1,melanoma,,,,train,3,1,0,,,,,,,,,,,,,,,16695138536912592876,,2413.5745475254957,546f76ee54c466a15fad6ea7b09ba3cb,
Synth,a172cb5dbf88877510fc1149deacec24_ITA-65.png,/home/marsi/TFM/data/gen/SD_E2_HOPE/v1_8000/a172cb5dbf88877510fc1149deacec24_ITA-65.png,284,284,,1,melanoma,,,,train,3,1,0,,,,,,,,,,,,,,,16514349845752541583,,673.6196491187438,41e128308cb4b87f8027492f7f819b30,
Synth,a195fb7d6be88ca5f165494f8fd76f68_ITA-171.png,/home/marsi/TFM/data/gen/SD_E2_HOPE/v1_8000/a195fb7d6be88ca5f165494f8fd76f68_ITA-171.png,284,284,,1,melanoma,,,,train,3,1,0,,,,,,,,,,,,,,,14209829677716521966,,3452.3167104125023,ebf4d79e9299d1aa2d72cc4029ae6626,
Synth,a21e5cd66a9197f14f2294440816d3e5_ITA-75.png,/home/marsi/TFM/data/gen/SD_E2_HOPE/v1_8000/a21e5cd66a9197f14f2294440816d3e5_ITA-75.png,284,284,,1,melanoma,,,,train,3,1,0,,,,,,,,,,,,,,,13648651882352270863,,892.5206218622625,8a3247bc4c0e36c702933970638a0d8f,
Synth,a284e25347cee4071db81aac10aa8c50_ITA-104.png,/home/marsi/TFM/data/gen/SD_E2_HOPE/v1_8000/a284e25347cee4071db81aac10aa8c50_ITA-104.png,284,284,,1,melanoma,,,,train,3,1,0,,,,,,,,,,,,,,,12493496327559845505,,1908.6040861867368,c5a365ff1da263e35fb0b9104e14d89b,
Synth,a2a0ef22a4e32c71db759b0d2e3ffdc4_ITA-119.png,/home/marsi/TFM/data/gen/SD_E2_HOPE/v1_8000/a2a0ef22a4e32c71db759b0d2e3ffdc4_ITA-119.png,284,284,,1,melanoma,,,,train,3,1,0,,,,,,,,,,,,,,,12996491388823149246,,1036.2667798986658,4c98f5daf445da1605c3b39eb80c740a,
Synth,a31ebdbdafb139eda3fa9a468005f6f1_ITA-163.png,/home/marsi/TFM/data/gen/SD_E2_HOPE/v1_8000/a31ebdbdafb139eda3fa9a468005f6f1_ITA-163.png,284,284,,1,melanoma,,,,train,3,1,0,,,,,,,,,,,,,,,9518175191801229156,,1697.6496844505891,553e4322456d0e0b3bb57e715d874705,
Synth,a415ab4805c247289c5f2285deb1ce29_ITA-151.png,/home/marsi/TFM/data/gen/SD_E2_HOPE/v1_8000/a415ab4805c247289c5f2285deb1ce29_ITA-151.png,284,284,,1,melanoma,,,,train,3,1,0,,,,,,,,,,,,,,,10471270035336894799,,3457.081222400069,e0dd0617cd3b4cd5b43ad1e87b8c62d9,
Synth,a422fdfeedd658f6d793eae8c2ce6c94_ITA-156.png,/home/marsi/TFM/data/gen/SD_E2_HOPE/v1_8000/a422fdfeedd658f6d793eae8c2ce6c94_ITA-156.png,284,284,,1,melanoma,,,,train,3,1,0,,,,,,,,,,,,,,,10643831953899852604,,3941.749418965541,1752f5fff87b02766cd88f87c97fe229,
Synth,a486862aa94370ef9b21cddd1b51577f_ITA-110.png,/home/marsi/TFM/data/gen/SD_E2_HOPE/v1_8000/a486862aa94370ef9b21cddd1b51577f_ITA-110.png,284,284,,1,melanoma,,,,train,3,1,0,,,,,,,,,,,,,,,16530135431661703521,,593.0692195296288,d6bdf994aa5a6c68155c87ea229fcc27,
Synth,a48d8061fa161ac978e4506b5349ccdd_ITA-29.png,/home/marsi/TFM/data/gen/SD_E2_HOPE/v1_8000/a48d8061fa161ac978e4506b5349ccdd_ITA-29.png,284,284,,1,melanoma,,,,train,3,1,0,,,,,,,,,,,,,,,17026302131848295021,,1276.831969257444,0b0f69da07e0dd42e64ff5383cf5a163,
Synth,a51f57cda20574073be489b6842450a5_ITA-82.png,/home/marsi/TFM/data/gen/SD_E2_HOPE/v1_8000/a51f57cda20574073be489b6842450a5_ITA-82.png,284,284,,1,melanoma,,,,train,3,1,0,,,,,,,,,,,,,,,17090269439628543806,,977.0170162310824,81998e20c11abf62f1ad3bb0e3c95aeb,
Synth,a538312e80d4feb000dbd1346370c484_ITA-108.png,/home/marsi/TFM/data/gen/SD_E2_HOPE/v1_8000/a538312e80d4feb000dbd1346370c484_ITA-108.png,284,284,,1,melanoma,,,,train,3,1,0,,,,,,,,,,,,,,,13969071424564182473,,2750.489650978707,aed608e1802bcf5c65bd124c7578bc41,
Synth,a750d5f1b9e36fb2b5837ba568f7f64e_ITA-48.png,/home/marsi/TFM/data/gen/SD_E2_HOPE/v1_8000/a750d5f1b9e36fb2b5837ba568f7f64e_ITA-48.png,284,284,,1,melanoma,,,,train,3,1,0,,,,,,,,,,,,,,,9597123081915801206,,961.472289687954,421e17f81d1996952105a7bd6ae5fe22,
Synth,a85688d037ccc812bc732c9ec89d0a88_ITA-54.png,/home/marsi/TFM/data/gen/SD_E2_HOPE/v1_8000/a85688d037ccc812bc732c9ec89d0a88_ITA-54.png,284,284,,1,melanoma,,,,train,3,1,0,,,,,,,,,,,,,,,18107778540049152339,,551.0074601760134,d58f13c9a97a47aebec8342673eb81bd,
Synth,a8abf38c95d0508d0107e4ad817af4cf_ITA-43.png,/home/marsi/TFM/data/gen/SD_E2_HOPE/v1_8000/a8abf38c95d0508d0107e4ad817af4cf_ITA-43.png,284,284,,1,melanoma,,,,train,3,1,0,,,,,,,,,,,,,,,13708816875346660809,,449.1585934897885,310c83e1c0fbe83af74ca92c3fc03cde,
Synth,a9ae2435fb0cf2389e581c873bfef2ab_ITA-55.png,/home/marsi/TFM/data/gen/SD_E2_HOPE/v1_8000/a9ae2435fb0cf2389e581c873bfef2ab_ITA-55.png,284,284,,1,melanoma,,,,train,3,1,0,,,,,,,,,,,,,,,10465879384050046961,,3526.7775259017944,1e1a5fed9cefb936d0b8965c490d2360,
Synth,abb7f9cbdcb13f722495d4d85851f0bb_ITA-31.png,/home/marsi/TFM/data/gen/SD_E2_HOPE/v1_8000/abb7f9cbdcb13f722495d4d85851f0bb_ITA-31.png,284,284,,1,melanoma,,,,train,3,1,0,,,,,,,,,,,,,,,13777006888155356969,,534.6316575072706,2be1efe6bb0942f48c6b2961da3bfef4,
Synth,ae0e9302c44f952ce5ef347cc94b36e8_ITA-112.png,/home/marsi/TFM/data/gen/SD_E2_HOPE/v1_8000/ae0e9302c44f952ce5ef347cc94b36e8_ITA-112.png,284,284,,1,melanoma,,,,train,3,1,0,,,,,,,,,,,,,,,13058759713202555727,,2245.181686546653,6c663d4a8272d8e8725acf3f7187e803,
Synth,aed36f33de6c59aa87dd8826c00e58b6_ITA-100.png,/home/marsi/TFM/data/gen/SD_E2_HOPE/v1_8000/aed36f33de6c59aa87dd8826c00e58b6_ITA-100.png,284,284,,1,melanoma,,,,train,3,1,0,,,,,,,,,,,,,,,11624868419270360757,,1509.1275352006778,58768603d25cd2e697bb274451d436ff,
Synth,af85085c6aa3e45818caef755f095333_ITA-29.png,/home/marsi/TFM/data/gen/SD_E2_HOPE/v1_8000/af85085c6aa3e45818caef755f095333_ITA-29.png,284,284,,1,melanoma,,,,train,3,1,0,,,,,,,,,,,,,,,12765615383359508150,,1243.4839949011805,94aade6eaabde06e9ba17b8c8d0a5f5f,
Synth,afcde7b0ee41fc9ace50ade2a5f46660_ITA-72.png,/home/marsi/TFM/data/gen/SD_E2_HOPE/v1_8000/afcde7b0ee41fc9ace50ade2a5f46660_ITA-72.png,284,284,,1,melanoma,,,,train,3,1,0,,,,,,,,,,,,,,,12568632387302322319,,787.6607084190473,1b0faef1f8fed27685af4e0730fde986,
Synth,b05b574e4269ff8d3a4a68800fa118c2_ITA-33.png,/home/marsi/TFM/data/gen/SD_E2_HOPE/v1_8000/b05b574e4269ff8d3a4a68800fa118c2_ITA-33.png,284,284,,1,melanoma,,,,train,3,1,0,,,,,,,,,,,,,,,12067624070025842139,,876.793567485176,f3ac71eb3406df3306029448273acdab,
Synth,b089c76ca4c1c6adb93183bf2a045c9f_ITA-57.png,/home/marsi/TFM/data/gen/SD_E2_HOPE/v1_8000/b089c76ca4c1c6adb93183bf2a045c9f_ITA-57.png,284,284,,1,melanoma,,,,train,3,1,0,,,,,,,,,,,,,,,13344661632815754383,,893.8609204953536,e06adfc52b6ed8d13acfa6f6275ff1ec,
Synth,b0d99ac178bec42befec491ada840b99_ITA-79.png,/home/marsi/TFM/data/gen/SD_E2_HOPE/v1_8000/b0d99ac178bec42befec491ada840b99_ITA-79.png,284,284,,1,melanoma,,,,train,3,1,0,,,,,,,,,,,,,,,13777006902666846492,,655.2440548986197,fba61041db561b7b9b763d3dbe6d57d1,
Synth,b1873725559b135121873601f02590a0_ITA-142.png,/home/marsi/TFM/data/gen/SD_E2_HOPE/v1_8000/b1873725559b135121873601f02590a0_ITA-142.png,284,284,,1,melanoma,,,,train,3,1,0,,,,,,,,,,,,,,,10532626077951139314,,2284.8961343234405,e4c161aa1f83e13560119f8e253a1868,
Synth,b20a627a118c34c6b072bea1e62641ed_ITA-58.png,/home/marsi/TFM/data/gen/SD_E2_HOPE/v1_8000/b20a627a118c34c6b072bea1e62641ed_ITA-58.png,284,284,,1,melanoma,,,,train,3,1,0,,,,,,,,,,,,,,,12337282346834808454,,689.9480519145727,fb9e82724d9abb3417e4a6961b4f46f9,
Synth,b3c627331165e690303d8b4b3023445c_ITA-52.png,/home/marsi/TFM/data/gen/SD_E2_HOPE/v1_8000/b3c627331165e690303d8b4b3023445c_ITA-52.png,284,284,,1,melanoma,,,,train,3,1,0,,,,,,,,,,,,,,,16686559442441204176,,1499.9528098665178,4e7a3ecfc0876c70ff80807ccdab8e30,
Synth,b3d4ba56ef0048ed12c458800296f32e_ITA-82.png,/home/marsi/TFM/data/gen/SD_E2_HOPE/v1_8000/b3d4ba56ef0048ed12c458800296f32e_ITA-82.png,284,284,,1,melanoma,,,,train,3,1,0,,,,,,,,,,,,,,,13770835468465739917,,1253.5631524464116,ea75acb5eda9d0fe2de9acded5d5ab2c,
Synth,b46c9ec573a11a0b90fb9c3e72083145_ITA-173.png,/home/marsi/TFM/data/gen/SD_E2_HOPE/v1_8000/b46c9ec573a11a0b90fb9c3e72083145_ITA-173.png,284,284,,1,melanoma,,,,train,3,1,0,,,,,,,,,,,,,,,14283281597536744905,,2201.0974748134613,562afb1dc0f6c5b603ec25cfe06793b8,
Synth,b49b2e1671c500502e8bc936c48ce15f_ITA-93.png,/home/marsi/TFM/data/gen/SD_E2_HOPE/v1_8000/b49b2e1671c500502e8bc936c48ce15f_ITA-93.png,284,284,,1,melanoma,,,,train,3,1,0,,,,,,,,,,,,,,,13117780604700442964,,1195.615664422512,deb4de54de1fec5c1934ccf9dc0e5e68,
Synth,b4c827141fedbbbbb58a78e12664630c_ITA-45.png,/home/marsi/TFM/data/gen/SD_E2_HOPE/v1_8000/b4c827141fedbbbbb58a78e12664630c_ITA-45.png,284,284,,1,melanoma,,,,train,3,1,0,,,,,,,,,,,,,,,17310310715714456973,,834.0112270852551,1eb2f7580ae6b3d07799e5ee195daac8,
Synth,b55eb6a3ff7b526b9450f24b7ec1847f_ITA-61.png,/home/marsi/TFM/data/gen/SD_E2_HOPE/v1_8000/b55eb6a3ff7b526b9450f24b7ec1847f_ITA-61.png,284,284,,1,melanoma,,,,train,3,1,0,,,,,,,,,,,,,,,18037973272995325003,,609.4406630843878,b4ba87c7e9e0aa285ced8a0fc973ddd6,
Synth,b6778a98b4bbe95c419c3232d45c51af_ITA-103.png,/home/marsi/TFM/data/gen/SD_E2_HOPE/v1_8000/b6778a98b4bbe95c419c3232d45c51af_ITA-103.png,284,284,,1,melanoma,,,,train,3,1,0,,,,,,,,,,,,,,,18316918368585044810,,781.7663320591673,6080ea0062fae401d72012edebea5116,
Synth,b714a57e21a3495f16f652e52c29718b_ITA-47.png,/home/marsi/TFM/data/gen/SD_E2_HOPE/v1_8000/b714a57e21a3495f16f652e52c29718b_ITA-47.png,284,284,,1,melanoma,,,,train,3,1,0,,,,,,,,,,,,,,,14143419787433286639,,1927.7159859379756,dc8518856ab18c6cade9cafbf43c0d59,
Synth,b75674f88cda34e4853ab60e09be181a_ITA-76.png,/home/marsi/TFM/data/gen/SD_E2_HOPE/v1_8000/b75674f88cda34e4853ab60e09be181a_ITA-76.png,284,284,,1,melanoma,,,,train,3,1,0,,,,,,,,,,,,,,,10764110639014036790,,1402.954910542816,1defb76408a5f3c3920004c5876a15cf,
Synth,b7780ad1dbce13b09ed7275adc02513c_ITA-131.png,/home/marsi/TFM/data/gen/SD_E2_HOPE/v1_8000/b7780ad1dbce13b09ed7275adc02513c_ITA-131.png,284,284,,1,melanoma,,,,train,3,1,0,,,,,,,,,,,,,,,17380128511955133490,,1057.4737715264782,13c832b68172067b38cd682886cd32bb,
Synth,b92a431134797d5b010da3544ab46cd4_ITA-146.png,/home/marsi/TFM/data/gen/SD_E2_HOPE/v1_8000/b92a431134797d5b010da3544ab46cd4_ITA-146.png,284,284,,1,melanoma,,,,train,3,1,0,,,,,,,,,,,,,,,12197116295473678983,,2394.5832438757643,ca168dc6735ca874edd3f252203f6eb8,
Synth,b9337a9dd62e5fc8e1cacaa2775834d5_ITA-135.png,/home/marsi/TFM/data/gen/SD_E2_HOPE/v1_8000/b9337a9dd62e5fc8e1cacaa2775834d5_ITA-135.png,284,284,,1,melanoma,,,,train,3,1,0,,,,,,,,,,,,,,,10995893072603281132,,5150.111099597067,d7613f3c2df978cd77ac76352f1e7ff8,
Synth,bab0252bca6d92741e47d9f479231fc5_ITA-67.png,/home/marsi/TFM/data/gen/SD_E2_HOPE/v1_8000/bab0252bca6d92741e47d9f479231fc5_ITA-67.png,284,284,,1,melanoma,,,,train,3,1,0,,,,,,,,,,,,,,,12697571780719368847,,675.2785513466224,1cf94fd4946f34c192b7e1d865b8c625,
Synth,bb2af04050583c9f1e5fd791e18da9fd_ITA-122.png,/home/marsi/TFM/data/gen/SD_E2_HOPE/v1_8000/bb2af04050583c9f1e5fd791e18da9fd_ITA-122.png,284,284,,1,melanoma,,,,train,3,1,0,,,,,,,,,,,,,,,13034432275441095897,,955.041365608573,fe9aa20f31ac512303097198981042b1,
Synth,bb7d52bb48e9981ff9d29276a15205fe_ITA-92.png,/home/marsi/TFM/data/gen/SD_E2_HOPE/v1_8000/bb7d52bb48e9981ff9d29276a15205fe_ITA-92.png,284,284,,1,melanoma,,,,train,3,1,0,,,,,,,,,,,,,,,17873810498049368179,,905.631861910224,a33aae76c6a07e8f035563456b1a7c84,
Synth,bc28b17719fa270dd9016aab00cb072d_ITA-94.png,/home/marsi/TFM/data/gen/SD_E2_HOPE/v1_8000/bc28b17719fa270dd9016aab00cb072d_ITA-94.png,284,284,,1,melanoma,,,,train,3,1,0,,,,,,,,,,,,,,,16886952335352543319,,634.2391744023189,a4e13d95e3f6257a4825bf9466319c2b,
Synth,bc4a46f99d27f5111358b14ff01e9bf0_ITA-82.png,/home/marsi/TFM/data/gen/SD_E2_HOPE/v1_8000/bc4a46f99d27f5111358b14ff01e9bf0_ITA-82.png,284,284,,1,melanoma,,,,train,3,1,0,,,,,,,,,,,,,,,13650641427188638852,,345.983338101767,5f7912efccd9978a2e1580bb74b8556a,
Synth,bde3a93311dcc3c810740ec6e68bccd4_ITA-51.png,/home/marsi/TFM/data/gen/SD_E2_HOPE/v1_8000/bde3a93311dcc3c810740ec6e68bccd4_ITA-51.png,284,284,,1,melanoma,,,,train,3,1,0,,,,,,,,,,,,,,,12400544384774065671,,1168.8411174332723,433badaad34f77f54e1d88e1771af2be,
Synth,bf79e55b81d4ac0a47318426462a2853_ITA-100.png,/home/marsi/TFM/data/gen/SD_E2_HOPE/v1_8000/bf79e55b81d4ac0a47318426462a2853_ITA-100.png,284,284,,1,melanoma,,,,train,3,1,0,,,,,,,,,,,,,,,17232320536246350047,,809.9993678992614,833ab23c454a9cbecd607e551d079d63,
Synth,c1b8bc1b3821ffdcd4bfec9a37d6ea00_ITA-69.png,/home/marsi/TFM/data/gen/SD_E2_HOPE/v1_8000/c1b8bc1b3821ffdcd4bfec9a37d6ea00_ITA-69.png,284,284,,1,melanoma,,,,train,3,1,0,,,,,,,,,,,,,,,16440906872283345179,,557.1810564761981,5dfedb3941d75654a18637036ba7d7b1,
Synth,c1d69880ccfc4ba6949a0701c8e39377_ITA-92.png,/home/marsi/TFM/data/gen/SD_E2_HOPE/v1_8000/c1d69880ccfc4ba6949a0701c8e39377_ITA-92.png,284,284,,1,melanoma,,,,train,3,1,0,,,,,,,,,,,,,,,13777587006656927297,,1792.7271923422811,334c0df80c0ed5c07fdb5b19448ad4da,
Synth,c282a73115cb0a8d19dc3810a09630eb_ITA-169.png,/home/marsi/TFM/data/gen/SD_E2_HOPE/v1_8000/c282a73115cb0a8d19dc3810a09630eb_ITA-169.png,284,284,,1,melanoma,,,,train,3,1,0,,,,,,,,,,,,,,,13000442054158541773,,1579.184248550795,4fa22b54e78f660e126f26880f22f24f,
Synth,c36798739dc97eb0343d7a0a0b844897_ITA-163.png,/home/marsi/TFM/data/gen/SD_E2_HOPE/v1_8000/c36798739dc97eb0343d7a0a0b844897_ITA-163.png,284,284,,1,melanoma,,,,train,3,1,0,,,,,,,,,,,,,,,9313192122413968441,,2014.6739308899269,58ab3a7c613caecbecc15cb705564818,
Synth,c395af1ed271b1126e9d3c87bf62d518_ITA-93.png,/home/marsi/TFM/data/gen/SD_E2_HOPE/v1_8000/c395af1ed271b1126e9d3c87bf62d518_ITA-93.png,284,284,,1,melanoma,,,,train,3,1,0,,,,,,,,,,,,,,,12673626428690827934,,418.5669381683692,9b378d8a9ffef292970e72c39e065cf1,
Synth,c4627fe566aa1d02ce2500e4419238ab_ITA-64.png,/home/marsi/TFM/data/gen/SD_E2_HOPE/v1_8000/c4627fe566aa1d02ce2500e4419238ab_ITA-64.png,284,284,,1,melanoma,,,,train,3,1,0,,,,,,,,,,,,,,,13129897135277226312,,639.3445260375738,7ba536da0a4b3ee6e1f09b3d8526cb73,
Synth,c4a25af4f0a308c1a994c8a01f957452_ITA-95.png,/home/marsi/TFM/data/gen/SD_E2_HOPE/v1_8000/c4a25af4f0a308c1a994c8a01f957452_ITA-95.png,284,284,,1,melanoma,,,,train,3,1,0,,,,,,,,,,,,,,,12837939076448331565,,671.2847982905805,ae56225e9d5096457b1ecd51252eb7cb,
Synth,c4eabc8cc1c33f6bd0cdc2f388a76faa_ITA-20.png,/home/marsi/TFM/data/gen/SD_E2_HOPE/v1_8000/c4eabc8cc1c33f6bd0cdc2f388a76faa_ITA-20.png,284,284,,1,melanoma,,,,train,3,1,0,,,,,,,,,,,,,,,18046699488022446170,,1728.0067366212606,8d7286c994f94fcb2256c5a21b91d4bb,
Synth,c5dbc41b1f31f16f6f8cfed673b745d0_ITA-74.png,/home/marsi/TFM/data/gen/SD_E2_HOPE/v1_8000/c5dbc41b1f31f16f6f8cfed673b745d0_ITA-74.png,284,284,,1,melanoma,,,,train,3,1,0,,,,,,,,,,,,,,,10381491273522158958,,1621.5205043405294,92d49d5fb0d07408ff08980485140fd5,
Synth,c78ba5bf0a1fe5bb4d7d3c4db0d2fd10_ITA-52.png,/home/marsi/TFM/data/gen/SD_E2_HOPE/v1_8000/c78ba5bf0a1fe5bb4d7d3c4db0d2fd10_ITA-52.png,284,284,,1,melanoma,,,,train,3,1,0,,,,,,,,,,,,,,,16877105190871387037,,677.2781324675307,3ee0bd3eeaaa5c907a99013b73ed945e,
Synth,c7aee17323b108f9f6619a805e25a2d6_ITA-127.png,/home/marsi/TFM/data/gen/SD_E2_HOPE/v1_8000/c7aee17323b108f9f6619a805e25a2d6_ITA-127.png,284,284,,1,melanoma,,,,train,3,1,0,,,,,,,,,,,,,,,16874026474412397030,,4202.096654560417,128225f3fc8b866d4240a1c6759524d4,
Synth,c89b4f473dda5de4ba9ea91d4d8ae5cf_ITA-30.png,/home/marsi/TFM/data/gen/SD_E2_HOPE/v1_8000/c89b4f473dda5de4ba9ea91d4d8ae5cf_ITA-30.png,284,284,,1,melanoma,,,,train,3,1,0,,,,,,,,,,,,,,,12483013635177588081,,417.1060199728236,027c005d7f99b831ed8a8c217240d2ba,
Synth,c9cd5327d9a9b3012a51120cf95bc079_ITA-22.png,/home/marsi/TFM/data/gen/SD_E2_HOPE/v1_8000/c9cd5327d9a9b3012a51120cf95bc079_ITA-22.png,284,284,,1,melanoma,,,,train,3,1,0,,,,,,,,,,,,,,,17467439403211715424,,596.2904450660571,4f1ace0dee7dfc8ad3c9fb3541cc3bd7,
Synth,cab088b049102629d922d4855b4c8e09_ITA-36.png,/home/marsi/TFM/data/gen/SD_E2_HOPE/v1_8000/cab088b049102629d922d4855b4c8e09_ITA-36.png,284,284,,1,melanoma,,,,train,3,1,0,,,,,,,,,,,,,,,13202233863526370364,,718.3288306808099,e80261a2e348d5a788a255daf76b873b,
Synth,cab35d696b1cac1216d688c25f413146_ITA-106.png,/home/marsi/TFM/data/gen/SD_E2_HOPE/v1_8000/cab35d696b1cac1216d688c25f413146_ITA-106.png,284,284,,1,melanoma,,,,train,3,1,0,,,,,,,,,,,,,,,14215953586954180668,,1660.3947833143177,c278e4198ef24363590b1dfa81a60e38,
Synth,cb4f3420d4f488db0a01d898fab17899_ITA-163.png,/home/marsi/TFM/data/gen/SD_E2_HOPE/v1_8000/cb4f3420d4f488db0a01d898fab17899_ITA-163.png,284,284,,1,melanoma,,,,train,3,1,0,,,,,,,,,,,,,,,14271125021626148822,,1755.5440086638555,88b731c9377de5c8a34dfe08a3a55271,
Synth,cbfef7102fd00332affa55779b53f8ad_ITA-80.png,/home/marsi/TFM/data/gen/SD_E2_HOPE/v1_8000/cbfef7102fd00332affa55779b53f8ad_ITA-80.png,284,284,,1,melanoma,,,,train,3,1,0,,,,,,,,,,,,,,,15148928013631760099,,2567.995731494389,7ed2b17e8f834687b62d7b69060b189b,
Synth,ccd450835d448be6268b29841e00dd92_ITA-47.png,/home/marsi/TFM/data/gen/SD_E2_HOPE/v1_8000/ccd450835d448be6268b29841e00dd92_ITA-47.png,284,284,,1,melanoma,,,,train,3,1,0,,,,,,,,,,,,,,,13777568889692232094,,331.30061328038573,cc0e4a747add98334e85b532c112778e,
Synth,cd6cd629da9c8322a915e0c457902f05_ITA-85.png,/home/marsi/TFM/data/gen/SD_E2_HOPE/v1_8000/cd6cd629da9c8322a915e0c457902f05_ITA-85.png,284,284,,1,melanoma,,,,train,3,1,0,,,,,,,,,,,,,,,13447116683787598435,,8734.507240994832,6e7f3641bbe34a16c812634740a7c2c2,
Synth,ce6deba785a93bc8653dd6d7cadb3d67_ITA-28.png,/home/marsi/TFM/data/gen/SD_E2_HOPE/v1_8000/ce6deba785a93bc8653dd6d7cadb3d67_ITA-28.png,284,284,,1,melanoma,,,,train,3,1,0,,,,,,,,,,,,,,,13575188010941118448,,506.9133374541998,4b420f1570a21f418fc3d506b1300a11,
Synth,cf04f6d0441a390bb08e0cdcb107670a_ITA-78.png,/home/marsi/TFM/data/gen/SD_E2_HOPE/v1_8000/cf04f6d0441a390bb08e0cdcb107670a_ITA-78.png,284,284,,1,melanoma,,,,train,3,1,0,,,,,,,,,,,,,,,11632728100594143599,,535.2508592000231,741a6930b12b4f407627b424ea4123eb,
Synth,d1f3550778e2129e0f1c7df6919f5ceb_ITA-94.png,/home/marsi/TFM/data/gen/SD_E2_HOPE/v1_8000/d1f3550778e2129e0f1c7df6919f5ceb_ITA-94.png,284,284,,1,melanoma,,,,train,3,1,0,,,,,,,,,,,,,,,16838261171661303864,,766.9217214584351,e2160512d6415ffd6b0d7fb534ac46a0,
Synth,d2a999db851024160358031c93fa7eaf_ITA-19.png,/home/marsi/TFM/data/gen/SD_E2_HOPE/v1_8000/d2a999db851024160358031c93fa7eaf_ITA-19.png,284,284,,1,melanoma,,,,train,3,1,0,,,,,,,,,,,,,,,12988317434904986841,,1062.1434288984165,171cf5a245588babe0b4e0b7c4badec0,
Synth,d2f8ab5ddf55706f6425803015294236_ITA-157.png,/home/marsi/TFM/data/gen/SD_E2_HOPE/v1_8000/d2f8ab5ddf55706f6425803015294236_ITA-157.png,284,284,,1,melanoma,,,,train,3,1,0,,,,,,,,,,,,,,,9252386972154547547,,1712.7566197281703,8b1ab99718d6247ae90365fbfef569ea,
Synth,d34e7297d6ed75d6592de871eb3a54c1_ITA-92.png,/home/marsi/TFM/data/gen/SD_E2_HOPE/v1_8000/d34e7297d6ed75d6592de871eb3a54c1_ITA-92.png,284,284,,1,melanoma,,,,train,3,1,0,,,,,,,,,,,,,,,12566047007049508025,,870.6155395507812,e1a2055154f626ab986fc56dad1aa013,
Synth,d47ac5073e1d42d8e95d6b8a44d0f010_ITA-43.png,/home/marsi/TFM/data/gen/SD_E2_HOPE/v1_8000/d47ac5073e1d42d8e95d6b8a44d0f010_ITA-43.png,284,284,,1,melanoma,,,,train,3,1,0,,,,,,,,,,,,,,,17184276608787434316,,960.4101566439494,6fd2ab255bc6b71ef22b8bc760f54786,
Synth,d573091f5c74ba8bf33f1307ba231208_ITA-25.png,/home/marsi/TFM/data/gen/SD_E2_HOPE/v1_8000/d573091f5c74ba8bf33f1307ba231208_ITA-25.png,284,284,,1,melanoma,,,,train,3,1,0,,,,,,,,,,,,,,,12625723634474493308,,742.891570343636,87d048205c06e2db4abbf36e98612c99,
Synth,d6133506426f41fcdab02562a263a519_ITA-31.png,/home/marsi/TFM/data/gen/SD_E2_HOPE/v1_8000/d6133506426f41fcdab02562a263a519_ITA-31.png,284,284,,1,melanoma,,,,train,3,1,0,,,,,,,,,,,,,,,12986292001109407280,,321.92855650093406,52457191ee2c6958f9f59587d30bf805,
Synth,d61ab070aa39cb51dbff27fda93efb2f_ITA-33.png,/home/marsi/TFM/data/gen/SD_E2_HOPE/v1_8000/d61ab070aa39cb51dbff27fda93efb2f_ITA-33.png,284,284,,1,melanoma,,,,train,3,1,0,,,,,,,,,,,,,,,13663572059059597464,,390.7661994909868,8b02b8432e2700171a7ef8fe61e6833b,
Synth,d66404d75bd4d8fc30cfbfa420ed99d0_ITA-114.png,/home/marsi/TFM/data/gen/SD_E2_HOPE/v1_8000/d66404d75bd4d8fc30cfbfa420ed99d0_ITA-114.png,284,284,,1,melanoma,,,,train,3,1,0,,,,,,,,,,,,,,,12551767548852134638,,1191.9425423657522,07fbd9f1dd0f3796be807f7098c0910f,
Synth,dab7ea1f7368017bcbf44561b8ae18ac_ITA-37.png,/home/marsi/TFM/data/gen/SD_E2_HOPE/v1_8000/dab7ea1f7368017bcbf44561b8ae18ac_ITA-37.png,284,284,,1,melanoma,,,,train,3,1,0,,,,,,,,,,,,,,,12786440172647009588,,654.5047643622383,8347508ccecd1f314da2ce190fe73222,
Synth,dbea9493aaa040c4a9808f3cbc3bd5c9_ITA-65.png,/home/marsi/TFM/data/gen/SD_E2_HOPE/v1_8000/dbea9493aaa040c4a9808f3cbc3bd5c9_ITA-65.png,284,284,,1,melanoma,,,,train,3,1,0,,,,,,,,,,,,,,,14297826588049872750,,2720.1947487853467,d650b64499d43d3ab915427d5eccef84,
Synth,dc28b593892b70b9a57447e82c2e8920_ITA-95.png,/home/marsi/TFM/data/gen/SD_E2_HOPE/v1_8000/dc28b593892b70b9a57447e82c2e8920_ITA-95.png,284,284,,1,melanoma,,,,train,3,1,0,,,,,,,,,,,,,,,9613446010807858886,,1334.0356492018327,f079d88cbed12025f5ebcf8e251bd168,
Synth,dc88f8c9e685c1c139ff2a595a975aa2_ITA-138.png,/home/marsi/TFM/data/gen/SD_E2_HOPE/v1_8000/dc88f8c9e685c1c139ff2a595a975aa2_ITA-138.png,284,284,,1,melanoma,,,,train,3,1,0,,,,,,,,,,,,,,,11323006903521807754,,2123.319732096046,90004edacc358de6e73a2914d096374d,
Synth,dca6ede914d1d16da6c30d704b452c9f_ITA-52.png,/home/marsi/TFM/data/gen/SD_E2_HOPE/v1_8000/dca6ede914d1d16da6c30d704b452c9f_ITA-52.png,284,284,,1,melanoma,,,,train,3,1,0,,,,,,,,,,,,,,,17875773649232231062,,610.4553936785087,3e9f5ae99c1a73960e32ffdb532be4a0,
Synth,dd2c7d3dcdff1288d12a7f1f638a531b_ITA-105.png,/home/marsi/TFM/data/gen/SD_E2_HOPE/v1_8000/dd2c7d3dcdff1288d12a7f1f638a531b_ITA-105.png,284,284,,1,melanoma,,,,train,3,1,0,,,,,,,,,,,,,,,13261842960048598833,,1555.65329342708,8d57858e95085401b45ce33798f04815,
Synth,dd9986b439b913639c4c495df4cea959_ITA-169.png,/home/marsi/TFM/data/gen/SD_E2_HOPE/v1_8000/dd9986b439b913639c4c495df4cea959_ITA-169.png,284,284,,1,melanoma,,,,train,3,1,0,,,,,,,,,,,,,,,14207788036392754546,,1709.0004814853892,a06c8573b69eef9074120a070162790e,
Synth,ddd0ce8b8acd73a20ec7c8eba180fe24_ITA-120.png,/home/marsi/TFM/data/gen/SD_E2_HOPE/v1_8000/ddd0ce8b8acd73a20ec7c8eba180fe24_ITA-120.png,284,284,,1,melanoma,,,,train,3,1,0,,,,,,,,,,,,,,,16335769473895943779,,1638.2978507271037,156385e222ec00ebc2aa6c0f38657fb5,
Synth,dec7429aaa1a088ccb1a5e9ed88501c0_ITA-95.png,/home/marsi/TFM/data/gen/SD_E2_HOPE/v1_8000/dec7429aaa1a088ccb1a5e9ed88501c0_ITA-95.png,284,284,,1,melanoma,,,,train,3,1,0,,,,,,,,,,,,,,,13780382435697244039,,576.7716140151024,2556727c9bd5a5f32aae60871f45736c,
Synth,decd86be5fe0b67a15a7e35aa3a2fd77_ITA-116.png,/home/marsi/TFM/data/gen/SD_E2_HOPE/v1_8000/decd86be5fe0b67a15a7e35aa3a2fd77_ITA-116.png,284,284,,1,melanoma,,,,train,3,1,0,,,,,,,,,,,,,,,12257555675814709342,,1094.8815470784905,896b5e11062f7aafcab3432f0bbea087,
Synth,df29fff166e93506479bdac099d6559c_ITA-15.png,/home/marsi/TFM/data/gen/SD_E2_HOPE/v1_8000/df29fff166e93506479bdac099d6559c_ITA-15.png,284,284,,1,melanoma,,,,train,3,1,0,,,,,,,,,,,,,,,12984106763759211486,,1385.8911283602938,97ffa4cff9a775b0abcf01535344c371,
Synth,e2e6c693a19d728e522c57dbe5610f22_ITA-41.png,/home/marsi/TFM/data/gen/SD_E2_HOPE/v1_8000/e2e6c693a19d728e522c57dbe5610f22_ITA-41.png,284,284,,1,melanoma,,,,train,3,1,0,,,,,,,,,,,,,,,13578283318751818251,,578.3716523647308,fe369b2971663a27b99dc68be0ffe838,
Synth,e3c7a8ee6197df1a3cf26f4ba504b949_ITA-68.png,/home/marsi/TFM/data/gen/SD_E2_HOPE/v1_8000/e3c7a8ee6197df1a3cf26f4ba504b949_ITA-68.png,284,284,,1,melanoma,,,,train,3,1,0,,,,,,,,,,,,,,,13771397786967042245,,627.8302278807387,aaab27a80293743e67c3e00ca22c2032,
Synth,e5ce12fbb007adb64cfcace20402e8da_ITA-108.png,/home/marsi/TFM/data/gen/SD_E2_HOPE/v1_8000/e5ce12fbb007adb64cfcace20402e8da_ITA-108.png,284,284,,1,melanoma,,,,train,3,1,0,,,,,,,,,,,,,,,13014500393644749212,,1485.5991352163255,4e177740183cb53b51d768003cad764f,
Synth,e9f40b451b97762f850b780eb5f141b5_ITA2.png,/home/marsi/TFM/data/gen/SD_E2_HOPE/v1_8000/e9f40b451b97762f850b780eb5f141b5_ITA2.png,284,284,,1,melanoma,,,,train,3,1,0,,,,,,,,,,,,,,,16486782401951007814,,981.9228380285203,300a7a9899a43ee9c62d50a158708797,
Synth,sdl_000000.png,/home/marsi/TFM/data/gen/SD_E2_HOPE/v1_8000/sdl_000000.png,284,284,,1,melanoma,,,,train,3,1,0,,,,,,,,,,,,,,,12195630075643846887,,575.1692915027961,46e37a90d88e0a3ca579f1e7a413e584,
Synth,sdl_000001.png,/home/marsi/TFM/data/gen/SD_E2_HOPE/v1_8000/sdl_000001.png,284,284,,1,melanoma,,,,train,3,1,0,,,,,,,,,,,,,,,12400932992658036739,,279.53611320257187,40cd37f38f77f36576794be97d8bc765,
Synth,sdl_000002.png,/home/marsi/TFM/data/gen/SD_E2_HOPE/v1_8000/sdl_000002.png,284,284,,1,melanoma,,,,train,3,1,0,,,,,,,,,,,,,,,13055865712382924398,,580.8680298179388,0ece2865823d2afce7fd4f499aa19524,
Synth,sdl_000003.png,/home/marsi/TFM/data/gen/SD_E2_HOPE/v1_8000/sdl_000003.png,284,284,,1,melanoma,,,,train,3,1,0,,,,,,,,,,,,,,,17019808659652230327,,326.00616570934653,c454089645017b97fcc457ba4b365459,
Synth,sdl_000004.png,/home/marsi/TFM/data/gen/SD_E2_HOPE/v1_8000/sdl_000004.png,284,284,,1,melanoma,,,,train,3,1,0,,,,,,,,,,,,,,,11834285456824756065,,517.6176675409079,4e061a6ec0bf435802e8d193a6287b9e,
Synth,sdl_000006.png,/home/marsi/TFM/data/gen/SD_E2_HOPE/v1_8000/sdl_000006.png,284,284,,1,melanoma,,,,train,3,1,0,,,,,,,,,,,,,,,10692602820628594215,,485.9641800783575,00023f812c0a478b81e3d0e50e558005,
Synth,sdl_000007.png,/home/marsi/TFM/data/gen/SD_E2_HOPE/v1_8000/sdl_000007.png,284,284,,1,melanoma,,,,train,3,1,0,,,,,,,,,,,,,,,16385956441647311718,,247.107415612787,5c807f1972179855d6ef988b631dbc11,
Synth,sdl_000008.png,/home/marsi/TFM/data/gen/SD_E2_HOPE/v1_8000/sdl_000008.png,284,284,,1,melanoma,,,,train,3,1,0,,,,,,,,,,,,,,,11641483349275580109,,477.2021727478132,13fcc806cb568cfed29bc56217c2989c,
Synth,sdl_000009.png,/home/marsi/TFM/data/gen/SD_E2_HOPE/v1_8000/sdl_000009.png,284,284,,1,melanoma,,,,train,3,1,0,,,,,,,,,,,,,,,13646681534486821927,,235.2710448121652,4e2f757acdf747bbe851b8273a84e741,
Synth,sdl_000011.png,/home/marsi/TFM/data/gen/SD_E2_HOPE/v1_8000/sdl_000011.png,284,284,,1,melanoma,,,,train,3,1,0,,,,,,,,,,,,,,,11811978666984556521,,622.0514603219926,df735cf5e61aa65bd563bab77f07f640,
Synth,sdl_000012.png,/home/marsi/TFM/data/gen/SD_E2_HOPE/v1_8000/sdl_000012.png,284,284,,1,melanoma,,,,train,3,1,0,,,,,,,,,,,,,,,11888522196477899202,,323.88505977299064,681033d90076e3ea06016e5764ea96c5,
Synth,sdl_000013.png,/home/marsi/TFM/data/gen/SD_E2_HOPE/v1_8000/sdl_000013.png,284,284,,1,melanoma,,,,train,3,1,0,,,,,,,,,,,,,,,17027201589138641114,,628.8854409148917,5d0cc3ccfaaa1b5103d6a7dcb8050832,
Synth,sdl_000014.png,/home/marsi/TFM/data/gen/SD_E2_HOPE/v1_8000/sdl_000014.png,284,284,,1,melanoma,,,,train,3,1,0,,,,,,,,,,,,,,,13275433805655248587,,795.5502954265103,269e4f9164e3a68030dc67b25d1ac4b3,
Synth,sdl_000016.png,/home/marsi/TFM/data/gen/SD_E2_HOPE/v1_8000/sdl_000016.png,284,284,,1,melanoma,,,,train,3,1,0,,,,,,,,,,,,,,,16343159771207463219,,9471.288019976577,1502b052c8564d2e16056ddb29b4b94c,
Synth,sdl_000017.png,/home/marsi/TFM/data/gen/SD_E2_HOPE/v1_8000/sdl_000017.png,284,284,,1,melanoma,,,,train,3,1,0,,,,,,,,,,,,,,,13705458367535279166,,276.4380492037162,40d205ca22866656851ee6d609f57afe,
Synth,sdl_000018.png,/home/marsi/TFM/data/gen/SD_E2_HOPE/v1_8000/sdl_000018.png,284,284,,1,melanoma,,,,train,3,1,0,,,,,,,,,,,,,,,17885068940089088206,,487.1219819635153,388f3885ef9417a9861616fd36ed9490,
Synth,sdl_000019.png,/home/marsi/TFM/data/gen/SD_E2_HOPE/v1_8000/sdl_000019.png,284,284,,1,melanoma,,,,train,3,1,0,,,,,,,,,,,,,,,14089542458675286982,,1011.8189256191254,385b081f031acd6409e052a56e676f75,
Synth,sdl_000020.png,/home/marsi/TFM/data/gen/SD_E2_HOPE/v1_8000/sdl_000020.png,284,284,,1,melanoma,,,,train,3,1,0,,,,,,,,,,,,,,,17254348794192737412,,507.5299739753828,ee695486bb722054e543f8814a66a8bb,
Synth,sdl_000021.png,/home/marsi/TFM/data/gen/SD_E2_HOPE/v1_8000/sdl_000021.png,284,284,,1,melanoma,,,,train,3,1,0,,,,,,,,,,,,,,,18177584368499587738,,457.65977478027344,1b5628a119b504c19e115a48143de83c,
Synth,sdl_000022.png,/home/marsi/TFM/data/gen/SD_E2_HOPE/v1_8000/sdl_000022.png,284,284,,1,melanoma,,,,train,3,1,0,,,,,,,,,,,,,,,11175229786969956735,,2797.0456019630656,18f795c1b4dc8cb28453af32c1c78fa2,
Synth,sdl_000023.png,/home/marsi/TFM/data/gen/SD_E2_HOPE/v1_8000/sdl_000023.png,284,284,,1,melanoma,,,,train,3,1,0,,,,,,,,,,,,,,,18331550639336033936,,7999.189976892432,868e5c387adf2b6336a2e2dc9bc23d00,
Synth,sdl_000024.png,/home/marsi/TFM/data/gen/SD_E2_HOPE/v1_8000/sdl_000024.png,284,284,,1,melanoma,,,,train,3,1,0,,,,,,,,,,,,,,,13515519428127364669,,16282.951422876677,1e6676d71b12ee2012c34d651a6dbd64,
Synth,sdl_000025.png,/home/marsi/TFM/data/gen/SD_E2_HOPE/v1_8000/sdl_000025.png,284,284,,1,melanoma,,,,train,3,1,0,,,,,,,,,,,,,,,14081085547231935457,,870.6486723683774,abe81205ea3075aaaaceeb13cb94ee67,
Synth,sdl_000026.png,/home/marsi/TFM/data/gen/SD_E2_HOPE/v1_8000/sdl_000026.png,284,284,,1,melanoma,,,,train,3,1,0,,,,,,,,,,,,,,,13701570585334761665,,428.6216205954552,6f053748316b94ec4370c390d1536376,
Synth,sdl_000027.png,/home/marsi/TFM/data/gen/SD_E2_HOPE/v1_8000/sdl_000027.png,284,284,,1,melanoma,,,,train,3,1,0,,,,,,,,,,,,,,,11953064229979694397,,553.6702421754599,d2a6bd3c7fc50a8c5373b79a524eb8de,
Synth,sdl_000028.png,/home/marsi/TFM/data/gen/SD_E2_HOPE/v1_8000/sdl_000028.png,284,284,,1,melanoma,,,,train,3,1,0,,,,,,,,,,,,,,,13204485844662239287,,475.188152577728,d4c8fc7f5342943add9a20a76febed7a,
Synth,sdl_000029.png,/home/marsi/TFM/data/gen/SD_E2_HOPE/v1_8000/sdl_000029.png,284,284,,1,melanoma,,,,train,3,1,0,,,,,,,,,,,,,,,13430514312842836004,,1005.2875263532624,480f14ecc6ff83a208d3990d94f19d7c,
Synth,sdl_000030.png,/home/marsi/TFM/data/gen/SD_E2_HOPE/v1_8000/sdl_000030.png,284,284,,1,melanoma,,,,train,3,1,0,,,,,,,,,,,,,,,10465037209286506089,,523.8581835888326,4fe797f6f0d2d3558b91b3ec1c86be87,
Synth,sdl_000031.png,/home/marsi/TFM/data/gen/SD_E2_HOPE/v1_8000/sdl_000031.png,284,284,,1,melanoma,,,,train,3,1,0,,,,,,,,,,,,,,,13778411542876468535,,572.802550858818,6dd17e1aee8bf55cd9093c0e4971b16b,
Synth,sdl_000032.png,/home/marsi/TFM/data/gen/SD_E2_HOPE/v1_8000/sdl_000032.png,284,284,,1,melanoma,,,,train,3,1,0,,,,,,,,,,,,,,,12486180457170413643,,402.6170385144651,f619fc32255a7a9ae10363cbcb656cea,
Synth,sdl_000033.png,/home/marsi/TFM/data/gen/SD_E2_HOPE/v1_8000/sdl_000033.png,284,284,,1,melanoma,,,,train,3,1,0,,,,,,,,,,,,,,,16729677259810868667,,1118.8818449638784,7258d2511de769c161b8845126167fc3,
Synth,sdl_000035.png,/home/marsi/TFM/data/gen/SD_E2_HOPE/v1_8000/sdl_000035.png,284,284,,1,melanoma,,,,train,3,1,0,,,,,,,,,,,,,,,16531519836528726232,,529.1629668734968,3e37f5b21d3bb3c20e11a3a4263387f7,
Synth,sdl_000036.png,/home/marsi/TFM/data/gen/SD_E2_HOPE/v1_8000/sdl_000036.png,284,284,,1,melanoma,,,,train,3,1,0,,,,,,,,,,,,,,,10468362493673542366,,491.6780971884728,e61143f195f5bfb33ac9901f67f3da88,
Synth,sdl_000037.png,/home/marsi/TFM/data/gen/SD_E2_HOPE/v1_8000/sdl_000037.png,284,284,,1,melanoma,,,,train,3,1,0,,,,,,,,,,,,,,,14331312310744857042,,569.1272801300511,75581dd4a5582be82dbf53225bf77425,
Synth,sdl_000038.png,/home/marsi/TFM/data/gen/SD_E2_HOPE/v1_8000/sdl_000038.png,284,284,,1,melanoma,,,,train,3,1,0,,,,,,,,,,,,,,,16892656279519181212,,444.93967385496944,8a79da290370b27cb33d6cab6d95e12b,
Synth,sdl_000039.png,/home/marsi/TFM/data/gen/SD_E2_HOPE/v1_8000/sdl_000039.png,284,284,,1,melanoma,,,,train,3,1,0,,,,,,,,,,,,,,,14924125361025451477,,1045.644213821739,4745f367b0d8ba6734dacea71c6ea67c,
Synth,sdl_000040.png,/home/marsi/TFM/data/gen/SD_E2_HOPE/v1_8000/sdl_000040.png,284,284,,1,melanoma,,,,train,3,1,0,,,,,,,,,,,,,,,12408426550085182767,,601.5762366652489,3d6da190999aa2705216bf41564c8ae4,
Synth,sdl_000041.png,/home/marsi/TFM/data/gen/SD_E2_HOPE/v1_8000/sdl_000041.png,284,284,,1,melanoma,,,,train,3,1,0,,,,,,,,,,,,,,,16243031659192079578,,254.8225422948599,a8dd4b80e3f62c7a9a3dcb8822699991,
Synth,sdl_000042.png,/home/marsi/TFM/data/gen/SD_E2_HOPE/v1_8000/sdl_000042.png,284,284,,1,melanoma,,,,train,3,1,0,,,,,,,,,,,,,,,13747736175686731722,,612.8579387068748,7b2dd5228a0c430ff6320507a230cab1,
Synth,sdl_000043.png,/home/marsi/TFM/data/gen/SD_E2_HOPE/v1_8000/sdl_000043.png,284,284,,1,melanoma,,,,train,3,1,0,,,,,,,,,,,,,,,12734635771181364274,,536.5036666244268,e042bc144d75e7e27a3402d312144e19,
Synth,sdl_000044.png,/home/marsi/TFM/data/gen/SD_E2_HOPE/v1_8000/sdl_000044.png,284,284,,1,melanoma,,,,train,3,1,0,,,,,,,,,,,,,,,13790796212096089808,,396.8464510953054,1058c303854c523d371569af114834c1,
Synth,sdl_000045.png,/home/marsi/TFM/data/gen/SD_E2_HOPE/v1_8000/sdl_000045.png,284,284,,1,melanoma,,,,train,3,1,0,,,,,,,,,,,,,,,13707497876991730507,,287.98728595580906,edd08ef4ea7db7555443cbda473a4d9e,
Synth,sdl_000046.png,/home/marsi/TFM/data/gen/SD_E2_HOPE/v1_8000/sdl_000046.png,284,284,,1,melanoma,,,,train,3,1,0,,,,,,,,,,,,,,,12978136575539451350,,419.79559137579054,00633d9cc75dac1a4addafaa4b36b550,
Synth,sdl_000047.png,/home/marsi/TFM/data/gen/SD_E2_HOPE/v1_8000/sdl_000047.png,284,284,,1,melanoma,,,,train,3,1,0,,,,,,,,,,,,,,,12984659809651680571,,483.8821183294058,04e6ba824a5eed865ebc7df10c4900ac,
Synth,sdl_000048.png,/home/marsi/TFM/data/gen/SD_E2_HOPE/v1_8000/sdl_000048.png,284,284,,1,melanoma,,,,train,3,1,0,,,,,,,,,,,,,,,13924574723345223485,,1611.9593137493357,b5b3a6ef56aab2cc43a8588c3ed6b904,
Synth,sdl_000050.png,/home/marsi/TFM/data/gen/SD_E2_HOPE/v1_8000/sdl_000050.png,284,284,,1,melanoma,,,,train,3,1,0,,,,,,,,,,,,,,,16821654779457323160,,571.8131975978613,9d0bc8ae3a0a009f9dcaf0b1397e3911,
Synth,sdl_000051.png,/home/marsi/TFM/data/gen/SD_E2_HOPE/v1_8000/sdl_000051.png,284,284,,1,melanoma,,,,train,3,1,0,,,,,,,,,,,,,,,13129617740070675547,,233.6959132552147,443c68320c2f2801eacd63fd4c28d879,
Synth,sdl_000052.png,/home/marsi/TFM/data/gen/SD_E2_HOPE/v1_8000/sdl_000052.png,284,284,,1,melanoma,,,,train,3,1,0,,,,,,,,,,,,,,,10457021215469696557,,866.7465683072805,7326e225beeec8f41f60f99a68da6044,
Synth,sdl_000053.png,/home/marsi/TFM/data/gen/SD_E2_HOPE/v1_8000/sdl_000053.png,284,284,,1,melanoma,,,,train,3,1,0,,,,,,,,,,,,,,,9258301061781356260,,387.0919354772195,8755f5f388aebaa34b78cfa0bbcf506f,
Synth,sdl_000054.png,/home/marsi/TFM/data/gen/SD_E2_HOPE/v1_8000/sdl_000054.png,284,284,,1,melanoma,,,,train,3,1,0,,,,,,,,,,,,,,,12509757953865731181,,858.014949916862,9df10638a607b8f3f4556b8f1e736d1e,
Synth,sdl_000056.png,/home/marsi/TFM/data/gen/SD_E2_HOPE/v1_8000/sdl_000056.png,284,284,,1,melanoma,,,,train,3,1,0,,,,,,,,,,,,,,,13492156597107385176,,319.8976872479543,6e0c7c43fa306c471fdcc7e6447546a0,
Synth,sdl_000057.png,/home/marsi/TFM/data/gen/SD_E2_HOPE/v1_8000/sdl_000057.png,284,284,,1,melanoma,,,,train,3,1,0,,,,,,,,,,,,,,,16892880919311831752,,296.1381986141205,f88d86442a431e2ffaee36a4e54d1f79,
Synth,sdl_000058.png,/home/marsi/TFM/data/gen/SD_E2_HOPE/v1_8000/sdl_000058.png,284,284,,1,melanoma,,,,train,3,1,0,,,,,,,,,,,,,,,16889485511478595727,,340.2981614386663,e0a8cbe893ef15e2008ee5a735389cb5,
Synth,sdl_000059.png,/home/marsi/TFM/data/gen/SD_E2_HOPE/v1_8000/sdl_000059.png,284,284,,1,melanoma,,,,train,3,1,0,,,,,,,,,,,,,,,13580769288487442378,,480.1652944087982,2b5ca83ffcdb3e7ba7a6df16570e7d24,
Synth,sdl_000060.png,/home/marsi/TFM/data/gen/SD_E2_HOPE/v1_8000/sdl_000060.png,284,284,,1,melanoma,,,,train,3,1,0,,,,,,,,,,,,,,,18048668781761666702,,374.15403920039535,06c1a4044dc19b811687fae4d3882b15,
Synth,sdl_000061.png,/home/marsi/TFM/data/gen/SD_E2_HOPE/v1_8000/sdl_000061.png,284,284,,1,melanoma,,,,train,3,1,0,,,,,,,,,,,,,,,18034529720717173153,,555.9897036217153,170bc26c7561cb792b83561a7504c28c,
Synth,sdl_000062.png,/home/marsi/TFM/data/gen/SD_E2_HOPE/v1_8000/sdl_000062.png,284,284,,1,melanoma,,,,train,3,1,0,,,,,,,,,,,,,,,16181019853025089769,,2101.8231187528,f9a5a16dfa787e706a4810ddcc4f564e,
Synth,sdl_000063.png,/home/marsi/TFM/data/gen/SD_E2_HOPE/v1_8000/sdl_000063.png,284,284,,1,melanoma,,,,train,3,1,0,,,,,,,,,,,,,,,13214054532659297912,,279.3936950629577,b3668f4f21255d68b49c34e386679c5b,
Synth,sdl_000064.png,/home/marsi/TFM/data/gen/SD_E2_HOPE/v1_8000/sdl_000064.png,284,284,,1,melanoma,,,,train,3,1,0,,,,,,,,,,,,,,,17897735508207057201,,411.7905911169946,ba36d203880a6986dd474929ba324c4c,
Synth,sdl_000065.png,/home/marsi/TFM/data/gen/SD_E2_HOPE/v1_8000/sdl_000065.png,284,284,,1,melanoma,,,,train,3,1,0,,,,,,,,,,,,,,,16242960582486677565,,257.6738159507513,92830144646e74fc7b341f447f1636d6,
Synth,sdl_000066.png,/home/marsi/TFM/data/gen/SD_E2_HOPE/v1_8000/sdl_000066.png,284,284,,1,melanoma,,,,train,3,1,0,,,,,,,,,,,,,,,11901836942907166683,,229.85817062016577,886527eeb272c55b99091a2b00621b64,
Synth,sdl_000067.png,/home/marsi/TFM/data/gen/SD_E2_HOPE/v1_8000/sdl_000067.png,284,284,,1,melanoma,,,,train,3,1,0,,,,,,,,,,,,,,,16747347376608524140,,270.0510784648359,f3ea99377afcc8a6f3be99ec350bfa60,
Synth,sdl_000069.png,/home/marsi/TFM/data/gen/SD_E2_HOPE/v1_8000/sdl_000069.png,284,284,,1,melanoma,,,,train,3,1,0,,,,,,,,,,,,,,,17884224914564367216,,363.61640781816095,3c6da6e992dfe89f07ff24a79a575c1e,
Synth,sdl_000070.png,/home/marsi/TFM/data/gen/SD_E2_HOPE/v1_8000/sdl_000070.png,284,284,,1,melanoma,,,,train,3,1,0,,,,,,,,,,,,,,,12759486425749409235,,300.93895626068115,c71351b3e646fb1dc91ffc99fac40c29,
Synth,sdl_000071.png,/home/marsi/TFM/data/gen/SD_E2_HOPE/v1_8000/sdl_000071.png,284,284,,1,melanoma,,,,train,3,1,0,,,,,,,,,,,,,,,12644124414028514231,,439.7902132784948,efd1193341a176c81973646dcb360a1c,
Synth,sdl_000072.png,/home/marsi/TFM/data/gen/SD_E2_HOPE/v1_8000/sdl_000072.png,284,284,,1,melanoma,,,,train,3,1,0,,,,,,,,,,,,,,,16384540813667955100,,731.7414666032419,ab3ab63eca662fbd9073507009a6210e,
Synth,sdl_000073.png,/home/marsi/TFM/data/gen/SD_E2_HOPE/v1_8000/sdl_000073.png,284,284,,1,melanoma,,,,train,3,1,0,,,,,,,,,,,,,,,12617333417714262678,,622.0092141395435,1c31afcab55c55c42a5e02937b6bc995,
Synth,sdl_000074.png,/home/marsi/TFM/data/gen/SD_E2_HOPE/v1_8000/sdl_000074.png,284,284,,1,melanoma,,,,train,3,1,0,,,,,,,,,,,,,,,12696931332087768417,,392.6854712879285,ab9216daf37d6dabf68180c0e9f90329,
Synth,sdl_000075.png,/home/marsi/TFM/data/gen/SD_E2_HOPE/v1_8000/sdl_000075.png,284,284,,1,melanoma,,,,train,3,1,0,,,,,,,,,,,,,,,13051379479440672451,,678.9528570985422,06e005133dcc9e0749fa1e215dff9b6a,
Synth,sdl_000077.png,/home/marsi/TFM/data/gen/SD_E2_HOPE/v1_8000/sdl_000077.png,284,284,,1,melanoma,,,,train,3,1,0,,,,,,,,,,,,,,,10131185353926207938,,1453.7061171792448,dc23e4652a052a138987a0295ea8a6c2,
Synth,sdl_000078.png,/home/marsi/TFM/data/gen/SD_E2_HOPE/v1_8000/sdl_000078.png,284,284,,1,melanoma,,,,train,3,1,0,,,,,,,,,,,,,,,13773910450446035146,,494.1894487580285,3699d9211e34f9a896b372de8a6df0e0,
Synth,sdl_000079.png,/home/marsi/TFM/data/gen/SD_E2_HOPE/v1_8000/sdl_000079.png,284,284,,1,melanoma,,,,train,3,1,0,,,,,,,,,,,,,,,12049610418550360287,,396.9817418716848,dffa98c8f27dec0623587dae19ff80f5,
Synth,sdl_000080.png,/home/marsi/TFM/data/gen/SD_E2_HOPE/v1_8000/sdl_000080.png,284,284,,1,melanoma,,,,train,3,1,0,,,,,,,,,,,,,,,13417302753123650616,,375.0026644309983,a69f48ffcdad146bc5a569522d089337,
Synth,sdl_000081.png,/home/marsi/TFM/data/gen/SD_E2_HOPE/v1_8000/sdl_000081.png,284,284,,1,melanoma,,,,train,3,1,0,,,,,,,,,,,,,,,13056727516011109061,,1570.7720139240846,bec7cec4037f3b33f83384883f0030c8,
Synth,sdl_000082.png,/home/marsi/TFM/data/gen/SD_E2_HOPE/v1_8000/sdl_000082.png,284,284,,1,melanoma,,,,train,3,1,0,,,,,,,,,,,,,,,13755330346700349400,,323.39027845487,30ddd3d855564fee2c4acd3608870b43,
Synth,sdl_000083.png,/home/marsi/TFM/data/gen/SD_E2_HOPE/v1_8000/sdl_000083.png,284,284,,1,melanoma,,,,train,3,1,0,,,,,,,,,,,,,,,11614452351863312123,,626.0350947231054,c8fff72c3e2a748dd4d229e964bbbace,
Synth,sdl_000085.png,/home/marsi/TFM/data/gen/SD_E2_HOPE/v1_8000/sdl_000085.png,284,284,,1,melanoma,,,,train,3,1,0,,,,,,,,,,,,,,,12567506577455544722,,1055.3582587083802,76e44dfe223618432137925710a8eb74,
Synth,sdl_000086.png,/home/marsi/TFM/data/gen/SD_E2_HOPE/v1_8000/sdl_000086.png,284,284,,1,melanoma,,,,train,3,1,0,,,,,,,,,,,,,,,12771513522112140812,,651.8766578799114,d4b95a04e5ba334e4dcb6510e2cd0b75,
Synth,sdl_000087.png,/home/marsi/TFM/data/gen/SD_E2_HOPE/v1_8000/sdl_000087.png,284,284,,1,melanoma,,,,train,3,1,0,,,,,,,,,,,,,,,15114955725834108902,,743.4386403560638,3ca45780a22ebffcd19a18f361b686fb,
Synth,sdl_000088.png,/home/marsi/TFM/data/gen/SD_E2_HOPE/v1_8000/sdl_000088.png,284,284,,1,melanoma,,,,train,3,1,0,,,,,,,,,,,,,,,17307763682331404686,,396.0238681202754,47ba7f728d7e78605710308b2c2e2507,
Synth,sdl_000089.png,/home/marsi/TFM/data/gen/SD_E2_HOPE/v1_8000/sdl_000089.png,284,284,,1,melanoma,,,,train,3,1,0,,,,,,,,,,,,,,,12351897844793548210,,350.6835946887732,19d99ff5f98e2c7a1427ccde50306d51,
Synth,sdl_000090.png,/home/marsi/TFM/data/gen/SD_E2_HOPE/v1_8000/sdl_000090.png,284,284,,1,melanoma,,,,train,3,1,0,,,,,,,,,,,,,,,13492440067134382412,,443.9500926584005,51fa6a28cda8fe2d23889f57bb8e4edc,
Synth,sdl_000091.png,/home/marsi/TFM/data/gen/SD_E2_HOPE/v1_8000/sdl_000091.png,284,284,,1,melanoma,,,,train,3,1,0,,,,,,,,,,,,,,,13001001194814589133,,1149.4088800512254,faeaf6e1b832650f89abe025a6f5b66f,
Synth,sdl_000092.png,/home/marsi/TFM/data/gen/SD_E2_HOPE/v1_8000/sdl_000092.png,284,284,,1,melanoma,,,,train,3,1,0,,,,,,,,,,,,,,,16317532924251740495,,596.0468058437109,bd32a672467e60dad778f7dcb6439b3f,
Synth,sdl_000093.png,/home/marsi/TFM/data/gen/SD_E2_HOPE/v1_8000/sdl_000093.png,284,284,,1,melanoma,,,,train,3,1,0,,,,,,,,,,,,,,,9743914244644151003,,733.2709048232064,a7c768f753d538936f08e652bb2ba365,
Synth,sdl_000094.png,/home/marsi/TFM/data/gen/SD_E2_HOPE/v1_8000/sdl_000094.png,284,284,,1,melanoma,,,,train,3,1,0,,,,,,,,,,,,,,,13292591622153461821,,396.47888182103634,339f5ff5740bb8cbb02c2c31817582f7,
Synth,sdl_000095.png,/home/marsi/TFM/data/gen/SD_E2_HOPE/v1_8000/sdl_000095.png,284,284,,1,melanoma,,,,train,3,1,0,,,,,,,,,,,,,,,13026594972746474774,,374.8671064041555,930101e1bb3302050ef7a7a66ff11d7b,
Synth,sdl_000096.png,/home/marsi/TFM/data/gen/SD_E2_HOPE/v1_8000/sdl_000096.png,284,284,,1,melanoma,,,,train,3,1,0,,,,,,,,,,,,,,,12335876109311974284,,1969.258218131028,91eaefff6041e06c2a7c77b4e0e231b7,
Synth,sdl_000097.png,/home/marsi/TFM/data/gen/SD_E2_HOPE/v1_8000/sdl_000097.png,284,284,,1,melanoma,,,,train,3,1,0,,,,,,,,,,,,,,,16890967074300923857,,870.2531146854162,d7db627fd901bf5a337824c4f68c8323,
Synth,sdl_000098.png,/home/marsi/TFM/data/gen/SD_E2_HOPE/v1_8000/sdl_000098.png,284,284,,1,melanoma,,,,train,3,1,0,,,,,,,,,,,,,,,12360360757028342890,,3389.5037234043702,b8328cd914bb56a3c2d407e356bed066,
Synth,sdl_000099.png,/home/marsi/TFM/data/gen/SD_E2_HOPE/v1_8000/sdl_000099.png,284,284,,1,melanoma,,,,train,3,1,0,,,,,,,,,,,,,,,11857865910530755739,,373.23943737056106,d0629f673535b3befb26c9187151f546,
Synth,sdl_000100.png,/home/marsi/TFM/data/gen/SD_E2_HOPE/v1_8000/sdl_000100.png,284,284,,1,melanoma,,,,train,3,1,0,,,,,,,,,,,,,,,17327764249343051129,,344.34678064938635,2a32f837bfd2b820369405fb1df55bb9,
Synth,sdl_000101.png,/home/marsi/TFM/data/gen/SD_E2_HOPE/v1_8000/sdl_000101.png,284,284,,1,melanoma,,,,train,3,1,0,,,,,,,,,,,,,,,17494944945217549893,,465.21183412894607,095f2f7e4b1082f65c75cef62beec2f9,
Synth,sdl_000102.png,/home/marsi/TFM/data/gen/SD_E2_HOPE/v1_8000/sdl_000102.png,284,284,,1,melanoma,,,,train,3,1,0,,,,,,,,,,,,,,,16170884384140579802,,267.9663159465417,5befc551070c7590e436f487688ea77d,
Synth,sdl_000104.png,/home/marsi/TFM/data/gen/SD_E2_HOPE/v1_8000/sdl_000104.png,284,284,,1,melanoma,,,,train,3,1,0,,,,,,,,,,,,,,,12482523122375486751,,282.00213253404945,c1beb983a987faa46007ba42b778900e,
Synth,sdl_000105.png,/home/marsi/TFM/data/gen/SD_E2_HOPE/v1_8000/sdl_000105.png,284,284,,1,melanoma,,,,train,3,1,0,,,,,,,,,,,,,,,11978877877003092697,,623.1488193338737,9a24b699bb3535135fef5c839ea6f9c8,
Synth,sdl_000106.png,/home/marsi/TFM/data/gen/SD_E2_HOPE/v1_8000/sdl_000106.png,284,284,,1,melanoma,,,,train,3,1,0,,,,,,,,,,,,,,,15887033919911054622,,1838.954818725586,a4c803f731739764ac71a45befd62a2f,
Synth,sdl_000107.png,/home/marsi/TFM/data/gen/SD_E2_HOPE/v1_8000/sdl_000107.png,284,284,,1,melanoma,,,,train,3,1,0,,,,,,,,,,,,,,,11559215793771305583,,442.6299834512174,e1a81c8ae9d58ac977ff08b584708e2b,
Synth,sdl_000108.png,/home/marsi/TFM/data/gen/SD_E2_HOPE/v1_8000/sdl_000108.png,284,284,,1,melanoma,,,,train,3,1,0,,,,,,,,,,,,,,,16220426426020422581,,462.4095474248752,43ff54318bde967fc8b0c0d56de96b79,
Synth,sdl_000109.png,/home/marsi/TFM/data/gen/SD_E2_HOPE/v1_8000/sdl_000109.png,284,284,,1,melanoma,,,,train,3,1,0,,,,,,,,,,,,,,,16455755458017956264,,944.65240117535,93e6d7a4bf9fcfff0ce6e4199edcf6bc,
Synth,sdl_000110.png,/home/marsi/TFM/data/gen/SD_E2_HOPE/v1_8000/sdl_000110.png,284,284,,1,melanoma,,,,train,3,1,0,,,,,,,,,,,,,,,16911514192505911721,,400.4686255222186,8338b0fb5611cf0db96d65543ff99c55,
Synth,sdl_000111.png,/home/marsi/TFM/data/gen/SD_E2_HOPE/v1_8000/sdl_000111.png,284,284,,1,melanoma,,,,train,3,1,0,,,,,,,,,,,,,,,13250927229289575136,,559.2736436389387,4158ddf3a7444149f5a096f2868de2eb,
Synth,sdl_000112.png,/home/marsi/TFM/data/gen/SD_E2_HOPE/v1_8000/sdl_000112.png,284,284,,1,melanoma,,,,train,3,1,0,,,,,,,,,,,,,,,13768279131941148039,,288.7039847439155,1eacee8235c75aeb7bd722b6cf1e5cd6,
Synth,sdl_000113.png,/home/marsi/TFM/data/gen/SD_E2_HOPE/v1_8000/sdl_000113.png,284,284,,1,melanoma,,,,train,3,1,0,,,,,,,,,,,,,,,13002107213727145574,,331.1738890847191,d3c4fcbc6e678be3a8cbf373bdd328a0,
Synth,sdl_000114.png,/home/marsi/TFM/data/gen/SD_E2_HOPE/v1_8000/sdl_000114.png,284,284,,1,melanoma,,,,train,3,1,0,,,,,,,,,,,,,,,13568713665172682951,,330.25555032491684,e31db0e61687199ea0e8c531ea48072e,
Synth,sdl_000115.png,/home/marsi/TFM/data/gen/SD_E2_HOPE/v1_8000/sdl_000115.png,284,284,,1,melanoma,,,,train,3,1,0,,,,,,,,,,,,,,,16745654581401319583,,513.3155466578901,6f1164ebf6a88d6c1f5e484783b02d21,
Synth,sdl_000117.png,/home/marsi/TFM/data/gen/SD_E2_HOPE/v1_8000/sdl_000117.png,284,284,,1,melanoma,,,,train,3,1,0,,,,,,,,,,,,,,,12622396667519712282,,496.20873269066215,5e460c20263f9f725078e699b3ecc735,
Synth,sdl_000118.png,/home/marsi/TFM/data/gen/SD_E2_HOPE/v1_8000/sdl_000118.png,284,284,,1,melanoma,,,,train,3,1,0,,,,,,,,,,,,,,,9765973862409975340,,2493.0266226148237,d414c5e5c615326188bf445260cf2be7,
Synth,sdl_000119.png,/home/marsi/TFM/data/gen/SD_E2_HOPE/v1_8000/sdl_000119.png,284,284,,1,melanoma,,,,train,3,1,0,,,,,,,,,,,,,,,12670527913761643365,,295.42123684939,36a67db1b1aa9ad68b25b28ff42dce37,
Synth,sdl_000120.png,/home/marsi/TFM/data/gen/SD_E2_HOPE/v1_8000/sdl_000120.png,284,284,,1,melanoma,,,,train,3,1,0,,,,,,,,,,,,,,,13704106982951252127,,557.6829159474,bb7a237450854733d4f504dd134c4f07,
Synth,sdl_000121.png,/home/marsi/TFM/data/gen/SD_E2_HOPE/v1_8000/sdl_000121.png,284,284,,1,melanoma,,,,train,3,1,0,,,,,,,,,,,,,,,13053050995938692039,,1152.8611617647111,cd1bc58103a5e761c1b021703299154f,
Synth,sdl_000122.png,/home/marsi/TFM/data/gen/SD_E2_HOPE/v1_8000/sdl_000122.png,284,284,,1,melanoma,,,,train,3,1,0,,,,,,,,,,,,,,,13419465070246507670,,385.5715076019988,156cd715b946edfeaee55e73093ed4f8,
Synth,sdl_000123.png,/home/marsi/TFM/data/gen/SD_E2_HOPE/v1_8000/sdl_000123.png,284,284,,1,melanoma,,,,train,3,1,0,,,,,,,,,,,,,,,12637611376865602762,,383.16208182275295,f2a2d3504317f14d5e332973fc440ded,
Synth,sdl_000124.png,/home/marsi/TFM/data/gen/SD_E2_HOPE/v1_8000/sdl_000124.png,284,284,,1,melanoma,,,,train,3,1,0,,,,,,,,,,,,,,,13058962193818393758,,396.4376772008836,1925ea6158760014246def8b62e00c95,
Synth,sdl_000125.png,/home/marsi/TFM/data/gen/SD_E2_HOPE/v1_8000/sdl_000125.png,284,284,,1,melanoma,,,,train,3,1,0,,,,,,,,,,,,,,,12281480078983973722,,474.09600548353046,81d07a6d17a7a1109f3ef29978beadc1,
Synth,sdl_000126.png,/home/marsi/TFM/data/gen/SD_E2_HOPE/v1_8000/sdl_000126.png,284,284,,1,melanoma,,,,train,3,1,0,,,,,,,,,,,,,,,13778416605510306193,,234.0845552533865,eac6a84505a93c7f2a26b24cc818b1c1,
Synth,sdl_000127.png,/home/marsi/TFM/data/gen/SD_E2_HOPE/v1_8000/sdl_000127.png,284,284,,1,melanoma,,,,train,3,1,0,,,,,,,,,,,,,,,13055303727882927212,,350.5548131428659,9ed98c8ccad6bfb755c95887b4e57079,
Synth,sdl_000128.png,/home/marsi/TFM/data/gen/SD_E2_HOPE/v1_8000/sdl_000128.png,284,284,,1,melanoma,,,,train,3,1,0,,,,,,,,,,,,,,,12717748879358834019,,244.66165779531,5191d50d9ba1130f9588b800544a74df,
Synth,sdl_000129.png,/home/marsi/TFM/data/gen/SD_E2_HOPE/v1_8000/sdl_000129.png,284,284,,1,melanoma,,,,train,3,1,0,,,,,,,,,,,,,,,11990483118060027293,,295.693865403533,75fc1c16d05044db599df79293888652,
Synth,sdl_000130.png,/home/marsi/TFM/data/gen/SD_E2_HOPE/v1_8000/sdl_000130.png,284,284,,1,melanoma,,,,train,3,1,0,,,,,,,,,,,,,,,16961631057852787906,,439.8977660676464,ad7a795b86876d0af8d8a48aef7cb878,
Synth,sdl_000131.png,/home/marsi/TFM/data/gen/SD_E2_HOPE/v1_8000/sdl_000131.png,284,284,,1,melanoma,,,,train,3,1,0,,,,,,,,,,,,,,,17904209393105663531,,253.545014902018,d480622ad7271b747317cfebaee880ec,
Synth,sdl_000133.png,/home/marsi/TFM/data/gen/SD_E2_HOPE/v1_8000/sdl_000133.png,284,284,,1,melanoma,,,,train,3,1,0,,,,,,,,,,,,,,,13013925643852151224,,454.2265365086496,61fc6e65293eb4703729f07d649ccb54,
Synth,sdl_000134.png,/home/marsi/TFM/data/gen/SD_E2_HOPE/v1_8000/sdl_000134.png,284,284,,1,melanoma,,,,train,3,1,0,,,,,,,,,,,,,,,12970867472942044879,,601.3130015730858,085d512c93a7a98878ef9697b39359ba,
Synth,sdl_000135.png,/home/marsi/TFM/data/gen/SD_E2_HOPE/v1_8000/sdl_000135.png,284,284,,1,melanoma,,,,train,3,1,0,,,,,,,,,,,,,,,14382698628756282741,,263.05401249136776,06da7b918f1901dc7a64aedf648d2b25,
Synth,sdl_000137.png,/home/marsi/TFM/data/gen/SD_E2_HOPE/v1_8000/sdl_000137.png,284,284,,1,melanoma,,,,train,3,1,0,,,,,,,,,,,,,,,13648088981741130984,,446.9918319247663,80195254e3deecbf708b0e8e0e3d978e,
Synth,sdl_000138.png,/home/marsi/TFM/data/gen/SD_E2_HOPE/v1_8000/sdl_000138.png,284,284,,1,melanoma,,,,train,3,1,0,,,,,,,,,,,,,,,17255753789648607696,,315.89092916157097,d467bd8e2aa6ecffc2ad8716cb6b2f3c,
Synth,sdl_000139.png,/home/marsi/TFM/data/gen/SD_E2_HOPE/v1_8000/sdl_000139.png,284,284,,1,melanoma,,,,train,3,1,0,,,,,,,,,,,,,,,10416876308581861371,,576.656820117496,34c30eb1b6e3bd12f5adc1afabc495f9,
Synth,sdl_000140.png,/home/marsi/TFM/data/gen/SD_E2_HOPE/v1_8000/sdl_000140.png,284,284,,1,melanoma,,,,train,3,1,0,,,,,,,,,,,,,,,13418411113436891468,,242.1644449448213,3b3b1ee063c89a8f005e3fe954cacbd1,
Synth,sdl_000141.png,/home/marsi/TFM/data/gen/SD_E2_HOPE/v1_8000/sdl_000141.png,284,284,,1,melanoma,,,,train,3,1,0,,,,,,,,,,,,,,,14367139066420598587,,688.7786681270227,e8f321416ca0c5365296c6b4c8b7c8b1,
Synth,sdl_000142.png,/home/marsi/TFM/data/gen/SD_E2_HOPE/v1_8000/sdl_000142.png,284,284,,1,melanoma,,,,train,3,1,0,,,,,,,,,,,,,,,16876260263514230799,,344.3539392799139,408f3895da6584df25ff80488e736b1a,
Synth,sdl_000144.png,/home/marsi/TFM/data/gen/SD_E2_HOPE/v1_8000/sdl_000144.png,284,284,,1,melanoma,,,,train,3,1,0,,,,,,,,,,,,,,,16582412362172743055,,849.8186585903168,228f399bd7d469d3d9111321f68a26b9,
Synth,sdl_000145.png,/home/marsi/TFM/data/gen/SD_E2_HOPE/v1_8000/sdl_000145.png,284,284,,1,melanoma,,,,train,3,1,0,,,,,,,,,,,,,,,17160563806738930034,,233.4397366307676,dc1bd878d77cab925e29c53dfa036920,
Synth,sdl_000146.png,/home/marsi/TFM/data/gen/SD_E2_HOPE/v1_8000/sdl_000146.png,284,284,,1,melanoma,,,,train,3,1,0,,,,,,,,,,,,,,,12496857315551712918,,409.48130840063095,16ee405dd92f61290d1907bdb55d8b54,
Synth,sdl_000147.png,/home/marsi/TFM/data/gen/SD_E2_HOPE/v1_8000/sdl_000147.png,284,284,,1,melanoma,,,,train,3,1,0,,,,,,,,,,,,,,,12751957493379912627,,298.161016962491,b7edaa24bf1851285088733a7270b25f,
Synth,sdl_000148.png,/home/marsi/TFM/data/gen/SD_E2_HOPE/v1_8000/sdl_000148.png,284,284,,1,melanoma,,,,train,3,1,0,,,,,,,,,,,,,,,14396345699512810632,,1020.539470902644,84c22e630a63e2cd35204dc98aa248de,
Synth,sdl_000149.png,/home/marsi/TFM/data/gen/SD_E2_HOPE/v1_8000/sdl_000149.png,284,284,,1,melanoma,,,,train,3,1,0,,,,,,,,,,,,,,,12474642921941418091,,990.2976703634486,bbb3727de063cf8e3281e44680d20fa1,
Synth,sdl_000150.png,/home/marsi/TFM/data/gen/SD_E2_HOPE/v1_8000/sdl_000150.png,284,284,,1,melanoma,,,,train,3,1,0,,,,,,,,,,,,,,,16798362771934138484,,471.8644424369559,329c527dd426d2f462760cc247e8910c,
Synth,sdl_000151.png,/home/marsi/TFM/data/gen/SD_E2_HOPE/v1_8000/sdl_000151.png,284,284,,1,melanoma,,,,train,3,1,0,,,,,,,,,,,,,,,15081276686811745480,,1700.2481145821512,bc9790927e15c269f38fd35ff3d9014f,
Synth,sdl_000152.png,/home/marsi/TFM/data/gen/SD_E2_HOPE/v1_8000/sdl_000152.png,284,284,,1,melanoma,,,,train,3,1,0,,,,,,,,,,,,,,,16446184412209181113,,1375.7195348134264,b534b46a1984d24e4ef624ddded858e4,
Synth,sdl_000153.png,/home/marsi/TFM/data/gen/SD_E2_HOPE/v1_8000/sdl_000153.png,284,284,,1,melanoma,,,,train,3,1,0,,,,,,,,,,,,,,,16531474654615522341,,231.32749962434173,6bff2829b9b49767f5eb5e2fe61df1ae,
Synth,sdl_000154.png,/home/marsi/TFM/data/gen/SD_E2_HOPE/v1_8000/sdl_000154.png,284,284,,1,melanoma,,,,train,3,1,0,,,,,,,,,,,,,,,16154022152312164533,,475.3049234813079,e3cad9633a690667478652d231ffb4f3,
Synth,sdl_000155.png,/home/marsi/TFM/data/gen/SD_E2_HOPE/v1_8000/sdl_000155.png,284,284,,1,melanoma,,,,train,3,1,0,,,,,,,,,,,,,,,11599168051769809801,,528.2329759588465,0cdef2b1b8a6feb607bb7bb5404102bb,
Synth,sdl_000156.png,/home/marsi/TFM/data/gen/SD_E2_HOPE/v1_8000/sdl_000156.png,284,284,,1,melanoma,,,,train,3,1,0,,,,,,,,,,,,,,,16402353153126987579,,487.7696387432516,e8be1629a4ee6be55417d87b936d7a0e,
Synth,sdl_000157.png,/home/marsi/TFM/data/gen/SD_E2_HOPE/v1_8000/sdl_000157.png,284,284,,1,melanoma,,,,train,3,1,0,,,,,,,,,,,,,,,12012255345778384278,,935.5096925459802,1123b6b9280dfc9ae6bc9b07aee3d3c8,
Synth,sdl_000159.png,/home/marsi/TFM/data/gen/SD_E2_HOPE/v1_8000/sdl_000159.png,284,284,,1,melanoma,,,,train,3,1,0,,,,,,,,,,,,,,,16516273004013887960,,334.3753647208214,19770e5fe13cd2dda8127410fa1de3be,
Synth,sdl_000160.png,/home/marsi/TFM/data/gen/SD_E2_HOPE/v1_8000/sdl_000160.png,284,284,,1,melanoma,,,,train,3,1,0,,,,,,,,,,,,,,,16309394867342783417,,579.9050479494035,d091238b6847967925f81e29539ef013,
Synth,sdl_000161.png,/home/marsi/TFM/data/gen/SD_E2_HOPE/v1_8000/sdl_000161.png,284,284,,1,melanoma,,,,train,3,1,0,,,,,,,,,,,,,,,16872991625582022113,,1407.515630765818,c74404a7b7813fc1ea08aa47b260ef75,
Synth,sdl_000163.png,/home/marsi/TFM/data/gen/SD_E2_HOPE/v1_8000/sdl_000163.png,284,284,,1,melanoma,,,,train,3,1,0,,,,,,,,,,,,,,,13058986381045681545,,581.6716679930687,8b5a473d19ea7abad527ccd05565e2ee,
Synth,sdl_000164.png,/home/marsi/TFM/data/gen/SD_E2_HOPE/v1_8000/sdl_000164.png,284,284,,1,melanoma,,,,train,3,1,0,,,,,,,,,,,,,,,16594802765593232286,,342.99388679489493,b3156d3e2f313655b65d6293a3e15b3c,
Synth,sdl_000165.png,/home/marsi/TFM/data/gen/SD_E2_HOPE/v1_8000/sdl_000165.png,284,284,,1,melanoma,,,,train,3,1,0,,,,,,,,,,,,,,,10751856586256702874,,2416.1459050690755,e066ca00afa6eef34b2c7cb4a1aa7285,
Synth,sdl_000166.png,/home/marsi/TFM/data/gen/SD_E2_HOPE/v1_8000/sdl_000166.png,284,284,,1,melanoma,,,,train,3,1,0,,,,,,,,,,,,,,,12731612066140743363,,427.84063190221786,0d8e20d0267ee5b45747e162b587022f,
Synth,sdl_000167.png,/home/marsi/TFM/data/gen/SD_E2_HOPE/v1_8000/sdl_000167.png,284,284,,1,melanoma,,,,train,3,1,0,,,,,,,,,,,,,,,17165331177449019577,,353.9474406093359,8a028432f52fceb80ca9b4ae2ca7c508,
Synth,sdl_000168.png,/home/marsi/TFM/data/gen/SD_E2_HOPE/v1_8000/sdl_000168.png,284,284,,1,melanoma,,,,train,3,1,0,,,,,,,,,,,,,,,17848924559937441480,,397.13450561463833,69a8818731fa72d2c0b79cc371925777,
Synth,sdl_000169.png,/home/marsi/TFM/data/gen/SD_E2_HOPE/v1_8000/sdl_000169.png,284,284,,1,melanoma,,,,train,3,1,0,,,,,,,,,,,,,,,17204460027192394314,,290.41143703460693,be7a8662a2bdbe6b4c716c6509259fcf,
Synth,sdl_000170.png,/home/marsi/TFM/data/gen/SD_E2_HOPE/v1_8000/sdl_000170.png,284,284,,1,melanoma,,,,train,3,1,0,,,,,,,,,,,,,,,13622778578641011146,,675.2513275435194,48b54e11d90f7da13eadc740cd6a6523,
Synth,sdl_000171.png,/home/marsi/TFM/data/gen/SD_E2_HOPE/v1_8000/sdl_000171.png,284,284,,1,melanoma,,,,train,3,1,0,,,,,,,,,,,,,,,13009500181249197990,,1201.2051112018526,98f787b39a50604ffe3c6e53af6658a7,
Synth,sdl_000172.png,/home/marsi/TFM/data/gen/SD_E2_HOPE/v1_8000/sdl_000172.png,284,284,,1,melanoma,,,,train,3,1,0,,,,,,,,,,,,,,,13198010514821183277,,1169.5062522888184,378fb3bf44c3665e335c42e3ccc3d0ec,
Synth,sdl_000174.png,/home/marsi/TFM/data/gen/SD_E2_HOPE/v1_8000/sdl_000174.png,284,284,,1,melanoma,,,,train,3,1,0,,,,,,,,,,,,,,,12667715595912878838,,474.2198916738853,4b680a1642a8620a16da8f11caab4fc1,
Synth,sdl_000175.png,/home/marsi/TFM/data/gen/SD_E2_HOPE/v1_8000/sdl_000175.png,284,284,,1,melanoma,,,,train,3,1,0,,,,,,,,,,,,,,,13204220092571390281,,506.85213382449,c0998d1d6c71ca924384bbc24e296899,
Synth,sdl_000176.png,/home/marsi/TFM/data/gen/SD_E2_HOPE/v1_8000/sdl_000176.png,284,284,,1,melanoma,,,,train,3,1,0,,,,,,,,,,,,,,,16552629038150873747,,500.0307962745428,645dbdfa615696c03e0192a4a091a128,
Synth,sdl_000177.png,/home/marsi/TFM/data/gen/SD_E2_HOPE/v1_8000/sdl_000177.png,284,284,,1,melanoma,,,,train,3,1,0,,,,,,,,,,,,,,,17400591609265200644,,1496.0528953634202,cd73d26ce1002da29401f936aeaf22ea,
Synth,sdl_000178.png,/home/marsi/TFM/data/gen/SD_E2_HOPE/v1_8000/sdl_000178.png,284,284,,1,melanoma,,,,train,3,1,0,,,,,,,,,,,,,,,13780947653343257793,,275.7749502575025,649e895ea7a2227fe51c07ef7cc8566c,
Synth,sdl_000179.png,/home/marsi/TFM/data/gen/SD_E2_HOPE/v1_8000/sdl_000179.png,284,284,,1,melanoma,,,,train,3,1,0,,,,,,,,,,,,,,,16288259230256396774,,1274.1553165903315,32c0f9042a1da19232703b77f3d2f6c8,
Synth,sdl_000180.png,/home/marsi/TFM/data/gen/SD_E2_HOPE/v1_8000/sdl_000180.png,284,284,,1,melanoma,,,,train,3,1,0,,,,,,,,,,,,,,,18173859900378143127,,1217.8626797050238,5a926ece324166e6ef3b4fe46ae5bb49,
Synth,sdl_000181.png,/home/marsi/TFM/data/gen/SD_E2_HOPE/v1_8000/sdl_000181.png,284,284,,1,melanoma,,,,train,3,1,0,,,,,,,,,,,,,,,12696434346707156031,,589.652637234889,157ef3124142e4373c5c750424b45ea4,
Synth,sdl_000182.png,/home/marsi/TFM/data/gen/SD_E2_HOPE/v1_8000/sdl_000182.png,284,284,,1,melanoma,,,,train,3,1,0,,,,,,,,,,,,,,,13581099002959051317,,278.4640970081091,72ab37afd0584ca074a119756625986c,
Synth,sdl_000183.png,/home/marsi/TFM/data/gen/SD_E2_HOPE/v1_8000/sdl_000183.png,284,284,,1,melanoma,,,,train,3,1,0,,,,,,,,,,,,,,,10743701631223321964,,790.9453978827223,11d91007d166ce74598ff048e53c77db,
Synth,sdl_000185.png,/home/marsi/TFM/data/gen/SD_E2_HOPE/v1_8000/sdl_000185.png,284,284,,1,melanoma,,,,train,3,1,0,,,,,,,,,,,,,,,13818943710663622244,,291.6022982141003,1a98fd553d4767e8dbb59a8391d3a64b,
Synth,sdl_000186.png,/home/marsi/TFM/data/gen/SD_E2_HOPE/v1_8000/sdl_000186.png,284,284,,1,melanoma,,,,train,3,1,0,,,,,,,,,,,,,,,12336821499977306407,,764.7466194396839,b1acb1b3d39ae7d0c3f24be2af453581,
Synth,sdl_000187.png,/home/marsi/TFM/data/gen/SD_E2_HOPE/v1_8000/sdl_000187.png,284,284,,1,melanoma,,,,train,3,1,0,,,,,,,,,,,,,,,16228042627072945515,,346.53520226385444,b8ea93d0c7363190026317d15271097d,
Synth,sdl_000188.png,/home/marsi/TFM/data/gen/SD_E2_HOPE/v1_8000/sdl_000188.png,284,284,,1,melanoma,,,,train,3,1,0,,,,,,,,,,,,,,,16248018525698664297,,304.9076575636864,4e575addd71e25b119e6f798ff013ee5,
Synth,sdl_000189.png,/home/marsi/TFM/data/gen/SD_E2_HOPE/v1_8000/sdl_000189.png,284,284,,1,melanoma,,,,train,3,1,0,,,,,,,,,,,,,,,17108266466095018394,,319.8916921019554,7bec8735f11776aaba3cd5b9b7af32ca,
Synth,sdl_000190.png,/home/marsi/TFM/data/gen/SD_E2_HOPE/v1_8000/sdl_000190.png,284,284,,1,melanoma,,,,train,3,1,0,,,,,,,,,,,,,,,13443737857861242791,,499.8984246216714,10020a0bf553b57173c51317eeaf7b05,
Synth,sdl_000191.png,/home/marsi/TFM/data/gen/SD_E2_HOPE/v1_8000/sdl_000191.png,284,284,,1,melanoma,,,,train,3,1,0,,,,,,,,,,,,,,,12482523468405033861,,431.48474012315273,a0dc5bf09276b723a99b80aef7ebb584,
Synth,sdl_000192.png,/home/marsi/TFM/data/gen/SD_E2_HOPE/v1_8000/sdl_000192.png,284,284,,1,melanoma,,,,train,3,1,0,,,,,,,,,,,,,,,13359015817785651847,,616.5838318979368,9141f3de8db1b937f852714388447679,
Synth,sdl_000193.png,/home/marsi/TFM/data/gen/SD_E2_HOPE/v1_8000/sdl_000193.png,284,284,,1,melanoma,,,,train,3,1,0,,,,,,,,,,,,,,,18170553024819445049,,458.06392377614975,f8c73c35c0c611ea4ddff06fd9d04584,
Synth,sdl_000194.png,/home/marsi/TFM/data/gen/SD_E2_HOPE/v1_8000/sdl_000194.png,284,284,,1,melanoma,,,,train,3,1,0,,,,,,,,,,,,,,,16739466079035077507,,488.054151958786,0cf06fb210eeafd73362d47d57624d6b,
Synth,sdl_000195.png,/home/marsi/TFM/data/gen/SD_E2_HOPE/v1_8000/sdl_000195.png,284,284,,1,melanoma,,,,train,3,1,0,,,,,,,,,,,,,,,15162544020679389466,,1143.338974416256,d5ecc8436e075d793a956f9447883843,
Synth,sdl_000196.png,/home/marsi/TFM/data/gen/SD_E2_HOPE/v1_8000/sdl_000196.png,284,284,,1,melanoma,,,,train,3,1,0,,,,,,,,,,,,,,,13562804037505922755,,336.2119122594595,93bb5d65e82c33dc920790aa315ffbc7,
Synth,sdl_000197.png,/home/marsi/TFM/data/gen/SD_E2_HOPE/v1_8000/sdl_000197.png,284,284,,1,melanoma,,,,train,3,1,0,,,,,,,,,,,,,,,18028621026669649460,,237.6095969071612,f024426f16f4ea01d8ad951d03efaf30,
Synth,sdl_000198.png,/home/marsi/TFM/data/gen/SD_E2_HOPE/v1_8000/sdl_000198.png,284,284,,1,melanoma,,,,train,3,1,0,,,,,,,,,,,,,,,9383184527603890525,,3502.6878612181167,677e06946fbab7101b16169899a378e1,
Synth,sdl_000199.png,/home/marsi/TFM/data/gen/SD_E2_HOPE/v1_8000/sdl_000199.png,284,284,,1,melanoma,,,,train,3,1,0,,,,,,,,,,,,,,,15080516374557304879,,619.3873515790328,10a666d24a67fba7835e24209a1f282b,
Synth,sdl_000200.png,/home/marsi/TFM/data/gen/SD_E2_HOPE/v1_8000/sdl_000200.png,284,284,,1,melanoma,,,,train,3,1,0,,,,,,,,,,,,,,,16362030785021437643,,444.9247609665617,8f55d3b89f1416cfdb3a1e0b7dadede7,
Synth,sdl_000201.png,/home/marsi/TFM/data/gen/SD_E2_HOPE/v1_8000/sdl_000201.png,284,284,,1,melanoma,,,,train,3,1,0,,,,,,,,,,,,,,,16148086807266813843,,659.0070086084306,c3044158c5cf362db22de8bae5e8391a,
Synth,sdl_000202.png,/home/marsi/TFM/data/gen/SD_E2_HOPE/v1_8000/sdl_000202.png,284,284,,1,melanoma,,,,train,3,1,0,,,,,,,,,,,,,,,16243240889447114219,,377.4030558755621,dc75cb4a05cb0d0f1acc59c5105c717b,
Synth,sdl_000203.png,/home/marsi/TFM/data/gen/SD_E2_HOPE/v1_8000/sdl_000203.png,284,284,,1,melanoma,,,,train,3,1,0,,,,,,,,,,,,,,,12771790044250037866,,477.322406347841,54ea82ade5a3b717755f24d0b7156e1a,
Synth,sdl_000204.png,/home/marsi/TFM/data/gen/SD_E2_HOPE/v1_8000/sdl_000204.png,284,284,,1,melanoma,,,,train,3,1,0,,,,,,,,,,,,,,,13192381293001416080,,374.5635128831491,bb4014e22dd4839c25f4e0c31d8e41fa,
Synth,sdl_000205.png,/home/marsi/TFM/data/gen/SD_E2_HOPE/v1_8000/sdl_000205.png,284,284,,1,melanoma,,,,train,3,1,0,,,,,,,,,,,,,,,13776722759827019672,,312.2879903167486,7c63e05597760ccd76de7ad7189098f0,
Synth,sdl_000206.png,/home/marsi/TFM/data/gen/SD_E2_HOPE/v1_8000/sdl_000206.png,284,284,,1,melanoma,,,,train,3,1,0,,,,,,,,,,,,,,,13264936439690505879,,255.8793179979548,043f31d62750d7d918455ba4d015e9e3,
Synth,sdl_000207.png,/home/marsi/TFM/data/gen/SD_E2_HOPE/v1_8000/sdl_000207.png,284,284,,1,melanoma,,,,train,3,1,0,,,,,,,,,,,,,,,12999571674143612013,,509.8955551600084,9ca4e3e5b1ab022279f15ad915cbe15e,
Synth,sdl_000208.png,/home/marsi/TFM/data/gen/SD_E2_HOPE/v1_8000/sdl_000208.png,284,284,,1,melanoma,,,,train,3,1,0,,,,,,,,,,,,,,,10757816094545958328,,5037.175074573606,dddab3e09cdb879b3b815f8b84468f02,
Synth,sdl_000209.png,/home/marsi/TFM/data/gen/SD_E2_HOPE/v1_8000/sdl_000209.png,284,284,,1,melanoma,,,,train,3,1,0,,,,,,,,,,,,,,,12673341779832945136,,299.94231427367777,7afd136404e02887669be933d708a8a6,
Synth,sdl_000210.png,/home/marsi/TFM/data/gen/SD_E2_HOPE/v1_8000/sdl_000210.png,284,284,,1,melanoma,,,,train,3,1,0,,,,,,,,,,,,,,,13684422238231815845,,613.4171743392944,48b250becaa67db32422a024ffa07726,
Synth,sdl_000211.png,/home/marsi/TFM/data/gen/SD_E2_HOPE/v1_8000/sdl_000211.png,284,284,,1,melanoma,,,,train,3,1,0,,,,,,,,,,,,,,,12190629359384500078,,378.6117581985891,8e7c1df1851ee844e1c5486c6ebc52c4,
Synth,sdl_000212.png,/home/marsi/TFM/data/gen/SD_E2_HOPE/v1_8000/sdl_000212.png,284,284,,1,melanoma,,,,train,3,1,0,,,,,,,,,,,,,,,12496877709623237962,,431.4582539340481,188b6c64e488a079cc7a0940dc87ae8f,
Synth,sdl_000213.png,/home/marsi/TFM/data/gen/SD_E2_HOPE/v1_8000/sdl_000213.png,284,284,,1,melanoma,,,,train,3,1,0,,,,,,,,,,,,,,,12698127741348483129,,425.19134873058647,adddef88ba8d7088b9a1057ff62dda29,
Synth,sdl_000214.png,/home/marsi/TFM/data/gen/SD_E2_HOPE/v1_8000/sdl_000214.png,284,284,,1,melanoma,,,,train,3,1,0,,,,,,,,,,,,,,,12999923493288760317,,1286.7242072671652,4e95ddd44c3b836fab4cb628ac116c4f,
Synth,sdl_000215.png,/home/marsi/TFM/data/gen/SD_E2_HOPE/v1_8000/sdl_000215.png,284,284,,1,melanoma,,,,train,3,1,0,,,,,,,,,,,,,,,12098779790541137387,,468.8269380927086,ffaf5a3fc44061c94244f90d4c372508,
Synth,sdl_000216.png,/home/marsi/TFM/data/gen/SD_E2_HOPE/v1_8000/sdl_000216.png,284,284,,1,melanoma,,,,train,3,1,0,,,,,,,,,,,,,,,13780594512541863141,,337.75643236842006,0c7d4653dfa9456c06849a102bf0ca72,
Synth,sdl_000217.png,/home/marsi/TFM/data/gen/SD_E2_HOPE/v1_8000/sdl_000217.png,284,284,,1,melanoma,,,,train,3,1,0,,,,,,,,,,,,,,,12767927884295583331,,338.57919543609023,fb59ff05d34941537b2225f107802eb0,
Synth,sdl_000218.png,/home/marsi/TFM/data/gen/SD_E2_HOPE/v1_8000/sdl_000218.png,284,284,,1,melanoma,,,,train,3,1,0,,,,,,,,,,,,,,,13771375384618918044,,652.6288384860381,3dd63996a06844285058b85a3c19fa01,
Synth,sdl_000219.png,/home/marsi/TFM/data/gen/SD_E2_HOPE/v1_8000/sdl_000219.png,284,284,,1,melanoma,,,,train,3,1,0,,,,,,,,,,,,,,,13071068792012904856,,276.25324092805386,445ac5df5cca795f92e41c2d112899de,
Synth,sdl_000220.png,/home/marsi/TFM/data/gen/SD_E2_HOPE/v1_8000/sdl_000220.png,284,284,,1,melanoma,,,,train,3,1,0,,,,,,,,,,,,,,,9615803599423414163,,1511.8181611560285,ba43005e2be7900f4877ccab55141dd6,
Synth,sdl_000221.png,/home/marsi/TFM/data/gen/SD_E2_HOPE/v1_8000/sdl_000221.png,284,284,,1,melanoma,,,,train,3,1,0,,,,,,,,,,,,,,,12478019015122229125,,1589.8696940680966,5a07f7cba06cd05e58cc360df3c68a53,
Synth,sdl_000222.png,/home/marsi/TFM/data/gen/SD_E2_HOPE/v1_8000/sdl_000222.png,284,284,,1,melanoma,,,,train,3,1,0,,,,,,,,,,,,,,,12338614943602467546,,416.7008681511506,a26f6910d4aa447c4d7700c83ec4d6e9,
Synth,sdl_000223.png,/home/marsi/TFM/data/gen/SD_E2_HOPE/v1_8000/sdl_000223.png,284,284,,1,melanoma,,,,train,3,1,0,,,,,,,,,,,,,,,16963582779649449877,,1824.084776878357,612bdd6c70d19945b07f0e9001d92dc7,
Synth,sdl_000225.png,/home/marsi/TFM/data/gen/SD_E2_HOPE/v1_8000/sdl_000225.png,284,284,,1,melanoma,,,,train,3,1,0,,,,,,,,,,,,,,,16245494097896019128,,876.3868695786223,fe9fa2cc16c0a9dd16174978f95faaf9,
Synth,sdl_000226.png,/home/marsi/TFM/data/gen/SD_E2_HOPE/v1_8000/sdl_000226.png,284,284,,1,melanoma,,,,train,3,1,0,,,,,,,,,,,,,,,12985217871701201020,,483.22632740437984,71c9919b5fdab9cce380c839b49ab61d,
Synth,sdl_000227.png,/home/marsi/TFM/data/gen/SD_E2_HOPE/v1_8000/sdl_000227.png,284,284,,1,melanoma,,,,train,3,1,0,,,,,,,,,,,,,,,16738621104399334083,,447.65700086113065,a94d91e8cf9c79d306305fc3a951c4ba,
Synth,sdl_000228.png,/home/marsi/TFM/data/gen/SD_E2_HOPE/v1_8000/sdl_000228.png,284,284,,1,melanoma,,,,train,3,1,0,,,,,,,,,,,,,,,11833069246691024760,,331.3024871936068,82cc1fa2fbda062223a99d6699f36b3f,
Synth,sdl_000229.png,/home/marsi/TFM/data/gen/SD_E2_HOPE/v1_8000/sdl_000229.png,284,284,,1,melanoma,,,,train,3,1,0,,,,,,,,,,,,,,,12617640992022029134,,523.959201685153,c1f9bbe579cb06774cb695e1cf735f21,
Synth,sdl_000230.png,/home/marsi/TFM/data/gen/SD_E2_HOPE/v1_8000/sdl_000230.png,284,284,,1,melanoma,,,,train,3,1,0,,,,,,,,,,,,,,,10898456975304874720,,268.62538331374526,1337c740404b127195fb4106eb339f23,
Synth,sdl_000231.png,/home/marsi/TFM/data/gen/SD_E2_HOPE/v1_8000/sdl_000231.png,284,284,,1,melanoma,,,,train,3,1,0,,,,,,,,,,,,,,,13052506270558992231,,300.97312611248344,798f782df40fc402535c0c0efffa7def,
Synth,sdl_000232.png,/home/marsi/TFM/data/gen/SD_E2_HOPE/v1_8000/sdl_000232.png,284,284,,1,melanoma,,,,train,3,1,0,,,,,,,,,,,,,,,16163020150697056987,,659.2741388939321,d0cf4478b2877e00edeb89d22e53d154,
Synth,sdl_000233.png,/home/marsi/TFM/data/gen/SD_E2_HOPE/v1_8000/sdl_000233.png,284,284,,1,melanoma,,,,train,3,1,0,,,,,,,,,,,,,,,13182528825000232082,,491.61493867635727,ba12445fb2bbdd68ad2ce5490cce2ba2,
Synth,sdl_000234.png,/home/marsi/TFM/data/gen/SD_E2_HOPE/v1_8000/sdl_000234.png,284,284,,1,melanoma,,,,train,3,1,0,,,,,,,,,,,,,,,12541263813107947760,,571.5964917903766,e363edde6aa3452afcf9235c875cdeb8,
Synth,sdl_000235.png,/home/marsi/TFM/data/gen/SD_E2_HOPE/v1_8000/sdl_000235.png,284,284,,1,melanoma,,,,train,3,1,0,,,,,,,,,,,,,,,17022640951322946855,,408.71556673850864,86982ad373461668dd81f45a2d9d1398,
Synth,sdl_000236.png,/home/marsi/TFM/data/gen/SD_E2_HOPE/v1_8000/sdl_000236.png,284,284,,1,melanoma,,,,train,3,1,0,,,,,,,,,,,,,,,13179152412104006364,,439.764009937644,de161ffa6766f13e110c0b53d5164a36,
Synth,sdl_000237.png,/home/marsi/TFM/data/gen/SD_E2_HOPE/v1_8000/sdl_000237.png,284,284,,1,melanoma,,,,train,3,1,0,,,,,,,,,,,,,,,16442245120163267367,,337.35211671795696,c5ed6c7de11e7e2e8e32295bc7279562,
Synth,sdl_000238.png,/home/marsi/TFM/data/gen/SD_E2_HOPE/v1_8000/sdl_000238.png,284,284,,1,melanoma,,,,train,3,1,0,,,,,,,,,,,,,,,10621322289484298097,,1113.2563720187172,a5e0d9677ff29f621d48afe2e280ef0f,
Synth,sdl_000239.png,/home/marsi/TFM/data/gen/SD_E2_HOPE/v1_8000/sdl_000239.png,284,284,,1,melanoma,,,,train,3,1,0,,,,,,,,,,,,,,,13125391298004466020,,301.6290870150551,14aeb1e269ff2783563a8e87bf6ecb28,
Synth,sdl_000240.png,/home/marsi/TFM/data/gen/SD_E2_HOPE/v1_8000/sdl_000240.png,284,284,,1,melanoma,,,,train,3,1,0,,,,,,,,,,,,,,,13418077001153202379,,12567.564735352991,7bcee1e46c0585d1d4607c00eeaba7c5,
Synth,sdl_000241.png,/home/marsi/TFM/data/gen/SD_E2_HOPE/v1_8000/sdl_000241.png,284,284,,1,melanoma,,,,train,3,1,0,,,,,,,,,,,,,,,13058416785941808519,,547.3782225698233,bfcfcda6081b6cede8b38102774d3e17,
Synth,sdl_000242.png,/home/marsi/TFM/data/gen/SD_E2_HOPE/v1_8000/sdl_000242.png,284,284,,1,melanoma,,,,train,3,1,0,,,,,,,,,,,,,,,16172872416020434635,,266.59649426396936,9b031e37e9f57f9fd482d371672dbe63,
Synth,sdl_000243.png,/home/marsi/TFM/data/gen/SD_E2_HOPE/v1_8000/sdl_000243.png,284,284,,1,melanoma,,,,train,3,1,0,,,,,,,,,,,,,,,12498263114513355726,,1143.4165791869164,f5d69580a561b44600bb43c468f62515,
Synth,sdl_000244.png,/home/marsi/TFM/data/gen/SD_E2_HOPE/v1_8000/sdl_000244.png,284,284,,1,melanoma,,,,train,3,1,0,,,,,,,,,,,,,,,13775601705431536444,,692.4609505450353,953acbafc02e4bb43c57a1637b81cd19,
Synth,sdl_000246.png,/home/marsi/TFM/data/gen/SD_E2_HOPE/v1_8000/sdl_000246.png,284,284,,1,melanoma,,,,train,3,1,0,,,,,,,,,,,,,,,11619171454394133732,,674.3410666352138,253f23190183af71b60c8e3e3b924ec2,
Synth,sdl_000247.png,/home/marsi/TFM/data/gen/SD_E2_HOPE/v1_8000/sdl_000247.png,284,284,,1,melanoma,,,,train,3,1,0,,,,,,,,,,,,,,,12942435904520024733,,535.0298721753061,14465ab8ae992b6dea46c0d2d20fc256,
Synth,sdl_000249.png,/home/marsi/TFM/data/gen/SD_E2_HOPE/v1_8000/sdl_000249.png,284,284,,1,melanoma,,,,train,3,1,0,,,,,,,,,,,,,,,17254293528601094252,,646.6043350659311,576ecbbab15c2700e6651a4845bc4c90,
Synth,sdl_000250.png,/home/marsi/TFM/data/gen/SD_E2_HOPE/v1_8000/sdl_000250.png,284,284,,1,melanoma,,,,train,3,1,0,,,,,,,,,,,,,,,12926387132264247907,,345.31723514106125,28582cd20d5db7fc7a79c4df5ebad65b,
Synth,sdl_000251.png,/home/marsi/TFM/data/gen/SD_E2_HOPE/v1_8000/sdl_000251.png,284,284,,1,melanoma,,,,train,3,1,0,,,,,,,,,,,,,,,17324371079558020392,,293.6672512134537,143a32d6b5ec9553755633a81e1136fe,
Synth,sdl_000252.png,/home/marsi/TFM/data/gen/SD_E2_HOPE/v1_8000/sdl_000252.png,284,284,,1,melanoma,,,,train,3,1,0,,,,,,,,,,,,,,,12999291303750089879,,800.2272538505495,b75491e63496e01e06c2771fc38b131b,
Synth,sdl_000253.png,/home/marsi/TFM/data/gen/SD_E2_HOPE/v1_8000/sdl_000253.png,284,284,,1,melanoma,,,,train,3,1,0,,,,,,,,,,,,,,,12987187000666516635,,307.24132580216974,b093b78a5fddabd74856f381ce6f86eb,
Synth,sdl_000254.png,/home/marsi/TFM/data/gen/SD_E2_HOPE/v1_8000/sdl_000254.png,284,284,,1,melanoma,,,,train,3,1,0,,,,,,,,,,,,,,,16326975213192708423,,661.0496129393578,acc1e83b753cee8520dc10b15fe468a4,
Synth,sdl_000255.png,/home/marsi/TFM/data/gen/SD_E2_HOPE/v1_8000/sdl_000255.png,284,284,,1,melanoma,,,,train,3,1,0,,,,,,,,,,,,,,,16600441521613022584,,339.63546508550644,58b79569e8b4fce569b79fdd95db5426,
Synth,sdl_000256.png,/home/marsi/TFM/data/gen/SD_E2_HOPE/v1_8000/sdl_000256.png,284,284,,1,melanoma,,,,train,3,1,0,,,,,,,,,,,,,,,12955660735861119027,,756.6355493208393,84318517bc40ac84a151c93606407929,
Synth,sdl_000257.png,/home/marsi/TFM/data/gen/SD_E2_HOPE/v1_8000/sdl_000257.png,284,284,,1,melanoma,,,,train,3,1,0,,,,,,,,,,,,,,,16878226714089326227,,605.1814229339361,b7f9df841c6c1f033943feb2b2d1ee20,
Synth,sdl_000258.png,/home/marsi/TFM/data/gen/SD_E2_HOPE/v1_8000/sdl_000258.png,284,284,,1,melanoma,,,,train,3,1,0,,,,,,,,,,,,,,,13483711727245480922,,317.5223304918036,c9a3cbc839cb50d153cc890af60ed8ab,
Synth,sdl_000259.png,/home/marsi/TFM/data/gen/SD_E2_HOPE/v1_8000/sdl_000259.png,284,284,,1,melanoma,,,,train,3,1,0,,,,,,,,,,,,,,,17891255018031788059,,338.53980479296297,d5f272df0dcc8d98718d1974c905560a,
Synth,sdl_000261.png,/home/marsi/TFM/data/gen/SD_E2_HOPE/v1_8000/sdl_000261.png,284,284,,1,melanoma,,,,train,3,1,0,,,,,,,,,,,,,,,16389602710867880306,,347.2139536701143,077e9e43f21b3b2724b0cb9e06ed164d,
Synth,sdl_000262.png,/home/marsi/TFM/data/gen/SD_E2_HOPE/v1_8000/sdl_000262.png,284,284,,1,melanoma,,,,train,3,1,0,,,,,,,,,,,,,,,17237181109777920078,,531.4663733839989,e09c928da59d253af3128e0eef0336cc,
Synth,sdl_000264.png,/home/marsi/TFM/data/gen/SD_E2_HOPE/v1_8000/sdl_000264.png,284,284,,1,melanoma,,,,train,3,1,0,,,,,,,,,,,,,,,13779837147116211767,,382.6285352110863,65e24ee92f677ed3f53719418e584c35,
Synth,sdl_000265.png,/home/marsi/TFM/data/gen/SD_E2_HOPE/v1_8000/sdl_000265.png,284,284,,1,melanoma,,,,train,3,1,0,,,,,,,,,,,,,,,11902951108683258307,,873.2194108134136,d27ef64100951baa73f7bece64a05440,
Synth,sdl_000266.png,/home/marsi/TFM/data/gen/SD_E2_HOPE/v1_8000/sdl_000266.png,284,284,,1,melanoma,,,,train,3,1,0,,,,,,,,,,,,,,,16298975168357262629,,272.4087749263272,f42a9ea6203c2e35bf7b4b707937d872,
Synth,sdl_000267.png,/home/marsi/TFM/data/gen/SD_E2_HOPE/v1_8000/sdl_000267.png,284,284,,1,melanoma,,,,train,3,1,0,,,,,,,,,,,,,,,17665870383600769589,,295.0792546123266,bedf678c017020c1418ff5744c378ed7,
Synth,sdl_000268.png,/home/marsi/TFM/data/gen/SD_E2_HOPE/v1_8000/sdl_000268.png,284,284,,1,melanoma,,,,train,3,1,0,,,,,,,,,,,,,,,17900831685299876396,,348.5344236455858,f178bf1435a2d45203b2128efa0eaf96,
Synth,sdl_000269.png,/home/marsi/TFM/data/gen/SD_E2_HOPE/v1_8000/sdl_000269.png,284,284,,1,melanoma,,,,train,3,1,0,,,,,,,,,,,,,,,12049891809775439211,,245.2385783046484,70dfec3ae0a3b75fe53918c29c9b7741,
Synth,sdl_000270.png,/home/marsi/TFM/data/gen/SD_E2_HOPE/v1_8000/sdl_000270.png,284,284,,1,melanoma,,,,train,3,1,0,,,,,,,,,,,,,,,10172814449656140542,,846.3911914229393,09d990a0c1e4c737b2f046969cd1a8c7,
Synth,sdl_000271.png,/home/marsi/TFM/data/gen/SD_E2_HOPE/v1_8000/sdl_000271.png,284,284,,1,melanoma,,,,train,3,1,0,,,,,,,,,,,,,,,17933757882296093296,,505.6417696466669,3a2981b02fec0c6a197ab58a77349cdb,
Synth,sdl_000272.png,/home/marsi/TFM/data/gen/SD_E2_HOPE/v1_8000/sdl_000272.png,284,284,,1,melanoma,,,,train,3,1,0,,,,,,,,,,,,,,,13635440293628823004,,729.010764837265,06f577baa18673d4f11631d1633be811,
Synth,sdl_000273.png,/home/marsi/TFM/data/gen/SD_E2_HOPE/v1_8000/sdl_000273.png,284,284,,1,melanoma,,,,train,3,1,0,,,,,,,,,,,,,,,13706583283910485405,,335.2323607644066,c7e14a468a1e1da9b11075db5655f9af,
Synth,sdl_000274.png,/home/marsi/TFM/data/gen/SD_E2_HOPE/v1_8000/sdl_000274.png,284,284,,1,melanoma,,,,train,3,1,0,,,,,,,,,,,,,,,17584541356316374669,,278.6383564462885,fc7a217a5a88098fa75cdf42005a1bfd,
Synth,sdl_000275.png,/home/marsi/TFM/data/gen/SD_E2_HOPE/v1_8000/sdl_000275.png,284,284,,1,melanoma,,,,train,3,1,0,,,,,,,,,,,,,,,13791078378382449352,,236.6374680995941,59bffd9bba09ee7f9db773aaa67be360,
Synth,sdl_000276.png,/home/marsi/TFM/data/gen/SD_E2_HOPE/v1_8000/sdl_000276.png,284,284,,1,melanoma,,,,train,3,1,0,,,,,,,,,,,,,,,14068010352326760654,,891.2938481532037,5f0053d28b73d548aa2061ff9157b3e9,
Synth,sdl_000277.png,/home/marsi/TFM/data/gen/SD_E2_HOPE/v1_8000/sdl_000277.png,284,284,,1,melanoma,,,,train,3,1,0,,,,,,,,,,,,,,,14534581066827914118,,972.8195173703134,577114fd557afc927118a5b6648bcc89,
Synth,sdl_000278.png,/home/marsi/TFM/data/gen/SD_E2_HOPE/v1_8000/sdl_000278.png,284,284,,1,melanoma,,,,train,3,1,0,,,,,,,,,,,,,,,12554299313760768730,,674.0754861235619,6b5ecb1d7f9b21cf7947c2b0b42fb131,
Synth,sdl_000279.png,/home/marsi/TFM/data/gen/SD_E2_HOPE/v1_8000/sdl_000279.png,284,284,,1,melanoma,,,,train,3,1,0,,,,,,,,,,,,,,,10668698450972200896,,805.7603858076036,7bd18b881747dc809fa6648c53b5072d,
Synth,sdl_000280.png,/home/marsi/TFM/data/gen/SD_E2_HOPE/v1_8000/sdl_000280.png,284,284,,1,melanoma,,,,train,3,1,0,,,,,,,,,,,,,,,9888715029347062389,,820.110242690891,d2a7b5cf680f849788e9cf7d6e88adb7,
Synth,sdl_000282.png,/home/marsi/TFM/data/gen/SD_E2_HOPE/v1_8000/sdl_000282.png,284,284,,1,melanoma,,,,train,3,1,0,,,,,,,,,,,,,,,12911487782952718052,,1194.170159629546,35b95871fff678b8ba5cba63b0ad30b4,
Synth,sdl_000283.png,/home/marsi/TFM/data/gen/SD_E2_HOPE/v1_8000/sdl_000283.png,284,284,,1,melanoma,,,,train,3,1,0,,,,,,,,,,,,,,,16510996372666404139,,288.9676959281787,32db649c0ea4868cfbfa60b0bfb61701,
Synth,sdl_000284.png,/home/marsi/TFM/data/gen/SD_E2_HOPE/v1_8000/sdl_000284.png,284,284,,1,melanoma,,,,train,3,1,0,,,,,,,,,,,,,,,13201951877441547559,,522.5383084258065,9fa548c859249e6cc063949676ddb154,
Synth,sdl_000285.png,/home/marsi/TFM/data/gen/SD_E2_HOPE/v1_8000/sdl_000285.png,284,284,,1,melanoma,,,,train,3,1,0,,,,,,,,,,,,,,,9596850780425144230,,534.1621517529711,f42881879d56866ab22699c3b0a85769,
Synth,sdl_000286.png,/home/marsi/TFM/data/gen/SD_E2_HOPE/v1_8000/sdl_000286.png,284,284,,1,melanoma,,,,train,3,1,0,,,,,,,,,,,,,,,17189819565038639671,,259.6124721132219,9ea9351aadc1b5ffc4f5e56a6106d909,
Synth,sdl_000287.png,/home/marsi/TFM/data/gen/SD_E2_HOPE/v1_8000/sdl_000287.png,284,284,,1,melanoma,,,,train,3,1,0,,,,,,,,,,,,,,,13056289161296016971,,919.3177661262451,3f64e903bb42a19911c3ba298be2ad3f,
Synth,sdl_000288.png,/home/marsi/TFM/data/gen/SD_E2_HOPE/v1_8000/sdl_000288.png,284,284,,1,melanoma,,,,train,3,1,0,,,,,,,,,,,,,,,12912613769109596268,,374.1932312101126,7a339835789fdad9355c000a9dd8ddc4,
Synth,sdl_000289.png,/home/marsi/TFM/data/gen/SD_E2_HOPE/v1_8000/sdl_000289.png,284,284,,1,melanoma,,,,train,3,1,0,,,,,,,,,,,,,,,16963236699131109978,,253.00573458895087,536b165d32797860bea11bb062e08c54,
Synth,sdl_000290.png,/home/marsi/TFM/data/gen/SD_E2_HOPE/v1_8000/sdl_000290.png,284,284,,1,melanoma,,,,train,3,1,0,,,,,,,,,,,,,,,9302806714311499117,,653.9704275131226,02907b0cbe03b2989a498216a1359775,
Synth,sdl_000291.png,/home/marsi/TFM/data/gen/SD_E2_HOPE/v1_8000/sdl_000291.png,284,284,,1,melanoma,,,,train,3,1,0,,,,,,,,,,,,,,,17249208916820375955,,426.15500482544303,5afef767ccb377fb2f3d3b55a16f8b3c,
Synth,sdl_000292.png,/home/marsi/TFM/data/gen/SD_E2_HOPE/v1_8000/sdl_000292.png,284,284,,1,melanoma,,,,train,3,1,0,,,,,,,,,,,,,,,16886675085060137743,,261.5304458802566,600ae861d40efaaa5860c38349f297d1,
Synth,sdl_000293.png,/home/marsi/TFM/data/gen/SD_E2_HOPE/v1_8000/sdl_000293.png,284,284,,1,melanoma,,,,train,3,1,0,,,,,,,,,,,,,,,9957270103401199241,,666.1541769169271,69f446d30410ccb9d01552cc8b1423d8,
Synth,sdl_000294.png,/home/marsi/TFM/data/gen/SD_E2_HOPE/v1_8000/sdl_000294.png,284,284,,1,melanoma,,,,train,3,1,0,,,,,,,,,,,,,,,17186159711604751467,,429.4371446957812,e09541b403418f361a22404eec0b00b6,
Synth,sdl_000295.png,/home/marsi/TFM/data/gen/SD_E2_HOPE/v1_8000/sdl_000295.png,284,284,,1,melanoma,,,,train,3,1,0,,,,,,,,,,,,,,,10825393378493027040,,319.83493173029274,54b61b1f3930c30aee6950c0dead5ee9,
Synth,sdl_000296.png,/home/marsi/TFM/data/gen/SD_E2_HOPE/v1_8000/sdl_000296.png,284,284,,1,melanoma,,,,train,3,1,0,,,,,,,,,,,,,,,12327144900438318185,,625.8710269024596,c44c6752f88824995faecd903160dfeb,
Synth,sdl_000298.png,/home/marsi/TFM/data/gen/SD_E2_HOPE/v1_8000/sdl_000298.png,284,284,,1,melanoma,,,,train,3,1,0,,,,,,,,,,,,,,,9884210188516702578,,1503.878412670456,9d8bc4cdbe66b4a797dd5f44c2e636ab,
Synth,sdl_000299.png,/home/marsi/TFM/data/gen/SD_E2_HOPE/v1_8000/sdl_000299.png,284,284,,1,melanoma,,,,train,3,1,0,,,,,,,,,,,,,,,16961893939794779793,,454.1492242952809,3b20deb8f246ece94ae06ad378d7b8d1,
Synth,sdl_000300.png,/home/marsi/TFM/data/gen/SD_E2_HOPE/v1_8000/sdl_000300.png,284,284,,1,melanoma,,,,train,3,1,0,,,,,,,,,,,,,,,13641052220132890398,,688.997102460824,02ac3259dec9d54a5d0ca46de0552cc6,
Synth,sdl_000301.png,/home/marsi/TFM/data/gen/SD_E2_HOPE/v1_8000/sdl_000301.png,284,284,,1,melanoma,,,,train,3,1,0,,,,,,,,,,,,,,,17221998859023430735,,995.6513404250144,c627175944cb419299a46cf30689da33,
Synth,sdl_000302.png,/home/marsi/TFM/data/gen/SD_E2_HOPE/v1_8000/sdl_000302.png,284,284,,1,melanoma,,,,train,3,1,0,,,,,,,,,,,,,,,13638799840901618899,,296.6765653854236,39eeeecb68a85947fa0eae12ed5dad2c,
Synth,sdl_000303.png,/home/marsi/TFM/data/gen/SD_E2_HOPE/v1_8000/sdl_000303.png,284,284,,1,melanoma,,,,train,3,1,0,,,,,,,,,,,,,,,11851085870540571749,,524.3964463090524,d15a3b28c5e0fb0ded3d8a2ac340f0aa,
Synth,sdl_000304.png,/home/marsi/TFM/data/gen/SD_E2_HOPE/v1_8000/sdl_000304.png,284,284,,1,melanoma,,,,train,3,1,0,,,,,,,,,,,,,,,17160827582184953998,,275.5277668153867,f82b8e1a8a863f5ec22d808b3cbd1439,
Synth,sdl_000305.png,/home/marsi/TFM/data/gen/SD_E2_HOPE/v1_8000/sdl_000305.png,284,284,,1,melanoma,,,,train,3,1,0,,,,,,,,,,,,,,,16317269113419877673,,526.8172813616693,a72000680481d48e1b3ddb74d5fc9c0d,
Synth,sdl_000306.png,/home/marsi/TFM/data/gen/SD_E2_HOPE/v1_8000/sdl_000306.png,284,284,,1,melanoma,,,,train,3,1,0,,,,,,,,,,,,,,,16918476914362374370,,710.2046804428101,16319e7494da76d076c02d80b0f5eaea,
Synth,sdl_000307.png,/home/marsi/TFM/data/gen/SD_E2_HOPE/v1_8000/sdl_000307.png,284,284,,1,melanoma,,,,train,3,1,0,,,,,,,,,,,,,,,10550337667049282231,,2294.1861073970795,c83deda863829f90f4ebf85b982d9b88,
Synth,sdl_000308.png,/home/marsi/TFM/data/gen/SD_E2_HOPE/v1_8000/sdl_000308.png,284,284,,1,melanoma,,,,train,3,1,0,,,,,,,,,,,,,,,11393140534004302070,,763.9624921223149,b42e7e6bd836c711b2a0fe5277cd55cc,
Synth,sdl_000309.png,/home/marsi/TFM/data/gen/SD_E2_HOPE/v1_8000/sdl_000309.png,284,284,,1,melanoma,,,,train,3,1,0,,,,,,,,,,,,,,,14211562615916073891,,1354.5162652125582,ba3b9100ae45dee609e26cd1077dcd12,
Synth,sdl_000310.png,/home/marsi/TFM/data/gen/SD_E2_HOPE/v1_8000/sdl_000310.png,284,284,,1,melanoma,,,,train,3,1,0,,,,,,,,,,,,,,,12986905729579042269,,1480.4495558701456,ab35e47dcf48a327af7f8877eaea7df6,
Synth,sdl_000311.png,/home/marsi/TFM/data/gen/SD_E2_HOPE/v1_8000/sdl_000311.png,284,284,,1,melanoma,,,,train,3,1,0,,,,,,,,,,,,,,,17904226574875636892,,638.1121885394678,787d11a250f68cf6516afbde8b7aafb7,
Synth,sdl_000312.png,/home/marsi/TFM/data/gen/SD_E2_HOPE/v1_8000/sdl_000312.png,284,284,,1,melanoma,,,,train,3,1,0,,,,,,,,,,,,,,,18406916114488896664,,513.558479516767,0cd428ab7a939694681fced4badd0fc4,
Synth,sdl_000313.png,/home/marsi/TFM/data/gen/SD_E2_HOPE/v1_8000/sdl_000313.png,284,284,,1,melanoma,,,,train,3,1,0,,,,,,,,,,,,,,,13071068804993082708,,286.54169284924865,62f9f883b1f6048dc840b4abbe445975,
Synth,sdl_000314.png,/home/marsi/TFM/data/gen/SD_E2_HOPE/v1_8000/sdl_000314.png,284,284,,1,melanoma,,,,train,3,1,0,,,,,,,,,,,,,,,13200824594574741464,,622.4257403463125,dc8fff69f08083232f2467e5b10afef0,
Synth,sdl_000315.png,/home/marsi/TFM/data/gen/SD_E2_HOPE/v1_8000/sdl_000315.png,284,284,,1,melanoma,,,,train,3,1,0,,,,,,,,,,,,,,,16420014500724744666,,347.7408170318231,b7b0553f44f65f959e0f63ee814d1061,
Synth,sdl_000317.png,/home/marsi/TFM/data/gen/SD_E2_HOPE/v1_8000/sdl_000317.png,284,284,,1,melanoma,,,,train,3,1,0,,,,,,,,,,,,,,,16195092829471414205,,4126.915381070226,9268c5887c3e201e65a2736da67476ad,
Synth,sdl_000318.png,/home/marsi/TFM/data/gen/SD_E2_HOPE/v1_8000/sdl_000318.png,284,284,,1,melanoma,,,,train,3,1,0,,,,,,,,,,,,,,,12910910454290334572,,3028.700343847275,5671396792073c97d2f96f76997cff6a,
Synth,sdl_000319.png,/home/marsi/TFM/data/gen/SD_E2_HOPE/v1_8000/sdl_000319.png,284,284,,1,melanoma,,,,train,3,1,0,,,,,,,,,,,,,,,13002666315191694911,,466.7158124446869,fbf43d9af8e10e69b7efbdde878c91d6,
Synth,sdl_000320.png,/home/marsi/TFM/data/gen/SD_E2_HOPE/v1_8000/sdl_000320.png,284,284,,1,melanoma,,,,train,3,1,0,,,,,,,,,,,,,,,12644019705823116928,,1349.3844341598451,972d5ed8c1f7b0b21c511f4f74de2830,
Synth,sdl_000321.png,/home/marsi/TFM/data/gen/SD_E2_HOPE/v1_8000/sdl_000321.png,284,284,,1,melanoma,,,,train,3,1,0,,,,,,,,,,,,,,,13130466570554271353,,389.640698238276,7ecd782a4e8c326f11d08954c3dc8e04,
Synth,sdl_000322.png,/home/marsi/TFM/data/gen/SD_E2_HOPE/v1_8000/sdl_000322.png,284,284,,1,melanoma,,,,train,3,1,0,,,,,,,,,,,,,,,16739744942581159639,,603.9267370840535,17d27ff10d3b77576360df6906876622,
Synth,sdl_000323.png,/home/marsi/TFM/data/gen/SD_E2_HOPE/v1_8000/sdl_000323.png,284,284,,1,melanoma,,,,train,3,1,0,,,,,,,,,,,,,,,17737644588094928665,,499.6857849210501,67c0ac9dfb0d6534c2dd614018e359ee,
Synth,sdl_000324.png,/home/marsi/TFM/data/gen/SD_E2_HOPE/v1_8000/sdl_000324.png,284,284,,1,melanoma,,,,train,3,1,0,,,,,,,,,,,,,,,17903362515788443849,,540.0969341015443,5f340bdd3f69a24a5b8b28b09befb74b,
Synth,sdl_000325.png,/home/marsi/TFM/data/gen/SD_E2_HOPE/v1_8000/sdl_000325.png,284,284,,1,melanoma,,,,train,3,1,0,,,,,,,,,,,,,,,16243243285170753896,,600.3085571490228,2d5ebc85ab04be4f4bb086064256643f,
Synth,sdl_000326.png,/home/marsi/TFM/data/gen/SD_E2_HOPE/v1_8000/sdl_000326.png,284,284,,1,melanoma,,,,train,3,1,0,,,,,,,,,,,,,,,13769703534220109334,,653.0511114448309,7cb1f30fa44b190dfe42a921e99f42b8,
Synth,sdl_000327.png,/home/marsi/TFM/data/gen/SD_E2_HOPE/v1_8000/sdl_000327.png,284,284,,1,melanoma,,,,train,3,1,0,,,,,,,,,,,,,,,12337265900431399565,,659.9578153155744,83d7088074431053d9820013eb9cc5f9,
Synth,sdl_000328.png,/home/marsi/TFM/data/gen/SD_E2_HOPE/v1_8000/sdl_000328.png,284,284,,1,melanoma,,,,train,3,1,0,,,,,,,,,,,,,,,13502584002498272749,,531.3852204447612,5a362b99cae12ee4a12cfb5c53740d35,
Synth,sdl_000329.png,/home/marsi/TFM/data/gen/SD_E2_HOPE/v1_8000/sdl_000329.png,284,284,,1,melanoma,,,,train,3,1,0,,,,,,,,,,,,,,,18319101501761022487,,463.2293129106984,8acb8b305d1058482f997f2f51ce2c54,
Synth,sdl_000330.png,/home/marsi/TFM/data/gen/SD_E2_HOPE/v1_8000/sdl_000330.png,284,284,,1,melanoma,,,,train,3,1,0,,,,,,,,,,,,,,,13107955438689535774,,555.0872888257727,dea9d2d02ebefc82a762b377792b3c81,
Synth,sdl_000331.png,/home/marsi/TFM/data/gen/SD_E2_HOPE/v1_8000/sdl_000331.png,284,284,,1,melanoma,,,,train,3,1,0,,,,,,,,,,,,,,,14081926797760227705,,1171.8989524086935,4b6fe0064c9f70a77b1b47802e8c3072,
Synth,sdl_000332.png,/home/marsi/TFM/data/gen/SD_E2_HOPE/v1_8000/sdl_000332.png,284,284,,1,melanoma,,,,train,3,1,0,,,,,,,,,,,,,,,13622194667030000951,,477.1399007355794,5282eb303fc2cefbf1241653246d96be,
Synth,sdl_000333.png,/home/marsi/TFM/data/gen/SD_E2_HOPE/v1_8000/sdl_000333.png,284,284,,1,melanoma,,,,train,3,1,0,,,,,,,,,,,,,,,16157653093146465744,,604.6633235728368,a9c8d5f7582ffe0f7217bf1ed7e2493c,
Synth,sdl_000334.png,/home/marsi/TFM/data/gen/SD_E2_HOPE/v1_8000/sdl_000334.png,284,284,,1,melanoma,,,,train,3,1,0,,,,,,,,,,,,,,,12895993177953153380,,415.64672165270895,96d32ea91b49df9a860be2372d19fce5,
Synth,sdl_000335.png,/home/marsi/TFM/data/gen/SD_E2_HOPE/v1_8000/sdl_000335.png,284,284,,1,melanoma,,,,train,3,1,0,,,,,,,,,,,,,,,16441944915555802513,,1270.9070948800072,f32dddccd9c4fcdb28f5432f4f684889,
Synth,sdl_000336.png,/home/marsi/TFM/data/gen/SD_E2_HOPE/v1_8000/sdl_000336.png,284,284,,1,melanoma,,,,train,3,1,0,,,,,,,,,,,,,,,12061133062714474022,,361.66779246833175,eedf67b23a5b0d2a3f626909c01f49a0,
Synth,sdl_000337.png,/home/marsi/TFM/data/gen/SD_E2_HOPE/v1_8000/sdl_000337.png,284,284,,1,melanoma,,,,train,3,1,0,,,,,,,,,,,,,,,13504819770219216012,,478.385375498794,bdcfad9064404d28a9ff8fd7b0f3df33,
Synth,sdl_000339.png,/home/marsi/TFM/data/gen/SD_E2_HOPE/v1_8000/sdl_000339.png,284,284,,1,melanoma,,,,train,3,1,0,,,,,,,,,,,,,,,13481192299390332738,,943.5458256965504,758bdefb66905fa6062dc57b0de5eba3,
Synth,sdl_000340.png,/home/marsi/TFM/data/gen/SD_E2_HOPE/v1_8000/sdl_000340.png,284,284,,1,melanoma,,,,train,3,1,0,,,,,,,,,,,,,,,10681486615212170784,,2597.085233955644,36fbf46a784bfca326b0498379248643,
Synth,sdl_000341.png,/home/marsi/TFM/data/gen/SD_E2_HOPE/v1_8000/sdl_000341.png,284,284,,1,melanoma,,,,train,3,1,0,,,,,,,,,,,,,,,12478842075993568051,,327.99320911522955,be0acfd39992291d2ffb9532b85b968a,
Synth,sdl_000342.png,/home/marsi/TFM/data/gen/SD_E2_HOPE/v1_8000/sdl_000342.png,284,284,,1,melanoma,,,,train,3,1,0,,,,,,,,,,,,,,,15578170254559489747,,1437.0902621811256,43efc902462830a5aefa1a35361109ab,
Synth,sdl_000343.png,/home/marsi/TFM/data/gen/SD_E2_HOPE/v1_8000/sdl_000343.png,284,284,,1,melanoma,,,,train,3,1,0,,,,,,,,,,,,,,,12912616776362388495,,232.3225253885612,890bcddf5eb6d3537afd92b7beca595d,
Synth,sdl_000344.png,/home/marsi/TFM/data/gen/SD_E2_HOPE/v1_8000/sdl_000344.png,284,284,,1,melanoma,,,,train,3,1,0,,,,,,,,,,,,,,,12979024228974814238,,246.5726066371426,38247a42e5166eb6cc73e297a40868c1,
Synth,sdl_000345.png,/home/marsi/TFM/data/gen/SD_E2_HOPE/v1_8000/sdl_000345.png,284,284,,1,melanoma,,,,train,3,1,0,,,,,,,,,,,,,,,13166013258352333927,,5698.323180354199,a1966c180f82232f851fc9d54ae32530,
Synth,sdl_000346.png,/home/marsi/TFM/data/gen/SD_E2_HOPE/v1_8000/sdl_000346.png,284,284,,1,melanoma,,,,train,3,1,0,,,,,,,,,,,,,,,17093272612907487966,,868.300496455282,d683017004b4cd5e966318b046d015a4,
Synth,sdl_000347.png,/home/marsi/TFM/data/gen/SD_E2_HOPE/v1_8000/sdl_000347.png,284,284,,1,melanoma,,,,train,3,1,0,,,,,,,,,,,,,,,17022645352471947634,,274.0127591751516,cc24f1366f65b0b160dcb257b22b1f14,
Synth,sdl_000348.png,/home/marsi/TFM/data/gen/SD_E2_HOPE/v1_8000/sdl_000348.png,284,284,,1,melanoma,,,,train,3,1,0,,,,,,,,,,,,,,,16891460554082686108,,739.3698588460684,a83410fd404318f5799b6c6ffe296ba7,
Synth,sdl_000349.png,/home/marsi/TFM/data/gen/SD_E2_HOPE/v1_8000/sdl_000349.png,284,284,,1,melanoma,,,,train,3,1,0,,,,,,,,,,,,,,,16892586256655880392,,568.6607650369406,b4f7be972dc269f3c3bb7f879911bcdb,
Synth,sdl_000350.png,/home/marsi/TFM/data/gen/SD_E2_HOPE/v1_8000/sdl_000350.png,284,284,,1,melanoma,,,,train,3,1,0,,,,,,,,,,,,,,,13125395605856263454,,348.04287664499134,2c2aa0705b8fe4467f20314616e0548c,
Synth,sdl_000351.png,/home/marsi/TFM/data/gen/SD_E2_HOPE/v1_8000/sdl_000351.png,284,284,,1,melanoma,,,,train,3,1,0,,,,,,,,,,,,,,,10465387945322755889,,550.6471911286935,fd3645e797fa4ce310add1e64fe16c2b,
Synth,sdl_000352.png,/home/marsi/TFM/data/gen/SD_E2_HOPE/v1_8000/sdl_000352.png,284,284,,1,melanoma,,,,train,3,1,0,,,,,,,,,,,,,,,12983533241642457307,,366.6540202861652,bdff1163b4568179d3cfb2c8c6aa4185,
Synth,sdl_000353.png,/home/marsi/TFM/data/gen/SD_E2_HOPE/v1_8000/sdl_000353.png,284,284,,1,melanoma,,,,train,3,1,0,,,,,,,,,,,,,,,10605351440442604492,,922.739217158407,4c9085bcfa3a2365f370b7060164213f,
Synth,sdl_000354.png,/home/marsi/TFM/data/gen/SD_E2_HOPE/v1_8000/sdl_000354.png,284,284,,1,melanoma,,,,train,3,1,0,,,,,,,,,,,,,,,16536255563370792804,,881.6492668455467,bca3cf90d1bdfee555478955928873ad,
Synth,sdl_000355.png,/home/marsi/TFM/data/gen/SD_E2_HOPE/v1_8000/sdl_000355.png,284,284,,1,melanoma,,,,train,3,1,0,,,,,,,,,,,,,,,17113327584592993050,,1594.441426601261,6033f191cce34dda7bc04945248a1b69,
Synth,sdl_000356.png,/home/marsi/TFM/data/gen/SD_E2_HOPE/v1_8000/sdl_000356.png,284,284,,1,melanoma,,,,train,3,1,0,,,,,,,,,,,,,,,16256188051346436429,,256.43029620405287,2a54c02ced08fc9dc9437f20b21ff745,
Synth,sdl_000357.png,/home/marsi/TFM/data/gen/SD_E2_HOPE/v1_8000/sdl_000357.png,284,284,,1,melanoma,,,,train,3,1,0,,,,,,,,,,,,,,,17276020503382475623,,507.5030075162649,70f17b7365713e81498d87a6230e9630,
Synth,sdl_000358.png,/home/marsi/TFM/data/gen/SD_E2_HOPE/v1_8000/sdl_000358.png,284,284,,1,melanoma,,,,train,3,1,0,,,,,,,,,,,,,,,13056658494560869756,,639.5331268524751,8da2ae1f52df9bc5cb9fdcabf6e86307,
Synth,sdl_000359.png,/home/marsi/TFM/data/gen/SD_E2_HOPE/v1_8000/sdl_000359.png,284,284,,1,melanoma,,,,train,3,1,0,,,,,,,,,,,,,,,16319783795287820700,,669.0094493292272,e4e259e1f6af9fb556ea5743db0294af,
Synth,sdl_000360.png,/home/marsi/TFM/data/gen/SD_E2_HOPE/v1_8000/sdl_000360.png,284,284,,1,melanoma,,,,train,3,1,0,,,,,,,,,,,,,,,14636290751413682923,,1037.7525223344564,fb47817750317b4def2ca98485ecc53d,
Synth,sdl_000362.png,/home/marsi/TFM/data/gen/SD_E2_HOPE/v1_8000/sdl_000362.png,284,284,,1,melanoma,,,,train,3,1,0,,,,,,,,,,,,,,,13882176110041305853,,426.2143969973549,6a4fb4a21fe50b844cf9d49ebc4b8419,
Synth,sdl_000363.png,/home/marsi/TFM/data/gen/SD_E2_HOPE/v1_8000/sdl_000363.png,284,284,,1,melanoma,,,,train,3,1,0,,,,,,,,,,,,,,,12548880396107465405,,767.986275613308,e5360663d4cab17ec9831e5a1209ed3e,
Synth,sdl_000364.png,/home/marsi/TFM/data/gen/SD_E2_HOPE/v1_8000/sdl_000364.png,284,284,,1,melanoma,,,,train,3,1,0,,,,,,,,,,,,,,,18102360957409782406,,291.3848092406988,0311c2cd6096865da9ec62edab713f34,
Synth,sdl_000365.png,/home/marsi/TFM/data/gen/SD_E2_HOPE/v1_8000/sdl_000365.png,284,284,,1,melanoma,,,,train,3,1,0,,,,,,,,,,,,,,,16223334487891475314,,366.3357378095389,e5d5d0803e744429e912600097f44948,
Synth,sdl_000366.png,/home/marsi/TFM/data/gen/SD_E2_HOPE/v1_8000/sdl_000366.png,284,284,,1,melanoma,,,,train,3,1,0,,,,,,,,,,,,,,,12473534681434478320,,437.56785583496094,090a06d23f475f6d58509630a16ef5c4,
Synth,sdl_000367.png,/home/marsi/TFM/data/gen/SD_E2_HOPE/v1_8000/sdl_000367.png,284,284,,1,melanoma,,,,train,3,1,0,,,,,,,,,,,,,,,13553186089831727434,,465.3375119036064,7f18cc8d1e69cb4e797e961170342286,
Synth,sdl_000368.png,/home/marsi/TFM/data/gen/SD_E2_HOPE/v1_8000/sdl_000368.png,284,284,,1,melanoma,,,,train,3,1,0,,,,,,,,,,,,,,,14464577830811829245,,569.7524437671527,e7c5e18e38910702cac1e000b18e4ad9,
Synth,sdl_000369.png,/home/marsi/TFM/data/gen/SD_E2_HOPE/v1_8000/sdl_000369.png,284,284,,1,melanoma,,,,train,3,1,0,,,,,,,,,,,,,,,13129050416468487214,,548.1131036840379,2360f69d7c22f58fc72535837c173604,
Synth,sdl_000370.png,/home/marsi/TFM/data/gen/SD_E2_HOPE/v1_8000/sdl_000370.png,284,284,,1,melanoma,,,,train,3,1,0,,,,,,,,,,,,,,,13910521301551566811,,587.475398122333,8693521227d776077ca0fe5d0897d18d,
Synth,sdl_000371.png,/home/marsi/TFM/data/gen/SD_E2_HOPE/v1_8000/sdl_000371.png,284,284,,1,melanoma,,,,train,3,1,0,,,,,,,,,,,,,,,13491822171731255524,,244.61239658296108,ee809879fa9f84ee89e87efd71d032aa,
Synth,sdl_000372.png,/home/marsi/TFM/data/gen/SD_E2_HOPE/v1_8000/sdl_000372.png,284,284,,1,melanoma,,,,train,3,1,0,,,,,,,,,,,,,,,16673967186219079264,,342.7365643829108,765010d14e7017e8b0cdec3dbe4e0f3e,
Synth,sdl_000373.png,/home/marsi/TFM/data/gen/SD_E2_HOPE/v1_8000/sdl_000373.png,284,284,,1,melanoma,,,,train,3,1,0,,,,,,,,,,,,,,,12637898859311860125,,445.71861028298736,680fe239503a1230f4c73d265df67520,
Synth,sdl_000374.png,/home/marsi/TFM/data/gen/SD_E2_HOPE/v1_8000/sdl_000374.png,284,284,,1,melanoma,,,,train,3,1,0,,,,,,,,,,,,,,,13790796676960557388,,286.25645966734737,247489c049690ade3bf6b8081c439137,
Synth,sdl_000375.png,/home/marsi/TFM/data/gen/SD_E2_HOPE/v1_8000/sdl_000375.png,284,284,,1,melanoma,,,,train,3,1,0,,,,,,,,,,,,,,,17176889127867538332,,329.4431332712993,ab3c49a58a0df13c2b64e541b0152c2e,
Synth,sdl_000376.png,/home/marsi/TFM/data/gen/SD_E2_HOPE/v1_8000/sdl_000376.png,284,284,,1,melanoma,,,,train,3,1,0,,,,,,,,,,,,,,,12841670512656808668,,284.16820035874844,862c51ae5627fb12a0c8b94c4044f688,
Synth,sdl_000377.png,/home/marsi/TFM/data/gen/SD_E2_HOPE/v1_8000/sdl_000377.png,284,284,,1,melanoma,,,,train,3,1,0,,,,,,,,,,,,,,,13436636306408892256,,372.3112391298637,23301a38588bb029fa0dc7ac0a4705e4,
Synth,sdl_000378.png,/home/marsi/TFM/data/gen/SD_E2_HOPE/v1_8000/sdl_000378.png,284,284,,1,melanoma,,,,train,3,1,0,,,,,,,,,,,,,,,16962393109572461460,,236.2019444555044,3193f0bafe213e75a93ea89d16ffc9bb,
Synth,sdl_000379.png,/home/marsi/TFM/data/gen/SD_E2_HOPE/v1_8000/sdl_000379.png,284,284,,1,melanoma,,,,train,3,1,0,,,,,,,,,,,,,,,16386224769107965758,,1329.961149035953,77cbd86871a4849f8eba55b0c7826e41,
Synth,sdl_000380.png,/home/marsi/TFM/data/gen/SD_E2_HOPE/v1_8000/sdl_000380.png,284,284,,1,melanoma,,,,train,3,1,0,,,,,,,,,,,,,,,12983808397531631464,,736.8567867130041,1797649eec3007f634c87a916d4c3b8c,
Synth,sdl_000381.png,/home/marsi/TFM/data/gen/SD_E2_HOPE/v1_8000/sdl_000381.png,284,284,,1,melanoma,,,,train,3,1,0,,,,,,,,,,,,,,,16409855719971375225,,239.932671174407,098dc19945ba41098db107ef08552354,
Synth,sdl_000382.png,/home/marsi/TFM/data/gen/SD_E2_HOPE/v1_8000/sdl_000382.png,284,284,,1,melanoma,,,,train,3,1,0,,,,,,,,,,,,,,,17449132826170804584,,315.908039983362,814db95402fb53eac3087d039f3c779c,
Synth,sdl_000383.png,/home/marsi/TFM/data/gen/SD_E2_HOPE/v1_8000/sdl_000383.png,284,284,,1,melanoma,,,,train,3,1,0,,,,,,,,,,,,,,,16163020151870148043,,482.06404702272266,20b1a2f34c64b51b8f201abb620fdb72,
Synth,sdl_000384.png,/home/marsi/TFM/data/gen/SD_E2_HOPE/v1_8000/sdl_000384.png,284,284,,1,melanoma,,,,train,3,1,0,,,,,,,,,,,,,,,16648277513512644541,,242.4700798951089,1603517d14b32184b1b8cb2f50723c73,
Synth,sdl_000385.png,/home/marsi/TFM/data/gen/SD_E2_HOPE/v1_8000/sdl_000385.png,284,284,,1,melanoma,,,,train,3,1,0,,,,,,,,,,,,,,,17902801575815178271,,352.72836603876203,4ad33f9c46a63e84c3044c892f470e16,
Synth,sdl_000386.png,/home/marsi/TFM/data/gen/SD_E2_HOPE/v1_8000/sdl_000386.png,284,284,,1,melanoma,,,,train,3,1,0,,,,,,,,,,,,,,,16170901854524054767,,376.3467611288652,5b9a72c2e05bb17bb3c3a9c9cb15fbb9,
Synth,sdl_000387.png,/home/marsi/TFM/data/gen/SD_E2_HOPE/v1_8000/sdl_000387.png,284,284,,1,melanoma,,,,train,3,1,0,,,,,,,,,,,,,,,13779537958707868217,,346.37773551698774,df9f658b9901140f1186682f12d04edb,
Synth,sdl_000388.png,/home/marsi/TFM/data/gen/SD_E2_HOPE/v1_8000/sdl_000388.png,284,284,,1,melanoma,,,,train,3,1,0,,,,,,,,,,,,,,,14095308777627420703,,476.96139537449926,8271c67880fa60e72b951c5766c36f37,
Synth,sdl_000389.png,/home/marsi/TFM/data/gen/SD_E2_HOPE/v1_8000/sdl_000389.png,284,284,,1,melanoma,,,,train,3,1,0,,,,,,,,,,,,,,,16387404652734059442,,550.228942334652,006db5a8ac41ec77df82eddb75b3b769,
Synth,sdl_000390.png,/home/marsi/TFM/data/gen/SD_E2_HOPE/v1_8000/sdl_000390.png,284,284,,1,melanoma,,,,train,3,1,0,,,,,,,,,,,,,,,12980171947425603045,,519.2354161739349,486fbc73435ba99ad3ac368c03e0b9e5,
Synth,sdl_000391.png,/home/marsi/TFM/data/gen/SD_E2_HOPE/v1_8000/sdl_000391.png,284,284,,1,melanoma,,,,train,3,1,0,,,,,,,,,,,,,,,16963249682820417225,,563.4302527597174,17010b19a6db836068797c07a2a6fa29,
Synth,sdl_000392.png,/home/marsi/TFM/data/gen/SD_E2_HOPE/v1_8000/sdl_000392.png,284,284,,1,melanoma,,,,train,3,1,0,,,,,,,,,,,,,,,16557367742106395148,,482.494574546814,4a88fa802a493f93b6ef9ac14aab2a29,
Synth,sdl_000393.png,/home/marsi/TFM/data/gen/SD_E2_HOPE/v1_8000/sdl_000393.png,284,284,,1,melanoma,,,,train,3,1,0,,,,,,,,,,,,,,,10819277957877522638,,962.6336762756108,7a8df0c68d069f8e2005282f4c4a5c9a,
Synth,sdl_000394.png,/home/marsi/TFM/data/gen/SD_E2_HOPE/v1_8000/sdl_000394.png,284,284,,1,melanoma,,,,train,3,1,0,,,,,,,,,,,,,,,11758415623866272054,,1311.5203328346834,6d05dcd3067f78551fe7ddcb1ee9f46c,
Synth,sdl_000395.png,/home/marsi/TFM/data/gen/SD_E2_HOPE/v1_8000/sdl_000395.png,284,284,,1,melanoma,,,,train,3,1,0,,,,,,,,,,,,,,,16584107137397771465,,359.7762312851846,cab7c87ce3b188d7e84cfdf1e66e3a30,
Synth,sdl_000396.png,/home/marsi/TFM/data/gen/SD_E2_HOPE/v1_8000/sdl_000396.png,284,284,,1,melanoma,,,,train,3,1,0,,,,,,,,,,,,,,,11905618502729801708,,902.9029956301674,7c27d75c89062a0714ddd4fadf2d3244,
Synth,sdl_000397.png,/home/marsi/TFM/data/gen/SD_E2_HOPE/v1_8000/sdl_000397.png,284,284,,1,melanoma,,,,train,3,1,0,,,,,,,,,,,,,,,16312772966097643301,,391.0985716646537,b98773d13c885b5984d87bac1806557b,
Synth,sdl_000398.png,/home/marsi/TFM/data/gen/SD_E2_HOPE/v1_8000/sdl_000398.png,284,284,,1,melanoma,,,,train,3,1,0,,,,,,,,,,,,,,,12764261944721872118,,455.57586711645126,ddf88908db3407c5416cdbfeb417eae5,
Synth,sdl_000399.png,/home/marsi/TFM/data/gen/SD_E2_HOPE/v1_8000/sdl_000399.png,284,284,,1,melanoma,,,,train,3,1,0,,,,,,,,,,,,,,,13203921144576748879,,421.2659212909639,59fad981129076377d135262673b5bd5,
Synth,sdl_000400.png,/home/marsi/TFM/data/gen/SD_E2_HOPE/v1_8000/sdl_000400.png,284,284,,1,melanoma,,,,train,3,1,0,,,,,,,,,,,,,,,13778996215499678406,,702.0685024820268,fd2b925aa00febdf135ace8f36f420b2,
Synth,sdl_000401.png,/home/marsi/TFM/data/gen/SD_E2_HOPE/v1_8000/sdl_000401.png,284,284,,1,melanoma,,,,train,3,1,0,,,,,,,,,,,,,,,12639018234114161860,,452.8591281436384,422485a8f9520d42435493b28597d046,
Synth,sdl_000402.png,/home/marsi/TFM/data/gen/SD_E2_HOPE/v1_8000/sdl_000402.png,284,284,,1,melanoma,,,,train,3,1,0,,,,,,,,,,,,,,,12986080976412232814,,440.2088632648811,77172407cf148891212624c275a73712,
Synth,sdl_000403.png,/home/marsi/TFM/data/gen/SD_E2_HOPE/v1_8000/sdl_000403.png,284,284,,1,melanoma,,,,train,3,1,0,,,,,,,,,,,,,,,17303559373068335561,,1608.1731276875362,8f22866234258c6efcfb66729b1b9f74,
Synth,sdl_000404.png,/home/marsi/TFM/data/gen/SD_E2_HOPE/v1_8000/sdl_000404.png,284,284,,1,melanoma,,,,train,3,1,0,,,,,,,,,,,,,,,18032366078160339339,,975.1595994299278,b821e713952ad64a1ac9d0514f4415b8,
Synth,sdl_000405.png,/home/marsi/TFM/data/gen/SD_E2_HOPE/v1_8000/sdl_000405.png,284,284,,1,melanoma,,,,train,3,1,0,,,,,,,,,,,,,,,11826113749432530710,,661.9187917970121,d277bb8caeee00446cb10f9b265686e9,
Synth,sdl_000406.png,/home/marsi/TFM/data/gen/SD_E2_HOPE/v1_8000/sdl_000406.png,284,284,,1,melanoma,,,,train,3,1,0,,,,,,,,,,,,,,,13132146642072708216,,375.9250093065202,47cf8b1ff383608a3049ecaf6941dfdd,
Synth,sdl_000407.png,/home/marsi/TFM/data/gen/SD_E2_HOPE/v1_8000/sdl_000407.png,284,284,,1,melanoma,,,,train,3,1,0,,,,,,,,,,,,,,,13590837112275780283,,582.9997152648866,dadef09a6c2e75ceb001b2637ee4b210,
Synth,sdl_000408.png,/home/marsi/TFM/data/gen/SD_E2_HOPE/v1_8000/sdl_000408.png,284,284,,1,melanoma,,,,train,3,1,0,,,,,,,,,,,,,,,13706917347540294362,,450.24867758061737,4887db1fae9a4271f43a3caaa5a9abbc,
Synth,sdl_000410.png,/home/marsi/TFM/data/gen/SD_E2_HOPE/v1_8000/sdl_000410.png,284,284,,1,melanoma,,,,train,3,1,0,,,,,,,,,,,,,,,13635654751278253260,,246.608689523302,6c50b257ea4d1569c90f66cae54e4b15,
Synth,sdl_000411.png,/home/marsi/TFM/data/gen/SD_E2_HOPE/v1_8000/sdl_000411.png,284,284,,1,melanoma,,,,train,3,1,0,,,,,,,,,,,,,,,12609169947562842443,,536.5753801725805,39ab547fd02c8e22d087dd5762f519a6,
Synth,sdl_000412.png,/home/marsi/TFM/data/gen/SD_E2_HOPE/v1_8000/sdl_000412.png,284,284,,1,melanoma,,,,train,3,1,0,,,,,,,,,,,,,,,18042405530677551006,,418.4625509297475,54faa8030aaee81bebc411cca2fc7a4c,
Synth,sdl_000413.png,/home/marsi/TFM/data/gen/SD_E2_HOPE/v1_8000/sdl_000413.png,284,284,,1,melanoma,,,,train,3,1,0,,,,,,,,,,,,,,,11904087815137085247,,435.2697843527421,2a65e3a8a7175c2d802560d93e934713,
Synth,sdl_000414.png,/home/marsi/TFM/data/gen/SD_E2_HOPE/v1_8000/sdl_000414.png,284,284,,1,melanoma,,,,train,3,1,0,,,,,,,,,,,,,,,13060389307176332557,,377.32947911228985,4084b802c75ca602ecdf6eac4314137d,
Synth,sdl_000415.png,/home/marsi/TFM/data/gen/SD_E2_HOPE/v1_8000/sdl_000415.png,284,284,,1,melanoma,,,,train,3,1,0,,,,,,,,,,,,,,,13103716136144875679,,254.7460343502462,c0d0b08c382d849921426da6b951b585,
Synth,sdl_000416.png,/home/marsi/TFM/data/gen/SD_E2_HOPE/v1_8000/sdl_000416.png,284,284,,1,melanoma,,,,train,3,1,0,,,,,,,,,,,,,,,15046284726424835481,,1408.6168918013573,553edb7075885a570f3fbd0e8e51a44b,
Synth,sdl_000417.png,/home/marsi/TFM/data/gen/SD_E2_HOPE/v1_8000/sdl_000417.png,284,284,,1,melanoma,,,,train,3,1,0,,,,,,,,,,,,,,,17107424692960245744,,479.0584275573492,cf10b8e66b01a0e04daba0811bfb17e5,
Synth,sdl_000419.png,/home/marsi/TFM/data/gen/SD_E2_HOPE/v1_8000/sdl_000419.png,284,284,,1,melanoma,,,,train,3,1,0,,,,,,,,,,,,,,,11954455682557217991,,301.37245535850525,975fd774b03cf83fe806f9fd0aa33a77,
Synth,sdl_000420.png,/home/marsi/TFM/data/gen/SD_E2_HOPE/v1_8000/sdl_000420.png,284,284,,1,melanoma,,,,train,3,1,0,,,,,,,,,,,,,,,12999008788233271922,,403.0579575141892,a4551295902c8ed4a8e9c2dda4b201d5,
Synth,sdl_000421.png,/home/marsi/TFM/data/gen/SD_E2_HOPE/v1_8000/sdl_000421.png,284,284,,1,melanoma,,,,train,3,1,0,,,,,,,,,,,,,,,13060105119944919699,,1165.8454723125324,3175afa77c93ce7c12a62eb14adab6f4,
Synth,sdl_000422.png,/home/marsi/TFM/data/gen/SD_E2_HOPE/v1_8000/sdl_000422.png,284,284,,1,melanoma,,,,train,3,1,0,,,,,,,,,,,,,,,16508111041565447630,,302.86008631344885,954c6451a3fbc8536c18d50c4edb5517,
Synth,sdl_000423.png,/home/marsi/TFM/data/gen/SD_E2_HOPE/v1_8000/sdl_000423.png,284,284,,1,melanoma,,,,train,3,1,0,,,,,,,,,,,,,,,12051228969347338119,,611.290584362112,802f038c818a05a07d41bf593c04f364,
Synth,sdl_000424.png,/home/marsi/TFM/data/gen/SD_E2_HOPE/v1_8000/sdl_000424.png,284,284,,1,melanoma,,,,train,3,1,0,,,,,,,,,,,,,,,13314823286119294026,,342.14767832215875,5abe8354998db9682f0b21d48cc64d12,
Synth,sdl_000425.png,/home/marsi/TFM/data/gen/SD_E2_HOPE/v1_8000/sdl_000425.png,284,284,,1,melanoma,,,,train,3,1,0,,,,,,,,,,,,,,,13827106509816621509,,393.4006240218878,5086b4c199c71f69e741502074675fd2,
Synth,sdl_000426.png,/home/marsi/TFM/data/gen/SD_E2_HOPE/v1_8000/sdl_000426.png,284,284,,1,melanoma,,,,train,3,1,0,,,,,,,,,,,,,,,12818300338251247849,,318.146504342556,0378475c8d14be0d81ebb9c5c9a693f2,
Synth,sdl_000427.png,/home/marsi/TFM/data/gen/SD_E2_HOPE/v1_8000/sdl_000427.png,284,284,,1,melanoma,,,,train,3,1,0,,,,,,,,,,,,,,,13502301988566427849,,366.7955191200599,e1e0b97ffe1ef81072b4ae5b572ce3ed,
Synth,sdl_000428.png,/home/marsi/TFM/data/gen/SD_E2_HOPE/v1_8000/sdl_000428.png,284,284,,1,melanoma,,,,train,3,1,0,,,,,,,,,,,,,,,10747333557545063098,,2859.732476826757,e0e8ac738e5a2cdf7bfbaa74a088c0a9,
Synth,sdl_000429.png,/home/marsi/TFM/data/gen/SD_E2_HOPE/v1_8000/sdl_000429.png,284,284,,1,melanoma,,,,train,3,1,0,,,,,,,,,,,,,,,17912365344524811383,,376.95827865600586,8eb9f6e11b893a4959bee01cb48188c1,
Synth,sdl_000430.png,/home/marsi/TFM/data/gen/SD_E2_HOPE/v1_8000/sdl_000430.png,284,284,,1,melanoma,,,,train,3,1,0,,,,,,,,,,,,,,,13345225411138558001,,403.1788316629827,ef7dedf6ddd4d919ee7c835e4dbb2cdd,
Synth,sdl_000431.png,/home/marsi/TFM/data/gen/SD_E2_HOPE/v1_8000/sdl_000431.png,284,284,,1,melanoma,,,,train,3,1,0,,,,,,,,,,,,,,,16581836808605782331,,870.8693407690153,237e37dc99a7f5c737a73a60b15ec6c4,
Synth,sdl_000432.png,/home/marsi/TFM/data/gen/SD_E2_HOPE/v1_8000/sdl_000432.png,284,284,,1,melanoma,,,,train,3,1,0,,,,,,,,,,,,,,,17249580991951435865,,373.9692375510931,48d095624cc49869394f9b6fb54bf3fd,
Synth,sdl_000433.png,/home/marsi/TFM/data/gen/SD_E2_HOPE/v1_8000/sdl_000433.png,284,284,,1,melanoma,,,,train,3,1,0,,,,,,,,,,,,,,,16876542417036777916,,445.6500726602972,8f3ce277e71cbf7d7f4f2b9d8fb5bf2f,
Synth,sdl_000434.png,/home/marsi/TFM/data/gen/SD_E2_HOPE/v1_8000/sdl_000434.png,284,284,,1,melanoma,,,,train,3,1,0,,,,,,,,,,,,,,,17670318634691867961,,390.564492075704,36b53c8d213b7d86393e6c511ba0a14a,
Synth,sdl_000435.png,/home/marsi/TFM/data/gen/SD_E2_HOPE/v1_8000/sdl_000435.png,284,284,,1,melanoma,,,,train,3,1,0,,,,,,,,,,,,,,,16961542700712945862,,331.54138076212257,a74cdad65c4009b336e8573acdb2b42d,
Synth,sdl_000436.png,/home/marsi/TFM/data/gen/SD_E2_HOPE/v1_8000/sdl_000436.png,284,284,,1,melanoma,,,,train,3,1,0,,,,,,,,,,,,,,,10859064743983617892,,428.2052451586351,b154a432ba4f94317851eaed66daf1e0,
Synth,sdl_000437.png,/home/marsi/TFM/data/gen/SD_E2_HOPE/v1_8000/sdl_000437.png,284,284,,1,melanoma,,,,train,3,1,0,,,,,,,,,,,,,,,11833377136457641316,,606.4690577751026,b22bbba4581f62fd1ded3bdab28006ef,
Synth,sdl_000438.png,/home/marsi/TFM/data/gen/SD_E2_HOPE/v1_8000/sdl_000438.png,284,284,,1,melanoma,,,,train,3,1,0,,,,,,,,,,,,,,,10681427549121159055,,321.45539220795035,3b12cd033186f53143c1c8cbf7a79e02,
Synth,sdl_000439.png,/home/marsi/TFM/data/gen/SD_E2_HOPE/v1_8000/sdl_000439.png,284,284,,1,melanoma,,,,train,3,1,0,,,,,,,,,,,,,,,12641832919096785635,,537.5848542219028,86382250a959f8e4973dab8a23425228,
Synth,sdl_000440.png,/home/marsi/TFM/data/gen/SD_E2_HOPE/v1_8000/sdl_000440.png,284,284,,1,melanoma,,,,train,3,1,0,,,,,,,,,,,,,,,17745170153642170579,,636.4071892043576,3d226b8907e464eaa221486215db63e7,
Synth,sdl_000441.png,/home/marsi/TFM/data/gen/SD_E2_HOPE/v1_8000/sdl_000441.png,284,284,,1,melanoma,,,,train,3,1,0,,,,,,,,,,,,,,,18320876825281482140,,297.7583158528432,6608e6892ae05f2f9fd1452fdcdf90ed,
Synth,sdl_000442.png,/home/marsi/TFM/data/gen/SD_E2_HOPE/v1_8000/sdl_000442.png,284,284,,1,melanoma,,,,train,3,1,0,,,,,,,,,,,,,,,16819474310178763666,,9161.098455246538,c24914dc1c083159cb815972d0278a97,
Synth,sdl_000443.png,/home/marsi/TFM/data/gen/SD_E2_HOPE/v1_8000/sdl_000443.png,284,284,,1,melanoma,,,,train,3,1,0,,,,,,,,,,,,,,,13779748689885088458,,244.59265924151987,229c89b23fd7a5446ad609496c7a6af1,
Synth,sdl_000444.png,/home/marsi/TFM/data/gen/SD_E2_HOPE/v1_8000/sdl_000444.png,284,284,,1,melanoma,,,,train,3,1,0,,,,,,,,,,,,,,,11825559143105263158,,289.564396857284,a4a0284defedb8e816a1b4503b5a29b1,
Synth,sdl_000445.png,/home/marsi/TFM/data/gen/SD_E2_HOPE/v1_8000/sdl_000445.png,284,284,,1,melanoma,,,,train,3,1,0,,,,,,,,,,,,,,,17309171524172601524,,520.9865280352533,9dd987eff0ddf6a4efe95a63aa1ec9b7,
Synth,sdl_000446.png,/home/marsi/TFM/data/gen/SD_E2_HOPE/v1_8000/sdl_000446.png,284,284,,1,melanoma,,,,train,3,1,0,,,,,,,,,,,,,,,9541774920292457972,,2198.5092141479254,cc516ce73fea555738caeaca610ceeb6,
Synth,sdl_000447.png,/home/marsi/TFM/data/gen/SD_E2_HOPE/v1_8000/sdl_000447.png,284,284,,1,melanoma,,,,train,3,1,0,,,,,,,,,,,,,,,17472420516756677080,,305.9387173196301,c9d47c8846d48f55e6866a36f54ec537,
Synth,sdl_000448.png,/home/marsi/TFM/data/gen/SD_E2_HOPE/v1_8000/sdl_000448.png,284,284,,1,melanoma,,,,train,3,1,0,,,,,,,,,,,,,,,16532385134932615530,,359.2497136592865,ce8ef5f08c3cb779ccba1149e94217d5,
Synth,sdl_000449.png,/home/marsi/TFM/data/gen/SD_E2_HOPE/v1_8000/sdl_000449.png,284,284,,1,melanoma,,,,train,3,1,0,,,,,,,,,,,,,,,13202535985428645436,,391.9997822009027,2d792b2450e0dcdbea1123b6d9d75734,
Synth,sdl_000450.png,/home/marsi/TFM/data/gen/SD_E2_HOPE/v1_8000/sdl_000450.png,284,284,,1,melanoma,,,,train,3,1,0,,,,,,,,,,,,,,,12772143399268861292,,441.8534425161779,a8278a69d68d7f3c6fc927fd8757f75e,
Synth,sdl_000451.png,/home/marsi/TFM/data/gen/SD_E2_HOPE/v1_8000/sdl_000451.png,284,284,,1,melanoma,,,,train,3,1,0,,,,,,,,,,,,,,,14024101011403932786,,1605.1841777414083,618e6426648c3957748295793028879d,
Synth,sdl_000452.png,/home/marsi/TFM/data/gen/SD_E2_HOPE/v1_8000/sdl_000452.png,284,284,,1,melanoma,,,,train,3,1,0,,,,,,,,,,,,,,,11827527515388864054,,395.1365071898326,995708a97a151a94d1f5e1f5c83c8318,
Synth,sdl_000453.png,/home/marsi/TFM/data/gen/SD_E2_HOPE/v1_8000/sdl_000453.png,284,284,,1,melanoma,,,,train,3,1,0,,,,,,,,,,,,,,,18042481814967235595,,351.03431735932827,2d69ba5453b727218f83644431577e78,
Synth,sdl_000454.png,/home/marsi/TFM/data/gen/SD_E2_HOPE/v1_8000/sdl_000454.png,284,284,,1,melanoma,,,,train,3,1,0,,,,,,,,,,,,,,,13490181173058039460,,1363.8035002797842,4e0cce3dc84fe5922213ce68417c0465,
Synth,sdl_000455.png,/home/marsi/TFM/data/gen/SD_E2_HOPE/v1_8000/sdl_000455.png,284,284,,1,melanoma,,,,train,3,1,0,,,,,,,,,,,,,,,17020954330937773620,,501.36944501753896,73881eae755575effa7c0b1474af0b79,
Synth,sdl_000456.png,/home/marsi/TFM/data/gen/SD_E2_HOPE/v1_8000/sdl_000456.png,284,284,,1,melanoma,,,,train,3,1,0,,,,,,,,,,,,,,,16721748295148060843,,493.579020797275,430c8896653c45f097c53a623e94580a,
Synth,sdl_000457.png,/home/marsi/TFM/data/gen/SD_E2_HOPE/v1_8000/sdl_000457.png,284,284,,1,melanoma,,,,train,3,1,0,,,,,,,,,,,,,,,16243803890399340389,,532.7742864033207,c400061ade2970f477c8c1886d3bf639,
Synth,sdl_000458.png,/home/marsi/TFM/data/gen/SD_E2_HOPE/v1_8000/sdl_000458.png,284,284,,1,melanoma,,,,train,3,1,0,,,,,,,,,,,,,,,14929204310285116081,,1003.9034617990256,314b87af7f7f0249581cb5a605a6acc0,
Synth,sdl_000459.png,/home/marsi/TFM/data/gen/SD_E2_HOPE/v1_8000/sdl_000459.png,284,284,,1,melanoma,,,,train,3,1,0,,,,,,,,,,,,,,,16675070975047071473,,266.91120321210474,6260f2898d38a1889f888cdc93b05578,
Synth,sdl_000460.png,/home/marsi/TFM/data/gen/SD_E2_HOPE/v1_8000/sdl_000460.png,284,284,,1,melanoma,,,,train,3,1,0,,,,,,,,,,,,,,,13484486715697208776,,500.83273838460445,a3b29f45e3dfe5118c1162bf22f2b92d,
Synth,sdl_000461.png,/home/marsi/TFM/data/gen/SD_E2_HOPE/v1_8000/sdl_000461.png,284,284,,1,melanoma,,,,train,3,1,0,,,,,,,,,,,,,,,16751305482027295593,,372.9987853383645,ace458d8cb70f337229088bc9de2ad40,
Synth,sdl_000462.png,/home/marsi/TFM/data/gen/SD_E2_HOPE/v1_8000/sdl_000462.png,284,284,,1,melanoma,,,,train,3,1,0,,,,,,,,,,,,,,,17324931306364610247,,1055.4081467948854,87022ec45c5d14457630845e1d14aef6,
Synth,sdl_000463.png,/home/marsi/TFM/data/gen/SD_E2_HOPE/v1_8000/sdl_000463.png,284,284,,1,melanoma,,,,train,3,1,0,,,,,,,,,,,,,,,16890347539647396174,,265.9541211342439,86989419eba8b64c2d684c7d6d1d55b0,
Synth,sdl_000464.png,/home/marsi/TFM/data/gen/SD_E2_HOPE/v1_8000/sdl_000464.png,284,284,,1,melanoma,,,,train,3,1,0,,,,,,,,,,,,,,,18181244678176715113,,809.9264609180391,5cc6e92fb61c05bdb0484932e11b2c2b,
Synth,sdl_000465.png,/home/marsi/TFM/data/gen/SD_E2_HOPE/v1_8000/sdl_000465.png,284,284,,1,melanoma,,,,train,3,1,0,,,,,,,,,,,,,,,13708060898689147246,,404.6103348396719,8216f9214e5c4992e75a5359f505bdc0,
Synth,sdl_000466.png,/home/marsi/TFM/data/gen/SD_E2_HOPE/v1_8000/sdl_000466.png,284,284,,1,melanoma,,,,train,3,1,0,,,,,,,,,,,,,,,18044447843381446075,,462.6157431891188,3f73827938ae4391d00f55cc2328ab9f,
Synth,sdl_000467.png,/home/marsi/TFM/data/gen/SD_E2_HOPE/v1_8000/sdl_000467.png,284,284,,1,melanoma,,,,train,3,1,0,,,,,,,,,,,,,,,16242099905481184481,,268.03232552018017,11e536bd95329552d6eea9b0e6e09e77,
Synth,sdl_000468.png,/home/marsi/TFM/data/gen/SD_E2_HOPE/v1_8000/sdl_000468.png,284,284,,1,melanoma,,,,train,3,1,0,,,,,,,,,,,,,,,12555421488827732871,,348.4872860312462,e02cff7c396c108e73949a11abb04876,
Synth,sdl_000469.png,/home/marsi/TFM/data/gen/SD_E2_HOPE/v1_8000/sdl_000469.png,284,284,,1,melanoma,,,,train,3,1,0,,,,,,,,,,,,,,,12786493980726164620,,334.3355339532718,a957153c34dd1873a2c9b49bcaa64872,
Synth,sdl_000470.png,/home/marsi/TFM/data/gen/SD_E2_HOPE/v1_8000/sdl_000470.png,284,284,,1,melanoma,,,,train,3,1,0,,,,,,,,,,,,,,,11900413299409248609,,323.25457575079054,e89082764658e2b44af3095ec7cccf99,
Synth,sdl_000471.png,/home/marsi/TFM/data/gen/SD_E2_HOPE/v1_8000/sdl_000471.png,284,284,,1,melanoma,,,,train,3,1,0,,,,,,,,,,,,,,,16751861799220560250,,468.5026237359271,23b022fee7c9da25fe78e5b5dbdbad35,
Synth,sdl_000472.png,/home/marsi/TFM/data/gen/SD_E2_HOPE/v1_8000/sdl_000472.png,284,284,,1,melanoma,,,,train,3,1,0,,,,,,,,,,,,,,,13475211396516466660,,339.5397640131414,6f9aff16854e8d003251427c7a9eefd3,
Synth,sdl_000473.png,/home/marsi/TFM/data/gen/SD_E2_HOPE/v1_8000/sdl_000473.png,284,284,,1,melanoma,,,,train,3,1,0,,,,,,,,,,,,,,,18185698193794797531,,526.6722883246839,f4f87980de12a26a8dd6b99fdd4d1047,
Synth,sdl_000474.png,/home/marsi/TFM/data/gen/SD_E2_HOPE/v1_8000/sdl_000474.png,284,284,,1,melanoma,,,,train,3,1,0,,,,,,,,,,,,,,,12987486088015759335,,454.6326937042177,828f8626ab4adfe8a1ffa82960b306ac,
Synth,sdl_000475.png,/home/marsi/TFM/data/gen/SD_E2_HOPE/v1_8000/sdl_000475.png,284,284,,1,melanoma,,,,train,3,1,0,,,,,,,,,,,,,,,17465671380473882988,,288.4694555066526,0da4e2d1641f32fac7f73bb2007caeba,
Synth,sdl_000476.png,/home/marsi/TFM/data/gen/SD_E2_HOPE/v1_8000/sdl_000476.png,284,284,,1,melanoma,,,,train,3,1,0,,,,,,,,,,,,,,,10675719127052089441,,939.6352759450674,25a2f2e0817f54a52c57a9c011ccadb4,
Synth,sdl_000477.png,/home/marsi/TFM/data/gen/SD_E2_HOPE/v1_8000/sdl_000477.png,284,284,,1,melanoma,,,,train,3,1,0,,,,,,,,,,,,,,,17165629136644754333,,757.7812628149986,61fc09fc615765a25edde2fe44625caa,
Synth,sdl_000478.png,/home/marsi/TFM/data/gen/SD_E2_HOPE/v1_8000/sdl_000478.png,284,284,,1,melanoma,,,,train,3,1,0,,,,,,,,,,,,,,,12986351366607617587,,233.16220935806632,67062811df4a0f37d9d790ce54b20ee9,
Synth,sdl_000479.png,/home/marsi/TFM/data/gen/SD_E2_HOPE/v1_8000/sdl_000479.png,284,284,,1,melanoma,,,,train,3,1,0,,,,,,,,,,,,,,,16889204118103268811,,481.8431959440932,b16b72f81c361d5a6b427b9b3a0ca9e1,
Synth,sdl_000480.png,/home/marsi/TFM/data/gen/SD_E2_HOPE/v1_8000/sdl_000480.png,284,284,,1,melanoma,,,,train,3,1,0,,,,,,,,,,,,,,,17093010802402471280,,232.2099221795797,0561fc6d7500ffb1cbe8f062aed44064,
Synth,sdl_000481.png,/home/marsi/TFM/data/gen/SD_E2_HOPE/v1_8000/sdl_000481.png,284,284,,1,melanoma,,,,train,3,1,0,,,,,,,,,,,,,,,17236825853918143408,,335.115339695476,1d809cee870edad60c22c0c501840c02,
Synth,sdl_000482.png,/home/marsi/TFM/data/gen/SD_E2_HOPE/v1_8000/sdl_000482.png,284,284,,1,melanoma,,,,train,3,1,0,,,,,,,,,,,,,,,13203648945773420829,,444.7475540302694,e58538cfe8d18db472052592c08c26bc,
Synth,sdl_000483.png,/home/marsi/TFM/data/gen/SD_E2_HOPE/v1_8000/sdl_000483.png,284,284,,1,melanoma,,,,train,3,1,0,,,,,,,,,,,,,,,13195477504976432268,,380.8784022293985,f98e57a64dbbe5504fbb2ad537e59026,
Synth,sdl_000484.png,/home/marsi/TFM/data/gen/SD_E2_HOPE/v1_8000/sdl_000484.png,284,284,,1,melanoma,,,,train,3,1,0,,,,,,,,,,,,,,,10177451813053262911,,1061.1467856010422,d3a79b4805c1284e97a2624aa99bcaf0,
Synth,sdl_000485.png,/home/marsi/TFM/data/gen/SD_E2_HOPE/v1_8000/sdl_000485.png,284,284,,1,melanoma,,,,train,3,1,0,,,,,,,,,,,,,,,9393894893022160602,,996.1507368301972,7427b46a83c358e90991ca1b9e96d385,
Synth,sdl_000486.png,/home/marsi/TFM/data/gen/SD_E2_HOPE/v1_8000/sdl_000486.png,284,284,,1,melanoma,,,,train,3,1,0,,,,,,,,,,,,,,,13492385295564333443,,514.8287353515625,64e81b14782f815cc65de0462a34148a,
Synth,sdl_000487.png,/home/marsi/TFM/data/gen/SD_E2_HOPE/v1_8000/sdl_000487.png,284,284,,1,melanoma,,,,train,3,1,0,,,,,,,,,,,,,,,12915978367821022099,,372.5450808396563,075a2fbeb7ab21fb757f84f5c2438dca,
Synth,sdl_000488.png,/home/marsi/TFM/data/gen/SD_E2_HOPE/v1_8000/sdl_000488.png,284,284,,1,melanoma,,,,train,3,1,0,,,,,,,,,,,,,,,17753641417326009398,,340.75631680712104,550ebd0d25217d81921f3ac5a717c2a7,
Synth,sdl_000489.png,/home/marsi/TFM/data/gen/SD_E2_HOPE/v1_8000/sdl_000489.png,284,284,,1,melanoma,,,,train,3,1,0,,,,,,,,,,,,,,,14296839407058966329,,1030.037812575698,2d41f44095bd6bcf1a128bf09bffb366,
Synth,sdl_000490.png,/home/marsi/TFM/data/gen/SD_E2_HOPE/v1_8000/sdl_000490.png,284,284,,1,melanoma,,,,train,3,1,0,,,,,,,,,,,,,,,14431260642879151995,,2708.3148641586304,72e18519f0ef32deca024f4c5a8a56c0,
Synth,sdl_000491.png,/home/marsi/TFM/data/gen/SD_E2_HOPE/v1_8000/sdl_000491.png,284,284,,1,melanoma,,,,train,3,1,0,,,,,,,,,,,,,,,12765395799104605318,,661.3670708527789,8bdc1e1317a0fce6b13093226a10876d,
Synth,sdl_000493.png,/home/marsi/TFM/data/gen/SD_E2_HOPE/v1_8000/sdl_000493.png,284,284,,1,melanoma,,,,train,3,1,0,,,,,,,,,,,,,,,17538853254141667789,,373.8886818503961,341d9cb5a3cdf29f29dc5c95087eb583,
Synth,sdl_000494.png,/home/marsi/TFM/data/gen/SD_E2_HOPE/v1_8000/sdl_000494.png,284,284,,1,melanoma,,,,train,3,1,0,,,,,,,,,,,,,,,13946590555771978726,,1682.2676978101954,753cfbd453a4c969f1a4081f8ad5aa41,
Synth,sdl_000495.png,/home/marsi/TFM/data/gen/SD_E2_HOPE/v1_8000/sdl_000495.png,284,284,,1,melanoma,,,,train,3,1,0,,,,,,,,,,,,,,,16317559341946908003,,319.54033901449293,009af9189c48f914d6c297c2a1e017fa,
Synth,sdl_000496.png,/home/marsi/TFM/data/gen/SD_E2_HOPE/v1_8000/sdl_000496.png,284,284,,1,melanoma,,,,train,3,1,0,,,,,,,,,,,,,,,13706637060447036476,,336.12589701171964,6de3e8c71bb18c8266d073f112e3fb7f,
Synth,sdl_000497.png,/home/marsi/TFM/data/gen/SD_E2_HOPE/v1_8000/sdl_000497.png,284,284,,1,melanoma,,,,train,3,1,0,,,,,,,,,,,,,,,10754246132580818492,,864.7821565717459,53db944ad58a4852e7f83a1eaa1ee887,
Synth,sdl_000498.png,/home/marsi/TFM/data/gen/SD_E2_HOPE/v1_8000/sdl_000498.png,284,284,,1,melanoma,,,,train,3,1,0,,,,,,,,,,,,,,,13561114510383081062,,359.27240788098425,188149f70f95c8183e01803bed98bd48,
Synth,sdl_000499.png,/home/marsi/TFM/data/gen/SD_E2_HOPE/v1_8000/sdl_000499.png,284,284,,1,melanoma,,,,train,3,1,0,,,,,,,,,,,,,,,9594310777973967949,,860.0367793887854,89cb569449d51333bbe8cb90b5dfd534,
Synth,sdl_000500.png,/home/marsi/TFM/data/gen/SD_E2_HOPE/v1_8000/sdl_000500.png,284,284,,1,melanoma,,,,train,3,1,0,,,,,,,,,,,,,,,10370387576241328317,,845.2273761294782,6d8d7a63f7930097bafb473eeda4b944,
Synth,sdl_000501.png,/home/marsi/TFM/data/gen/SD_E2_HOPE/v1_8000/sdl_000501.png,284,284,,1,melanoma,,,,train,3,1,0,,,,,,,,,,,,,,,10726120089405216518,,580.5567238293588,6fc6be9bc1a052c502c031e5480e3343,
Synth,sdl_000502.png,/home/marsi/TFM/data/gen/SD_E2_HOPE/v1_8000/sdl_000502.png,284,284,,1,melanoma,,,,train,3,1,0,,,,,,,,,,,,,,,13490961041307299406,,309.0805555433035,f1ec7e38616a075bf9c4e5b2a0db3e82,
Synth,sdl_000503.png,/home/marsi/TFM/data/gen/SD_E2_HOPE/v1_8000/sdl_000503.png,284,284,,1,melanoma,,,,train,3,1,0,,,,,,,,,,,,,,,17395088243368970605,,410.21319233533,e246dfcb9881712709a35aee5ef4f4d4,
Synth,sdl_000505.png,/home/marsi/TFM/data/gen/SD_E2_HOPE/v1_8000/sdl_000505.png,284,284,,1,melanoma,,,,train,3,1,0,,,,,,,,,,,,,,,12208080688705588890,,565.498199521564,4df5aa76d83821731e2f43b65c3df852,
Synth,sdl_000506.png,/home/marsi/TFM/data/gen/SD_E2_HOPE/v1_8000/sdl_000506.png,284,284,,1,melanoma,,,,train,3,1,0,,,,,,,,,,,,,,,16378075297318859449,,298.2619520276785,aa2cfa527232bdd72b102b1990ec49dc,
Synth,sdl_000508.png,/home/marsi/TFM/data/gen/SD_E2_HOPE/v1_8000/sdl_000508.png,284,284,,1,melanoma,,,,train,3,1,0,,,,,,,,,,,,,,,12619878537001508809,,738.0199564388022,9c9378dbcd2d8a8586166e5d31831ec4,
Synth,sdl_000509.png,/home/marsi/TFM/data/gen/SD_E2_HOPE/v1_8000/sdl_000509.png,284,284,,1,melanoma,,,,train,3,1,0,,,,,,,,,,,,,,,13058398842589027731,,313.6005685329437,3ff8a745b5d8b58cea4b6810df167f97,
Synth,sdl_000510.png,/home/marsi/TFM/data/gen/SD_E2_HOPE/v1_8000/sdl_000510.png,284,284,,1,melanoma,,,,train,3,1,0,,,,,,,,,,,,,,,16172029988236300857,,324.1145239919424,9fb7fdb9b7daa18a5eb40824c50039d8,
Synth,sdl_000511.png,/home/marsi/TFM/data/gen/SD_E2_HOPE/v1_8000/sdl_000511.png,284,284,,1,melanoma,,,,train,3,1,0,,,,,,,,,,,,,,,12565541854648081352,,458.21907597687095,37965559cc8b1a6cf464c6de82ed14cb,
Synth,sdl_000512.png,/home/marsi/TFM/data/gen/SD_E2_HOPE/v1_8000/sdl_000512.png,284,284,,1,melanoma,,,,train,3,1,0,,,,,,,,,,,,,,,12640689940374107929,,342.8585883639753,9b974171defe6b47c02311d9d29b9bdd,
Synth,sdl_000513.png,/home/marsi/TFM/data/gen/SD_E2_HOPE/v1_8000/sdl_000513.png,284,284,,1,melanoma,,,,train,3,1,0,,,,,,,,,,,,,,,12632299579071087072,,1165.3534811399877,6ab9f14881177631157e732a4897d7e7,
Synth,sdl_000514.png,/home/marsi/TFM/data/gen/SD_E2_HOPE/v1_8000/sdl_000514.png,284,284,,1,melanoma,,,,train,3,1,0,,,,,,,,,,,,,,,16243225697144307352,,846.9597107907757,57a6d36fc0bc984a5c68de1ea69bc652,
Synth,sdl_000515.png,/home/marsi/TFM/data/gen/SD_E2_HOPE/v1_8000/sdl_000515.png,284,284,,1,melanoma,,,,train,3,1,0,,,,,,,,,,,,,,,13630074798016903862,,289.6003354405984,6a2bbad321f2b6171e7d91316f2ac65b,
Synth,sdl_000516.png,/home/marsi/TFM/data/gen/SD_E2_HOPE/v1_8000/sdl_000516.png,284,284,,1,melanoma,,,,train,3,1,0,,,,,,,,,,,,,,,12765383707290645615,,509.2437204485759,ffb5086599c529f77599b9c52672818e,
Synth,sdl_000517.png,/home/marsi/TFM/data/gen/SD_E2_HOPE/v1_8000/sdl_000517.png,284,284,,1,melanoma,,,,train,3,1,0,,,,,,,,,,,,,,,13197448963681733833,,303.6853590747341,654cf02d77b12af10997bcbe6450858b,
Synth,sdl_000518.png,/home/marsi/TFM/data/gen/SD_E2_HOPE/v1_8000/sdl_000518.png,284,284,,1,melanoma,,,,train,3,1,0,,,,,,,,,,,,,,,16241271754805943096,,299.8753630779684,c82b036e50ef198ec5ffdef63f7b09e9,
Synth,sdl_000519.png,/home/marsi/TFM/data/gen/SD_E2_HOPE/v1_8000/sdl_000519.png,284,284,,1,melanoma,,,,train,3,1,0,,,,,,,,,,,,,,,9744409459158495479,,724.580142213963,c74954c1b824aaf7767d5159c49183fd,
Synth,sdl_000520.png,/home/marsi/TFM/data/gen/SD_E2_HOPE/v1_8000/sdl_000520.png,284,284,,1,melanoma,,,,train,3,1,0,,,,,,,,,,,,,,,16458272433926490985,,301.7931413054466,f5c639573b67743e37ba470d22b79441,
Synth,sdl_000521.png,/home/marsi/TFM/data/gen/SD_E2_HOPE/v1_8000/sdl_000521.png,284,284,,1,melanoma,,,,train,3,1,0,,,,,,,,,,,,,,,10747722558066285512,,1041.9121665945277,a63fbf9c6d483c2a167a5e2ac53d6981,
Synth,sdl_000522.png,/home/marsi/TFM/data/gen/SD_E2_HOPE/v1_8000/sdl_000522.png,284,284,,1,melanoma,,,,train,3,1,0,,,,,,,,,,,,,,,16244085503355422573,,771.8026788150892,b362f3eb80329213aa926392960c6bf4,
Synth,sdl_000523.png,/home/marsi/TFM/data/gen/SD_E2_HOPE/v1_8000/sdl_000523.png,284,284,,1,melanoma,,,,train,3,1,0,,,,,,,,,,,,,,,12621848979970871065,,237.95924538001415,22332c9d842f13d96bc01734eabd8228,
Synth,sdl_000524.png,/home/marsi/TFM/data/gen/SD_E2_HOPE/v1_8000/sdl_000524.png,284,284,,1,melanoma,,,,train,3,1,0,,,,,,,,,,,,,,,12860529659005657884,,481.7885097181425,de233fd5633b7648da9b682d9d1415ae,
Synth,sdl_000525.png,/home/marsi/TFM/data/gen/SD_E2_HOPE/v1_8000/sdl_000525.png,284,284,,1,melanoma,,,,train,3,1,0,,,,,,,,,,,,,,,13563649729870776654,,434.4028216069564,d012fd25e02fda0ad83334f98d6c93f1,
Synth,sdl_000526.png,/home/marsi/TFM/data/gen/SD_E2_HOPE/v1_8000/sdl_000526.png,284,284,,1,melanoma,,,,train,3,1,0,,,,,,,,,,,,,,,13418424479110474892,,336.2491586767137,fed049cfb16646f2d786aee8ac91a416,
Synth,sdl_000527.png,/home/marsi/TFM/data/gen/SD_E2_HOPE/v1_8000/sdl_000527.png,284,284,,1,melanoma,,,,train,3,1,0,,,,,,,,,,,,,,,16461368491700588699,,687.2972817979753,a5560cfd3beb604e10ad5cbd0094b21f,
Synth,sdl_000528.png,/home/marsi/TFM/data/gen/SD_E2_HOPE/v1_8000/sdl_000528.png,284,284,,1,melanoma,,,,train,3,1,0,,,,,,,,,,,,,,,16805345584663645155,,396.7928271954879,96b143948acf5cd3f20c98627f38e09e,
Synth,sdl_000529.png,/home/marsi/TFM/data/gen/SD_E2_HOPE/v1_8000/sdl_000529.png,284,284,,1,melanoma,,,,train,3,1,0,,,,,,,,,,,,,,,14023810542270891678,,980.6641996419056,47ba5c05a98e7a35cb7eaf46160cb0da,
Synth,sdl_000530.png,/home/marsi/TFM/data/gen/SD_E2_HOPE/v1_8000/sdl_000530.png,284,284,,1,melanoma,,,,train,3,1,0,,,,,,,,,,,,,,,16306938288643561525,,510.030944778584,9255eeba7bcf6ede385569d4a9ab8da0,
Synth,sdl_000531.png,/home/marsi/TFM/data/gen/SD_E2_HOPE/v1_8000/sdl_000531.png,284,284,,1,melanoma,,,,train,3,1,0,,,,,,,,,,,,,,,13275648051598036587,,380.4968136399984,cfdde7f4106c4f131f6c62a95175aca7,
Synth,sdl_000533.png,/home/marsi/TFM/data/gen/SD_E2_HOPE/v1_8000/sdl_000533.png,284,284,,1,melanoma,,,,train,3,1,0,,,,,,,,,,,,,,,13817835435263616368,,272.62201043590903,f0cff91f9aac5e92444d236efe32db99,
Synth,sdl_000534.png,/home/marsi/TFM/data/gen/SD_E2_HOPE/v1_8000/sdl_000534.png,284,284,,1,melanoma,,,,train,3,1,0,,,,,,,,,,,,,,,12782558904189359065,,601.6509465575218,5c5645475b46f71e75e3ea66af0c1765,
Synth,sdl_000535.png,/home/marsi/TFM/data/gen/SD_E2_HOPE/v1_8000/sdl_000535.png,284,284,,1,melanoma,,,,train,3,1,0,,,,,,,,,,,,,,,17107421146737160347,,228.7987531274557,5d65462b28a94e1aa08c3b873c4b2df8,
Synth,sdl_000536.png,/home/marsi/TFM/data/gen/SD_E2_HOPE/v1_8000/sdl_000536.png,284,284,,1,melanoma,,,,train,3,1,0,,,,,,,,,,,,,,,13202232806990440478,,415.7148002674803,8cc72d2ec9f1443aafce1c9ab63061f5,
Synth,sdl_000537.png,/home/marsi/TFM/data/gen/SD_E2_HOPE/v1_8000/sdl_000537.png,284,284,,1,melanoma,,,,train,3,1,0,,,,,,,,,,,,,,,12507019922526683492,,428.33442555367947,eaf08f028b52cbe332d35af8379c894e,
Synth,sdl_000538.png,/home/marsi/TFM/data/gen/SD_E2_HOPE/v1_8000/sdl_000538.png,284,284,,1,melanoma,,,,train,3,1,0,,,,,,,,,,,,,,,12981162717432581114,,1696.4367645047605,8e0ca4033c6a46db23540dd922b8e76f,
Synth,sdl_000539.png,/home/marsi/TFM/data/gen/SD_E2_HOPE/v1_8000/sdl_000539.png,284,284,,1,melanoma,,,,train,3,1,0,,,,,,,,,,,,,,,14730803504310503825,,2304.255803427659,6ab544f24ade768c5cea09da620cf9eb,
Synth,sdl_000541.png,/home/marsi/TFM/data/gen/SD_E2_HOPE/v1_8000/sdl_000541.png,284,284,,1,melanoma,,,,train,3,1,0,,,,,,,,,,,,,,,17595147546873308664,,1599.3210114836693,674c1b5145374b7c0dd1e6ea5b55e5a7,
Synth,sdl_000542.png,/home/marsi/TFM/data/gen/SD_E2_HOPE/v1_8000/sdl_000542.png,284,284,,1,melanoma,,,,train,3,1,0,,,,,,,,,,,,,,,12697834244140579565,,898.626425370574,458ded169dbcc2ca7c047fe5f56ccb54,
Synth,sdl_000543.png,/home/marsi/TFM/data/gen/SD_E2_HOPE/v1_8000/sdl_000543.png,284,284,,1,melanoma,,,,train,3,1,0,,,,,,,,,,,,,,,16266587959284633169,,678.9904269939288,3e37832ecb0d6fc79fd9595df414dad3,
Synth,sdl_000544.png,/home/marsi/TFM/data/gen/SD_E2_HOPE/v1_8000/sdl_000544.png,284,284,,1,melanoma,,,,train,3,1,0,,,,,,,,,,,,,,,13128221395059811890,,300.8353483071551,41cf14063e1da3e3c5b4c9513719529d,
Synth,sdl_000545.png,/home/marsi/TFM/data/gen/SD_E2_HOPE/v1_8000/sdl_000545.png,284,284,,1,melanoma,,,,train,3,1,0,,,,,,,,,,,,,,,12984936471332790034,,249.67810294684023,255402562b2e70f356aeab427a7d5d66,
Synth,sdl_000547.png,/home/marsi/TFM/data/gen/SD_E2_HOPE/v1_8000/sdl_000547.png,284,284,,1,melanoma,,,,train,3,1,0,,,,,,,,,,,,,,,16734414981673075674,,294.0736751407385,2c97d4d8569c13f1aeebe44ef742951b,
Synth,sdl_000548.png,/home/marsi/TFM/data/gen/SD_E2_HOPE/v1_8000/sdl_000548.png,284,284,,1,melanoma,,,,train,3,1,0,,,,,,,,,,,,,,,13936701954180985965,,403.9869354357943,1091395469f5b34ab97984fa4d7009a8,
Synth,sdl_000549.png,/home/marsi/TFM/data/gen/SD_E2_HOPE/v1_8000/sdl_000549.png,284,284,,1,melanoma,,,,train,3,1,0,,,,,,,,,,,,,,,13775333360224748557,,338.0015907138586,e578519d4a7c4990c33b332cb9169ddc,
Synth,sdl_000550.png,/home/marsi/TFM/data/gen/SD_E2_HOPE/v1_8000/sdl_000550.png,284,284,,1,melanoma,,,,train,3,1,0,,,,,,,,,,,,,,,12642114631706283464,,563.3857862493023,a42a998931ec9cb7e460593b3a681270,
Synth,sdl_000551.png,/home/marsi/TFM/data/gen/SD_E2_HOPE/v1_8000/sdl_000551.png,284,284,,1,melanoma,,,,train,3,1,0,,,,,,,,,,,,,,,12769753867152492956,,479.9683976732194,7a3ee949d9c672736d69554693dbb8ea,
Synth,sdl_000552.png,/home/marsi/TFM/data/gen/SD_E2_HOPE/v1_8000/sdl_000552.png,284,284,,1,melanoma,,,,train,3,1,0,,,,,,,,,,,,,,,13706636034661231630,,236.8132189475,a3fe672b0d3a32f4508cd9d93d3043a8,
Synth,sdl_000553.png,/home/marsi/TFM/data/gen/SD_E2_HOPE/v1_8000/sdl_000553.png,284,284,,1,melanoma,,,,train,3,1,0,,,,,,,,,,,,,,,17589305075332638616,,433.75717157125473,e448f499a7bd42cdd36da645dae393b4,
Synth,sdl_000554.png,/home/marsi/TFM/data/gen/SD_E2_HOPE/v1_8000/sdl_000554.png,284,284,,1,melanoma,,,,train,3,1,0,,,,,,,,,,,,,,,12717749652184769852,,329.49111407995224,4dd79d0b2782181e415849d9f9c0b358,
Synth,sdl_000555.png,/home/marsi/TFM/data/gen/SD_E2_HOPE/v1_8000/sdl_000555.png,284,284,,1,melanoma,,,,train,3,1,0,,,,,,,,,,,,,,,16732164862231168851,,394.8555726855993,77e2e6db5b709fb3542104b2c3aece12,
Synth,sdl_000556.png,/home/marsi/TFM/data/gen/SD_E2_HOPE/v1_8000/sdl_000556.png,284,284,,1,melanoma,,,,train,3,1,0,,,,,,,,,,,,,,,16442813554720609892,,385.49462881311774,8f3ad23adfb7435b9542c82d222705fb,
Synth,sdl_000557.png,/home/marsi/TFM/data/gen/SD_E2_HOPE/v1_8000/sdl_000557.png,284,284,,1,melanoma,,,,train,3,1,0,,,,,,,,,,,,,,,13286676167334458477,,287.19029508531094,011e6f2171964e67f742a17920b21ad2,
Synth,sdl_000558.png,/home/marsi/TFM/data/gen/SD_E2_HOPE/v1_8000/sdl_000558.png,284,284,,1,melanoma,,,,train,3,1,0,,,,,,,,,,,,,,,13773081559715972764,,1068.6792051931843,311f64b900ca7ddaaf5fbde9183e5f70,
Synth,sdl_000559.png,/home/marsi/TFM/data/gen/SD_E2_HOPE/v1_8000/sdl_000559.png,284,284,,1,melanoma,,,,train,3,1,0,,,,,,,,,,,,,,,16319519538521417132,,532.3210031380877,9be33b4167b245d33ecefd52fa76d9b2,
Synth,sdl_000560.png,/home/marsi/TFM/data/gen/SD_E2_HOPE/v1_8000/sdl_000560.png,284,284,,1,melanoma,,,,train,3,1,0,,,,,,,,,,,,,,,13866653139411917168,,352.13498674333096,2906547bb7e131e3069db1a8423955b4,
Synth,sdl_000561.png,/home/marsi/TFM/data/gen/SD_E2_HOPE/v1_8000/sdl_000561.png,284,284,,1,melanoma,,,,train,3,1,0,,,,,,,,,,,,,,,16746784366605595192,,422.51667937263846,5190ad7ca83f13d0ab521f0f23f34e6d,
Synth,sdl_000562.png,/home/marsi/TFM/data/gen/SD_E2_HOPE/v1_8000/sdl_000562.png,284,284,,1,melanoma,,,,train,3,1,0,,,,,,,,,,,,,,,16485027559587925670,,319.275485499762,3173b6d55774edeb73e7207ffe576a52,
Synth,sdl_000563.png,/home/marsi/TFM/data/gen/SD_E2_HOPE/v1_8000/sdl_000563.png,284,284,,1,melanoma,,,,train,3,1,0,,,,,,,,,,,,,,,17904209354341688819,,648.0518388887867,160d4d22f3f7852c2877eaef61855048,
Synth,sdl_000564.png,/home/marsi/TFM/data/gen/SD_E2_HOPE/v1_8000/sdl_000564.png,284,284,,1,melanoma,,,,train,3,1,0,,,,,,,,,,,,,,,17035641455363389588,,438.28063963353634,8e73a7a1ef1d9a786264c24138fd2773,
Synth,sdl_000565.png,/home/marsi/TFM/data/gen/SD_E2_HOPE/v1_8000/sdl_000565.png,284,284,,1,melanoma,,,,train,3,1,0,,,,,,,,,,,,,,,15578621149923694265,,3921.6875657802448,4f4c72816199acb8afb06f8950b86db4,
Synth,sdl_000566.png,/home/marsi/TFM/data/gen/SD_E2_HOPE/v1_8000/sdl_000566.png,284,284,,1,melanoma,,,,train,3,1,0,,,,,,,,,,,,,,,13563084604130812982,,501.9683823501691,b91b1d6d3ad0a3387a20b76811782e47,
Synth,sdl_000567.png,/home/marsi/TFM/data/gen/SD_E2_HOPE/v1_8000/sdl_000567.png,284,284,,1,melanoma,,,,train,3,1,0,,,,,,,,,,,,,,,11917585356063645647,,802.7467980822548,276b23a97a8638b13d713243cdbdb80d,
Synth,sdl_000568.png,/home/marsi/TFM/data/gen/SD_E2_HOPE/v1_8000/sdl_000568.png,284,284,,1,melanoma,,,,train,3,1,0,,,,,,,,,,,,,,,13590883977633680098,,779.6466373195872,8a8539d4d8cf098631bbb0705465f294,
Synth,sdl_000569.png,/home/marsi/TFM/data/gen/SD_E2_HOPE/v1_8000/sdl_000569.png,284,284,,1,melanoma,,,,train,3,1,0,,,,,,,,,,,,,,,16656168056548373362,,285.3882605880499,dca34c06bca6a1b638ee063580be0b08,
Synth,sdl_000570.png,/home/marsi/TFM/data/gen/SD_E2_HOPE/v1_8000/sdl_000570.png,284,284,,1,melanoma,,,,train,3,1,0,,,,,,,,,,,,,,,13417843843773711501,,372.599624096416,ece3e04d73c9b296c34ad98d2e513ba3,
Synth,sdl_000571.png,/home/marsi/TFM/data/gen/SD_E2_HOPE/v1_8000/sdl_000571.png,284,284,,1,melanoma,,,,train,3,1,0,,,,,,,,,,,,,,,13507368472699913033,,571.3389407237992,6589e6077559dba169e95718ba350af7,
Synth,sdl_000573.png,/home/marsi/TFM/data/gen/SD_E2_HOPE/v1_8000/sdl_000573.png,284,284,,1,melanoma,,,,train,3,1,0,,,,,,,,,,,,,,,11835112105975695288,,267.692589700222,316e65373c7b3cf69627c1f3cd09196f,
Synth,sdl_000574.png,/home/marsi/TFM/data/gen/SD_E2_HOPE/v1_8000/sdl_000574.png,284,284,,1,melanoma,,,,train,3,1,0,,,,,,,,,,,,,,,13077911122756386253,,1065.844752252102,d949de9e13c18965068956e733b13ef4,
Synth,sdl_000575.png,/home/marsi/TFM/data/gen/SD_E2_HOPE/v1_8000/sdl_000575.png,284,284,,1,melanoma,,,,train,3,1,0,,,,,,,,,,,,,,,16953453478622605647,,613.8366928538308,7ec66edeec4d7a909fc2abd707c8faa9,
Synth,sdl_000576.png,/home/marsi/TFM/data/gen/SD_E2_HOPE/v1_8000/sdl_000576.png,284,284,,1,melanoma,,,,train,3,1,0,,,,,,,,,,,,,,,16161331310079993182,,537.9432890377939,591551fdb8bd943bb6d8ee19743ad967,
Synth,sdl_000577.png,/home/marsi/TFM/data/gen/SD_E2_HOPE/v1_8000/sdl_000577.png,284,284,,1,melanoma,,,,train,3,1,0,,,,,,,,,,,,,,,16890892820545746235,,440.3773321351037,f236effc8d85d48c5676e182efb0b61f,
Synth,sdl_000578.png,/home/marsi/TFM/data/gen/SD_E2_HOPE/v1_8000/sdl_000578.png,284,284,,1,melanoma,,,,train,3,1,0,,,,,,,,,,,,,,,16803941629828156308,,393.5591430654749,15d4fe2deb3c5538170856010cc533fb,
Synth,sdl_000579.png,/home/marsi/TFM/data/gen/SD_E2_HOPE/v1_8000/sdl_000579.png,284,284,,1,melanoma,,,,train,3,1,0,,,,,,,,,,,,,,,13924037972024506349,,1478.6059095226228,b4c3c307d250213c8dbfafbf00983dde,
Synth,sdl_000580.png,/home/marsi/TFM/data/gen/SD_E2_HOPE/v1_8000/sdl_000580.png,284,284,,1,melanoma,,,,train,3,1,0,,,,,,,,,,,,,,,12762520064593717203,,496.6530739031732,b249865247044d3d53add41e64cf0ef7,
Synth,sdl_000581.png,/home/marsi/TFM/data/gen/SD_E2_HOPE/v1_8000/sdl_000581.png,284,284,,1,melanoma,,,,train,3,1,0,,,,,,,,,,,,,,,13788281080077684198,,698.1090103648603,ddbf3689c01f9df3772ad580ce0ea308,
Synth,sdl_000582.png,/home/marsi/TFM/data/gen/SD_E2_HOPE/v1_8000/sdl_000582.png,284,284,,1,melanoma,,,,train,3,1,0,,,,,,,,,,,,,,,14080004624630703117,,1261.539481154643,fea7adf113c5de8fce12938682f67ea5,
Synth,sdl_000583.png,/home/marsi/TFM/data/gen/SD_E2_HOPE/v1_8000/sdl_000583.png,284,284,,1,melanoma,,,,train,3,1,0,,,,,,,,,,,,,,,17406275741661099836,,888.8627034490928,de063e6712bb09142b98836c3327fe8b,
Synth,sdl_000584.png,/home/marsi/TFM/data/gen/SD_E2_HOPE/v1_8000/sdl_000584.png,284,284,,1,melanoma,,,,train,3,1,0,,,,,,,,,,,,,,,16891741707089814133,,408.260582562536,f41f12606aaf536008cfb07625fa2c92,
Synth,sdl_000585.png,/home/marsi/TFM/data/gen/SD_E2_HOPE/v1_8000/sdl_000585.png,284,284,,1,melanoma,,,,train,3,1,0,,,,,,,,,,,,,,,13507353069810883780,,273.6370493164286,be499a652968b93ce0902c8c87c74912,
Synth,sdl_000586.png,/home/marsi/TFM/data/gen/SD_E2_HOPE/v1_8000/sdl_000586.png,284,284,,1,melanoma,,,,train,3,1,0,,,,,,,,,,,,,,,12710990586834439288,,461.1379742687568,10c96a9d94230d5948bfebadf986585d,
Synth,sdl_000587.png,/home/marsi/TFM/data/gen/SD_E2_HOPE/v1_8000/sdl_000587.png,284,284,,1,melanoma,,,,train,3,1,0,,,,,,,,,,,,,,,16370757059625499701,,233.86498203501105,1c7666483ff3a9096fc36669904a621c,
Synth,sdl_000588.png,/home/marsi/TFM/data/gen/SD_E2_HOPE/v1_8000/sdl_000588.png,284,284,,1,melanoma,,,,train,3,1,0,,,,,,,,,,,,,,,11918143628273991117,,915.678336083889,af32b9610b208f27e82932436d7c1209,
Synth,sdl_000589.png,/home/marsi/TFM/data/gen/SD_E2_HOPE/v1_8000/sdl_000589.png,284,284,,1,melanoma,,,,train,3,1,0,,,,,,,,,,,,,,,18048340034264187084,,1590.5885690068826,c3649f64a62341724e0f4c846111c007,
Synth,sdl_000590.png,/home/marsi/TFM/data/gen/SD_E2_HOPE/v1_8000/sdl_000590.png,284,284,,1,melanoma,,,,train,3,1,0,,,,,,,,,,,,,,,17308626133067918904,,561.2508597811684,8e0d4293e4be3f72d2ffa929af68ef90,
Synth,sdl_000591.png,/home/marsi/TFM/data/gen/SD_E2_HOPE/v1_8000/sdl_000591.png,284,284,,1,melanoma,,,,train,3,1,0,,,,,,,,,,,,,,,10526715209494374194,,2022.3147080680355,869a7592933e0892be8dff716d784895,
Synth,sdl_000593.png,/home/marsi/TFM/data/gen/SD_E2_HOPE/v1_8000/sdl_000593.png,284,284,,1,melanoma,,,,train,3,1,0,,,,,,,,,,,,,,,16747370326772643430,,480.8523099422455,3f1748f484f276c065b62311ad0eb1d0,
Synth,sdl_000594.png,/home/marsi/TFM/data/gen/SD_E2_HOPE/v1_8000/sdl_000594.png,284,284,,1,melanoma,,,,train,3,1,0,,,,,,,,,,,,,,,16258868339814259303,,371.24705764558166,abae6c49572dec26f27cbb27c35b362f,
Synth,sdl_000595.png,/home/marsi/TFM/data/gen/SD_E2_HOPE/v1_8000/sdl_000595.png,284,284,,1,melanoma,,,,train,3,1,0,,,,,,,,,,,,,,,16315278886824777932,,448.2377604842186,64974464cac824db3167ac1dacd17495,
Synth,sdl_000596.png,/home/marsi/TFM/data/gen/SD_E2_HOPE/v1_8000/sdl_000596.png,284,284,,1,melanoma,,,,train,3,1,0,,,,,,,,,,,,,,,13791008019533008774,,571.1458904882893,629420930ff3ff50d401e38725b6c847,
Synth,sdl_000597.png,/home/marsi/TFM/data/gen/SD_E2_HOPE/v1_8000/sdl_000597.png,284,284,,1,melanoma,,,,train,3,1,0,,,,,,,,,,,,,,,12627408112053675565,,302.4090562723577,145a32a72caaaed9e11a37564d77c945,
Synth,sdl_000598.png,/home/marsi/TFM/data/gen/SD_E2_HOPE/v1_8000/sdl_000598.png,284,284,,1,melanoma,,,,train,3,1,0,,,,,,,,,,,,,,,15805525252110497670,,2881.7511596446857,1092b80242c3d305d94af10f51efb8c0,
Synth,sdl_000599.png,/home/marsi/TFM/data/gen/SD_E2_HOPE/v1_8000/sdl_000599.png,284,284,,1,melanoma,,,,train,3,1,0,,,,,,,,,,,,,,,16819756604111898736,,245.2767834030092,32ebb6b1bde90bec68cb4c710a3bf4ce,
Synth,sdl_000600.png,/home/marsi/TFM/data/gen/SD_E2_HOPE/v1_8000/sdl_000600.png,284,284,,1,melanoma,,,,train,3,1,0,,,,,,,,,,,,,,,16747066041283535412,,295.92864602804184,a9484347ec07345feea52cfbf94da542,
Synth,sdl_000601.png,/home/marsi/TFM/data/gen/SD_E2_HOPE/v1_8000/sdl_000601.png,284,284,,1,melanoma,,,,train,3,1,0,,,,,,,,,,,,,,,13772500579326107497,,232.2393642058596,56a56bb8a17d89a958a2d46d9263bd21,
Synth,sdl_000602.png,/home/marsi/TFM/data/gen/SD_E2_HOPE/v1_8000/sdl_000602.png,284,284,,1,melanoma,,,,train,3,1,0,,,,,,,,,,,,,,,17322134365554608027,,745.7856322294101,4d2f51f01fd126a1b2d71bc6dbf1c1c6,
Synth,sdl_000603.png,/home/marsi/TFM/data/gen/SD_E2_HOPE/v1_8000/sdl_000603.png,284,284,,1,melanoma,,,,train,3,1,0,,,,,,,,,,,,,,,14298181639148156683,,1556.597159013152,63734e665627a97074f6b3fa66fbe58e,
Synth,sdl_000604.png,/home/marsi/TFM/data/gen/SD_E2_HOPE/v1_8000/sdl_000604.png,284,284,,1,melanoma,,,,train,3,1,0,,,,,,,,,,,,,,,16245222337841620277,,470.9219307964668,3fe128e10cc0ccb5240a01abe72d79e1,
Synth,sdl_000605.png,/home/marsi/TFM/data/gen/SD_E2_HOPE/v1_8000/sdl_000605.png,284,284,,1,melanoma,,,,train,3,1,0,,,,,,,,,,,,,,,13507070084296566980,,499.7229633182287,b12209c2947a5c2bd7ce5edc561028b1,
Synth,sdl_000606.png,/home/marsi/TFM/data/gen/SD_E2_HOPE/v1_8000/sdl_000606.png,284,284,,1,melanoma,,,,train,3,1,0,,,,,,,,,,,,,,,12084637479044167580,,553.4399450039491,820f6d5503d40c53e691319a024e5709,
Synth,sdl_000607.png,/home/marsi/TFM/data/gen/SD_E2_HOPE/v1_8000/sdl_000607.png,284,284,,1,melanoma,,,,train,3,1,0,,,,,,,,,,,,,,,13489618725875981853,,282.1142405634746,d6b01155dec31ab25c3fc3a80194aa8a,
Synth,sdl_000608.png,/home/marsi/TFM/data/gen/SD_E2_HOPE/v1_8000/sdl_000608.png,284,284,,1,melanoma,,,,train,3,1,0,,,,,,,,,,,,,,,16388771144679525429,,420.7220873525366,6fad2413b60bdacbd3c2bd83e73f99d6,
Synth,sdl_000609.png,/home/marsi/TFM/data/gen/SD_E2_HOPE/v1_8000/sdl_000609.png,284,284,,1,melanoma,,,,train,3,1,0,,,,,,,,,,,,,,,16891758328644319640,,374.37074540462345,3a750f441db204b5286852aa27af918a,
Synth,sdl_000610.png,/home/marsi/TFM/data/gen/SD_E2_HOPE/v1_8000/sdl_000610.png,284,284,,1,melanoma,,,,train,3,1,0,,,,,,,,,,,,,,,17377075227809104248,,257.36789889540523,eb723d2520d8db8cbf3fe0b36aea8c59,
Synth,sdl_000611.png,/home/marsi/TFM/data/gen/SD_E2_HOPE/v1_8000/sdl_000611.png,284,284,,1,melanoma,,,,train,3,1,0,,,,,,,,,,,,,,,11919218099894535861,,711.717162094079,652cfa5354b05821275febbde6f68c7c,
Synth,sdl_000612.png,/home/marsi/TFM/data/gen/SD_E2_HOPE/v1_8000/sdl_000612.png,284,284,,1,melanoma,,,,train,3,1,0,,,,,,,,,,,,,,,16371875211696176005,,1141.9881658814847,228dd020f02f80c113db9825810ffdc2,
Synth,sdl_000613.png,/home/marsi/TFM/data/gen/SD_E2_HOPE/v1_8000/sdl_000613.png,284,284,,1,melanoma,,,,train,3,1,0,,,,,,,,,,,,,,,13634881195183134938,,763.3778188228607,472ff3c1d1d7f5e1b069b02c14937b25,
Synth,sdl_000614.png,/home/marsi/TFM/data/gen/SD_E2_HOPE/v1_8000/sdl_000614.png,284,284,,1,melanoma,,,,train,3,1,0,,,,,,,,,,,,,,,16952553110551030947,,511.5465651294217,3b8e0865951b9393d2375f7b5dce67c9,
Synth,sdl_000615.png,/home/marsi/TFM/data/gen/SD_E2_HOPE/v1_8000/sdl_000615.png,284,284,,1,melanoma,,,,train,3,1,0,,,,,,,,,,,,,,,13563876445692552493,,363.3841512165964,e5616f2593acf828ace2be32a132d1f8,
Synth,sdl_000616.png,/home/marsi/TFM/data/gen/SD_E2_HOPE/v1_8000/sdl_000616.png,284,284,,1,melanoma,,,,train,3,1,0,,,,,,,,,,,,,,,17925593286848375099,,424.9496390586719,e2c03646894d3bb495f4efb0e7e9a7e3,
Synth,sdl_000617.png,/home/marsi/TFM/data/gen/SD_E2_HOPE/v1_8000/sdl_000617.png,284,284,,1,melanoma,,,,train,3,1,0,,,,,,,,,,,,,,,14095858571920035675,,531.7852048268542,a5e9662ba78f921d5a35435a7aae9933,
Synth,sdl_000618.png,/home/marsi/TFM/data/gen/SD_E2_HOPE/v1_8000/sdl_000618.png,284,284,,1,melanoma,,,,train,3,1,0,,,,,,,,,,,,,,,16733289100971109937,,233.91961669828743,173355fbbb47ab669cf14789ded89b05,
Synth,sdl_000619.png,/home/marsi/TFM/data/gen/SD_E2_HOPE/v1_8000/sdl_000619.png,284,284,,1,melanoma,,,,train,3,1,0,,,,,,,,,,,,,,,18029459355028254252,,499.0626551955938,18267cf8ec48142db060667cdcd5efc8,
Synth,sdl_000620.png,/home/marsi/TFM/data/gen/SD_E2_HOPE/v1_8000/sdl_000620.png,284,284,,1,melanoma,,,,train,3,1,0,,,,,,,,,,,,,,,13794196413972931617,,374.23546981438994,cfca6fabed64f8064dd5e2b5eec13c4d,
Synth,sdl_000621.png,/home/marsi/TFM/data/gen/SD_E2_HOPE/v1_8000/sdl_000621.png,284,284,,1,melanoma,,,,train,3,1,0,,,,,,,,,,,,,,,13059542761841248735,,516.2699572509155,31d3d91d260e03ae953154bbd24e03b0,
Synth,sdl_000622.png,/home/marsi/TFM/data/gen/SD_E2_HOPE/v1_8000/sdl_000622.png,284,284,,1,melanoma,,,,train,3,1,0,,,,,,,,,,,,,,,16808776577663982291,,399.7245103679597,5f8b907e5440927c5798cd9b1bfb1c9a,
Synth,sdl_000623.png,/home/marsi/TFM/data/gen/SD_E2_HOPE/v1_8000/sdl_000623.png,284,284,,1,melanoma,,,,train,3,1,0,,,,,,,,,,,,,,,13770812378763652404,,306.54758646711707,f30f50a22080021ac4c07cccaac24836,
Synth,sdl_000624.png,/home/marsi/TFM/data/gen/SD_E2_HOPE/v1_8000/sdl_000624.png,284,284,,1,melanoma,,,,train,3,1,0,,,,,,,,,,,,,,,16241558701039171045,,19330.325830630023,d927bb066a0c6664e5daa5c8141cee13,
Synth,sdl_000625.png,/home/marsi/TFM/data/gen/SD_E2_HOPE/v1_8000/sdl_000625.png,284,284,,1,melanoma,,,,train,3,1,0,,,,,,,,,,,,,,,13719865042924150708,,374.17862635757774,714a32545b552dc4f26bad48be99941b,
Synth,sdl_000626.png,/home/marsi/TFM/data/gen/SD_E2_HOPE/v1_8000/sdl_000626.png,284,284,,1,melanoma,,,,train,3,1,0,,,,,,,,,,,,,,,12698071524860179879,,411.2899939864874,b6acbbfe81ba97ac8af60d4b7a56ced3,
Synth,sdl_000627.png,/home/marsi/TFM/data/gen/SD_E2_HOPE/v1_8000/sdl_000627.png,284,284,,1,melanoma,,,,train,3,1,0,,,,,,,,,,,,,,,12985725984702556621,,879.9735286086798,87f3c04caae53f0f3f7bb919d7bdf95b,
Synth,sdl_000628.png,/home/marsi/TFM/data/gen/SD_E2_HOPE/v1_8000/sdl_000628.png,284,284,,1,melanoma,,,,train,3,1,0,,,,,,,,,,,,,,,13818389704088476078,,449.06089758872986,194350a2d90d95bf0f5c219d297dfc61,
Synth,sdl_000629.png,/home/marsi/TFM/data/gen/SD_E2_HOPE/v1_8000/sdl_000629.png,284,284,,1,melanoma,,,,train,3,1,0,,,,,,,,,,,,,,,17592967909316326506,,560.1956390952691,5f3d885b1962b8f30137fe8b40e7f443,
Synth,sdl_000630.png,/home/marsi/TFM/data/gen/SD_E2_HOPE/v1_8000/sdl_000630.png,284,284,,1,melanoma,,,,train,3,1,0,,,,,,,,,,,,,,,12470419959380632449,,282.3671154072508,c80ffb7c0a7892e1fe56dec06af14b3e,
Synth,sdl_000631.png,/home/marsi/TFM/data/gen/SD_E2_HOPE/v1_8000/sdl_000631.png,284,284,,1,melanoma,,,,train,3,1,0,,,,,,,,,,,,,,,11844685953674851813,,238.65479057934132,f8f807dacc8766d279fb4c60f3dd2350,
Synth,sdl_000632.png,/home/marsi/TFM/data/gen/SD_E2_HOPE/v1_8000/sdl_000632.png,284,284,,1,melanoma,,,,train,3,1,0,,,,,,,,,,,,,,,16817434439282483891,,508.5724466731772,90e056a3e3935593877eab575fb14011,
Synth,sdl_000633.png,/home/marsi/TFM/data/gen/SD_E2_HOPE/v1_8000/sdl_000633.png,284,284,,1,melanoma,,,,train,3,1,0,,,,,,,,,,,,,,,13125619600072016240,,565.8072833856568,10af49987cf2feb7cb3144678e0bb0b4,
Synth,sdl_000634.png,/home/marsi/TFM/data/gen/SD_E2_HOPE/v1_8000/sdl_000634.png,284,284,,1,melanoma,,,,train,3,1,0,,,,,,,,,,,,,,,13078387073064312160,,628.4510262375697,9cadf63931482902298ee192bf801183,
Synth,sdl_000635.png,/home/marsi/TFM/data/gen/SD_E2_HOPE/v1_8000/sdl_000635.png,284,284,,1,melanoma,,,,train,3,1,0,,,,,,,,,,,,,,,12999017580429783401,,381.70885052904487,efcd7e812f190c60b7026f689c7b6d61,
Synth,sdl_000636.png,/home/marsi/TFM/data/gen/SD_E2_HOPE/v1_8000/sdl_000636.png,284,284,,1,melanoma,,,,train,3,1,0,,,,,,,,,,,,,,,13906135725482317369,,467.2029450228438,50595bae5a6c4bd1e4e3bc9c1b2e5263,
Synth,sdl_000637.png,/home/marsi/TFM/data/gen/SD_E2_HOPE/v1_8000/sdl_000637.png,284,284,,1,melanoma,,,,train,3,1,0,,,,,,,,,,,,,,,11846649267364565437,,444.9930626116693,adf0ed9724542feb6569716669b004c0,
Synth,sdl_000638.png,/home/marsi/TFM/data/gen/SD_E2_HOPE/v1_8000/sdl_000638.png,284,284,,1,melanoma,,,,train,3,1,0,,,,,,,,,,,,,,,16171161536014685381,,1928.0641136169436,6d8c756d81fb00affd24aff3abcbf67d,
Synth,sdl_000639.png,/home/marsi/TFM/data/gen/SD_E2_HOPE/v1_8000/sdl_000639.png,284,284,,1,melanoma,,,,train,3,1,0,,,,,,,,,,,,,,,18209325749772041499,,376.63495248556137,48a6886108d225d37e8bc41e79d9d0ea,
Synth,sdl_000640.png,/home/marsi/TFM/data/gen/SD_E2_HOPE/v1_8000/sdl_000640.png,284,284,,1,melanoma,,,,train,3,1,0,,,,,,,,,,,,,,,13626978131362725659,,315.19062142726034,ff9db2945bab84f4593db8b69ab3f932,
Synth,sdl_000641.png,/home/marsi/TFM/data/gen/SD_E2_HOPE/v1_8000/sdl_000641.png,284,284,,1,melanoma,,,,train,3,1,0,,,,,,,,,,,,,,,11828360928012491235,,284.24776516854763,3444a655b903914567c38860a146569a,
Synth,sdl_000642.png,/home/marsi/TFM/data/gen/SD_E2_HOPE/v1_8000/sdl_000642.png,284,284,,1,melanoma,,,,train,3,1,0,,,,,,,,,,,,,,,16990605014608119011,,623.0780635541305,eff700e8552113db5a99170199856730,
Synth,sdl_000643.png,/home/marsi/TFM/data/gen/SD_E2_HOPE/v1_8000/sdl_000643.png,284,284,,1,melanoma,,,,train,3,1,0,,,,,,,,,,,,,,,16875992629910389945,,550.1944768428802,3d3fc08226be05c9dd356ca0cb6fef05,
Synth,sdl_000644.png,/home/marsi/TFM/data/gen/SD_E2_HOPE/v1_8000/sdl_000644.png,284,284,,1,melanoma,,,,train,3,1,0,,,,,,,,,,,,,,,13007461418873410499,,515.8777776919305,b615b7224d916251b9f68c4bd240ec22,
Synth,sdl_000645.png,/home/marsi/TFM/data/gen/SD_E2_HOPE/v1_8000/sdl_000645.png,284,284,,1,melanoma,,,,train,3,1,0,,,,,,,,,,,,,,,12986343268055938127,,418.2983801625669,50aae70024422fa899faac9be0fa7778,
Synth,sdl_000646.png,/home/marsi/TFM/data/gen/SD_E2_HOPE/v1_8000/sdl_000646.png,284,284,,1,melanoma,,,,train,3,1,0,,,,,,,,,,,,,,,13059263293502999612,,347.8680811487138,349f11b2768a978116f4593e22cb20f1,
Synth,sdl_000647.png,/home/marsi/TFM/data/gen/SD_E2_HOPE/v1_8000/sdl_000647.png,284,284,,1,melanoma,,,,train,3,1,0,,,,,,,,,,,,,,,13347476054094057365,,585.6432486167178,f01a02d2d7e1c2a92f370790d9e307e4,
Synth,sdl_000648.png,/home/marsi/TFM/data/gen/SD_E2_HOPE/v1_8000/sdl_000648.png,284,284,,1,melanoma,,,,train,3,1,0,,,,,,,,,,,,,,,17180323426596183246,,383.80522725638,a6ed0ed641fc4389fcc516188252a191,
Synth,sdl_000649.png,/home/marsi/TFM/data/gen/SD_E2_HOPE/v1_8000/sdl_000649.png,284,284,,1,melanoma,,,,train,3,1,0,,,,,,,,,,,,,,,13144838687432730018,,1117.5406665466726,dd569cfb8a18350222bdef06c425a53d,
Synth,sdl_000650.png,/home/marsi/TFM/data/gen/SD_E2_HOPE/v1_8000/sdl_000650.png,284,284,,1,melanoma,,,,train,3,1,0,,,,,,,,,,,,,,,18044965017921161885,,388.7243466936052,fcecbace97f68c1796366674a3b57e66,
Synth,sdl_000652.png,/home/marsi/TFM/data/gen/SD_E2_HOPE/v1_8000/sdl_000652.png,284,284,,1,melanoma,,,,train,3,1,0,,,,,,,,,,,,,,,13418705734020263693,,492.930635384284,c13b6b8299b9ff9c901f4b3d82e13da8,
Synth,sdl_000653.png,/home/marsi/TFM/data/gen/SD_E2_HOPE/v1_8000/sdl_000653.png,284,284,,1,melanoma,,,,train,3,1,0,,,,,,,,,,,,,,,16154707061064047101,,541.40759307798,a1f31d8fe553092ada391321ecb30ea6,
Synth,sdl_000654.png,/home/marsi/TFM/data/gen/SD_E2_HOPE/v1_8000/sdl_000654.png,284,284,,1,melanoma,,,,train,3,1,0,,,,,,,,,,,,,,,11839333666981630363,,410.5306213414297,75d3b61f5b96441251bf7d016321c7ae,
Synth,sdl_000655.png,/home/marsi/TFM/data/gen/SD_E2_HOPE/v1_8000/sdl_000655.png,284,284,,1,melanoma,,,,train,3,1,0,,,,,,,,,,,,,,,12483347881427677048,,374.7816819213331,ef57b18fa85d693f22205538595dfe1a,
Synth,sdl_000656.png,/home/marsi/TFM/data/gen/SD_E2_HOPE/v1_8000/sdl_000656.png,284,284,,1,melanoma,,,,train,3,1,0,,,,,,,,,,,,,,,12494043596985613967,,559.7516888976097,c8cf5480f4ad8a863d7e63ef324c1331,
Synth,sdl_000657.png,/home/marsi/TFM/data/gen/SD_E2_HOPE/v1_8000/sdl_000657.png,284,284,,1,melanoma,,,,train,3,1,0,,,,,,,,,,,,,,,13632908575088850123,,274.91038513183594,0e61d47c0f4695c5f416aa61b7474ad5,
Synth,sdl_000658.png,/home/marsi/TFM/data/gen/SD_E2_HOPE/v1_8000/sdl_000658.png,284,284,,1,melanoma,,,,train,3,1,0,,,,,,,,,,,,,,,15402106857112745409,,1936.508020248264,faa49e09caa8cd4219e849558166d4df,
Synth,sdl_000659.png,/home/marsi/TFM/data/gen/SD_E2_HOPE/v1_8000/sdl_000659.png,284,284,,1,melanoma,,,,train,3,1,0,,,,,,,,,,,,,,,17393963426300780853,,331.7046651504934,3c0818f291c00f8d21be6ecaed5a94c2,
Synth,sdl_000660.png,/home/marsi/TFM/data/gen/SD_E2_HOPE/v1_8000/sdl_000660.png,284,284,,1,melanoma,,,,train,3,1,0,,,,,,,,,,,,,,,17250616508582226903,,340.2524985065684,2cd0cadd71dc1ebfae433de9a02ebb6f,
Synth,sdl_000661.png,/home/marsi/TFM/data/gen/SD_E2_HOPE/v1_8000/sdl_000661.png,284,284,,1,melanoma,,,,train,3,1,0,,,,,,,,,,,,,,,12559345002293597877,,989.896209206432,eae8382c52a31fe529b80b31c81a9faf,
Synth,sdl_000662.png,/home/marsi/TFM/data/gen/SD_E2_HOPE/v1_8000/sdl_000662.png,284,284,,1,melanoma,,,,train,3,1,0,,,,,,,,,,,,,,,16534571072632276079,,286.6730068773031,9991b1eac961b86c61696a9bd2d50eb3,
Synth,sdl_000663.png,/home/marsi/TFM/data/gen/SD_E2_HOPE/v1_8000/sdl_000663.png,284,284,,1,melanoma,,,,train,3,1,0,,,,,,,,,,,,,,,10490911264814617513,,1288.8173002144322,7f3102e10cc41294726d7fb91e72e180,
Synth,sdl_000665.png,/home/marsi/TFM/data/gen/SD_E2_HOPE/v1_8000/sdl_000665.png,284,284,,1,melanoma,,,,train,3,1,0,,,,,,,,,,,,,,,16606602717405123523,,753.6583411060274,59ad149c5bc6a3580412071ee7aca7d0,
Synth,sdl_000666.png,/home/marsi/TFM/data/gen/SD_E2_HOPE/v1_8000/sdl_000666.png,284,284,,1,melanoma,,,,train,3,1,0,,,,,,,,,,,,,,,16315289747049827169,,333.7455270206556,ac5177958a406f5b2f3931e2abe4c57a,
Synth,sdl_000667.png,/home/marsi/TFM/data/gen/SD_E2_HOPE/v1_8000/sdl_000667.png,284,284,,1,melanoma,,,,train,3,1,0,,,,,,,,,,,,,,,10316750233525310554,,1034.7482252409682,f7fc02c9257f03f00eeed1ea577e1a19,
Synth,sdl_000669.png,/home/marsi/TFM/data/gen/SD_E2_HOPE/v1_8000/sdl_000669.png,284,284,,1,melanoma,,,,train,3,1,0,,,,,,,,,,,,,,,16346811660275162467,,719.8309205621481,9701fcd79c91b487c8dbfe70ab6b60ca,
Synth,sdl_000670.png,/home/marsi/TFM/data/gen/SD_E2_HOPE/v1_8000/sdl_000670.png,284,284,,1,melanoma,,,,train,3,1,0,,,,,,,,,,,,,,,12264661642969312415,,297.72163081821054,cbfd0ef5f1143d1995530ad752df716d,
Synth,sdl_000672.png,/home/marsi/TFM/data/gen/SD_E2_HOPE/v1_8000/sdl_000672.png,284,284,,1,melanoma,,,,train,3,1,0,,,,,,,,,,,,,,,11954453629589746121,,243.67782031651583,51ac215f745334e4f566f78dd556f7cb,
Synth,sdl_000673.png,/home/marsi/TFM/data/gen/SD_E2_HOPE/v1_8000/sdl_000673.png,284,284,,1,melanoma,,,,train,3,1,0,,,,,,,,,,,,,,,16303742844039293419,,382.14559994637966,ffe3ce89c35c383059f43f00d1ff042e,
Synth,sdl_000674.png,/home/marsi/TFM/data/gen/SD_E2_HOPE/v1_8000/sdl_000674.png,284,284,,1,melanoma,,,,train,3,1,0,,,,,,,,,,,,,,,12546133506025203373,,506.90698384400457,0bb15535e59b6983e37716f8ade05137,
Synth,sdl_000675.png,/home/marsi/TFM/data/gen/SD_E2_HOPE/v1_8000/sdl_000675.png,284,284,,1,melanoma,,,,train,3,1,0,,,,,,,,,,,,,,,17156128756890049897,,733.5201168647036,0f7ceec62909ea3a04a218b3ca4454fa,
Synth,sdl_000676.png,/home/marsi/TFM/data/gen/SD_E2_HOPE/v1_8000/sdl_000676.png,284,284,,1,melanoma,,,,train,3,1,0,,,,,,,,,,,,,,,16369912613361116104,,259.9673142284155,597ffcd86dc9a0f93ed5e9772a96a633,
Synth,sdl_000677.png,/home/marsi/TFM/data/gen/SD_E2_HOPE/v1_8000/sdl_000677.png,284,284,,1,melanoma,,,,train,3,1,0,,,,,,,,,,,,,,,16819147479853970609,,282.2448728643358,61321aaae726bf26edd6af7c9f789014,
Synth,sdl_000678.png,/home/marsi/TFM/data/gen/SD_E2_HOPE/v1_8000/sdl_000678.png,284,284,,1,melanoma,,,,train,3,1,0,,,,,,,,,,,,,,,12480272169809024725,,837.6777147911489,092b51eca84b278ce759d5282e360098,
Synth,sdl_000679.png,/home/marsi/TFM/data/gen/SD_E2_HOPE/v1_8000/sdl_000679.png,284,284,,1,melanoma,,,,train,3,1,0,,,,,,,,,,,,,,,17371675969433795766,,797.7844485640526,15abb6da48089cfc814ac00e72fda55b,
Synth,sdl_000680.png,/home/marsi/TFM/data/gen/SD_E2_HOPE/v1_8000/sdl_000680.png,284,284,,1,melanoma,,,,train,3,1,0,,,,,,,,,,,,,,,12759762604566932699,,251.7187481969595,af04a720db0415f7f316891289516feb,
Synth,sdl_000682.png,/home/marsi/TFM/data/gen/SD_E2_HOPE/v1_8000/sdl_000682.png,284,284,,1,melanoma,,,,train,3,1,0,,,,,,,,,,,,,,,16523308121825948973,,246.5763674043119,c5e4bbea65501b0c5548acbd1daadd38,
Synth,sdl_000684.png,/home/marsi/TFM/data/gen/SD_E2_HOPE/v1_8000/sdl_000684.png,284,284,,1,melanoma,,,,train,3,1,0,,,,,,,,,,,,,,,13240795278878848921,,277.5147264590487,2e77a54c59489fe42ff27e9fbee2e7e0,
Synth,sdl_000685.png,/home/marsi/TFM/data/gen/SD_E2_HOPE/v1_8000/sdl_000685.png,284,284,,1,melanoma,,,,train,3,1,0,,,,,,,,,,,,,,,13417842186042174157,,262.29410367365927,4444ba8a4642a20ab9bc6842da5262a9,
Synth,sdl_000686.png,/home/marsi/TFM/data/gen/SD_E2_HOPE/v1_8000/sdl_000686.png,284,284,,1,melanoma,,,,train,3,1,0,,,,,,,,,,,,,,,17428022797127533513,,288.7894603572786,89124bc8381718502acd5dbad99d58bc,
Synth,sdl_000687.png,/home/marsi/TFM/data/gen/SD_E2_HOPE/v1_8000/sdl_000687.png,284,284,,1,melanoma,,,,train,3,1,0,,,,,,,,,,,,,,,13934168691399644126,,490.3182605495677,696d67c8412d7883f255bb2bf24e7813,
Synth,sdl_000688.png,/home/marsi/TFM/data/gen/SD_E2_HOPE/v1_8000/sdl_000688.png,284,284,,1,melanoma,,,,train,3,1,0,,,,,,,,,,,,,,,11919835820544695709,,1810.1908646672964,b56ffba04f873c011aa5cd8c6026bce9,
Synth,sdl_000689.png,/home/marsi/TFM/data/gen/SD_E2_HOPE/v1_8000/sdl_000689.png,284,284,,1,melanoma,,,,train,3,1,0,,,,,,,,,,,,,,,16457444532584506422,,313.9322505258024,306d158390928ecb925bd685b8407c82,
Synth,sdl_000690.png,/home/marsi/TFM/data/gen/SD_E2_HOPE/v1_8000/sdl_000690.png,284,284,,1,melanoma,,,,train,3,1,0,,,,,,,,,,,,,,,15113603646889003491,,2759.0188629478216,3ceeb7baf04143177e0dfb2dfc263154,
Synth,sdl_000691.png,/home/marsi/TFM/data/gen/SD_E2_HOPE/v1_8000/sdl_000691.png,284,284,,1,melanoma,,,,train,3,1,0,,,,,,,,,,,,,,,18319939943832655857,,545.7066040849313,ba5ff263e9bf41548b40ae9269e60b69,
Synth,sdl_000692.png,/home/marsi/TFM/data/gen/SD_E2_HOPE/v1_8000/sdl_000692.png,284,284,,1,melanoma,,,,train,3,1,0,,,,,,,,,,,,,,,16234515354306638791,,360.3118332391605,9a6526ba9e7cc85909103e9c65a0f24d,
Synth,sdl_000693.png,/home/marsi/TFM/data/gen/SD_E2_HOPE/v1_8000/sdl_000693.png,284,284,,1,melanoma,,,,train,3,1,0,,,,,,,,,,,,,,,13797271163268632805,,723.813225380145,5bccd8cd0d5eae35b4d4c11843a65ec1,
Synth,sdl_000694.png,/home/marsi/TFM/data/gen/SD_E2_HOPE/v1_8000/sdl_000694.png,284,284,,1,melanoma,,,,train,3,1,0,,,,,,,,,,,,,,,13702137960559999116,,253.544873341918,5cc5e4209a45585fb37a153227958c5d,
Synth,sdl_000695.png,/home/marsi/TFM/data/gen/SD_E2_HOPE/v1_8000/sdl_000695.png,284,284,,1,melanoma,,,,train,3,1,0,,,,,,,,,,,,,,,17177438428377949122,,687.0478937542066,2a57239f68a10e23c972eb8f2ed5ebdd,
Synth,sdl_000696.png,/home/marsi/TFM/data/gen/SD_E2_HOPE/v1_8000/sdl_000696.png,284,284,,1,melanoma,,,,train,3,1,0,,,,,,,,,,,,,,,16866478301123959391,,341.84219205286354,c816a8809af64175edd2a5d154b8590b,
Synth,sdl_000697.png,/home/marsi/TFM/data/gen/SD_E2_HOPE/v1_8000/sdl_000697.png,284,284,,1,melanoma,,,,train,3,1,0,,,,,,,,,,,,,,,13420116878997608657,,449.6783637404442,ec314833dbde6f86e419cb283505f5c2,
Synth,sdl_000698.png,/home/marsi/TFM/data/gen/SD_E2_HOPE/v1_8000/sdl_000698.png,284,284,,1,melanoma,,,,train,3,1,0,,,,,,,,,,,,,,,16000943128835227841,,18464.37632630765,d22a8e82207bd6d2118f8c4721355614,
Synth,sdl_000699.png,/home/marsi/TFM/data/gen/SD_E2_HOPE/v1_8000/sdl_000699.png,284,284,,1,melanoma,,,,train,3,1,0,,,,,,,,,,,,,,,13647806960635485590,,242.6422794423997,8955c1415d62626a7214d84d4e4b0df4,
Synth,sdl_000700.png,/home/marsi/TFM/data/gen/SD_E2_HOPE/v1_8000/sdl_000700.png,284,284,,1,melanoma,,,,train,3,1,0,,,,,,,,,,,,,,,16169476664518841319,,596.9033977529034,242bfe3dc45018db7dbcd1ef7abae91d,
Synth,sdl_000701.png,/home/marsi/TFM/data/gen/SD_E2_HOPE/v1_8000/sdl_000701.png,284,284,,1,melanoma,,,,train,3,1,0,,,,,,,,,,,,,,,17393911784681390897,,389.76957297232,6a89dca3489d960fc3ae010ee467637d,
Synth,sdl_000702.png,/home/marsi/TFM/data/gen/SD_E2_HOPE/v1_8000/sdl_000702.png,284,284,,1,melanoma,,,,train,3,1,0,,,,,,,,,,,,,,,17229897473272618020,,1158.1608173511922,b41016c461d0b9a357e2fb07b6de48df,
Synth,sdl_000703.png,/home/marsi/TFM/data/gen/SD_E2_HOPE/v1_8000/sdl_000703.png,284,284,,1,melanoma,,,,train,3,1,0,,,,,,,,,,,,,,,11968831487851197286,,810.8540115319192,4ae91a2a35945fabb6dedba470b1a794,
Synth,sdl_000704.png,/home/marsi/TFM/data/gen/SD_E2_HOPE/v1_8000/sdl_000704.png,284,284,,1,melanoma,,,,train,3,1,0,,,,,,,,,,,,,,,13334559231828049092,,636.3704341612756,219577db17ddb3997a3bdfa29c4a7c1f,
Synth,sdl_000705.png,/home/marsi/TFM/data/gen/SD_E2_HOPE/v1_8000/sdl_000705.png,284,284,,1,melanoma,,,,train,3,1,0,,,,,,,,,,,,,,,12984655928578892913,,243.7790500186384,a7892a74740c0a968fc2b9e65cd8a334,
Synth,sdl_000706.png,/home/marsi/TFM/data/gen/SD_E2_HOPE/v1_8000/sdl_000706.png,284,284,,1,melanoma,,,,train,3,1,0,,,,,,,,,,,,,,,10913287101325844115,,828.0236663818359,761ccbd5b119010b2fcfee65bbc2504c,
Synth,sdl_000708.png,/home/marsi/TFM/data/gen/SD_E2_HOPE/v1_8000/sdl_000708.png,284,284,,1,melanoma,,,,train,3,1,0,,,,,,,,,,,,,,,16820249257529520590,,1618.51513838768,044b7234b7bbf0953598dfbd703079c9,
Synth,sdl_000709.png,/home/marsi/TFM/data/gen/SD_E2_HOPE/v1_8000/sdl_000709.png,284,284,,1,melanoma,,,,train,3,1,0,,,,,,,,,,,,,,,12988313986383414385,,347.17096445616335,8246d7352fe092c019037a80f698b121,
Synth,sdl_000710.png,/home/marsi/TFM/data/gen/SD_E2_HOPE/v1_8000/sdl_000710.png,284,284,,1,melanoma,,,,train,3,1,0,,,,,,,,,,,,,,,17406092814076811596,,505.8006856441498,fd959fce9add33f4cc96faaa798e32d9,
Synth,sdl_000711.png,/home/marsi/TFM/data/gen/SD_E2_HOPE/v1_8000/sdl_000711.png,284,284,,1,melanoma,,,,train,3,1,0,,,,,,,,,,,,,,,10472712255055500139,,306.7238527825102,94c3584224071d70c95cffd4c2fb4a83,
Synth,sdl_000712.png,/home/marsi/TFM/data/gen/SD_E2_HOPE/v1_8000/sdl_000712.png,284,284,,1,melanoma,,,,train,3,1,0,,,,,,,,,,,,,,,14241876907429731283,,374.2665015719831,4bf076b881481f466e43193c9de9c8a9,
Synth,sdl_000713.png,/home/marsi/TFM/data/gen/SD_E2_HOPE/v1_8000/sdl_000713.png,284,284,,1,melanoma,,,,train,3,1,0,,,,,,,,,,,,,,,13777848858094995399,,433.7985557168722,6337b6ab54958420b08f0e555530746f,
Synth,sdl_000714.png,/home/marsi/TFM/data/gen/SD_E2_HOPE/v1_8000/sdl_000714.png,284,284,,1,melanoma,,,,train,3,1,0,,,,,,,,,,,,,,,13541345002316745247,,440.0281257033348,61619bedf6bd7cb2584675b2bd7f7b72,
Synth,sdl_000715.png,/home/marsi/TFM/data/gen/SD_E2_HOPE/v1_8000/sdl_000715.png,284,284,,1,melanoma,,,,train,3,1,0,,,,,,,,,,,,,,,17183627184213085082,,620.3981819590554,899cab0b067938a3849b8babbedd7b72,
Synth,sdl_000716.png,/home/marsi/TFM/data/gen/SD_E2_HOPE/v1_8000/sdl_000716.png,284,284,,1,melanoma,,,,train,3,1,0,,,,,,,,,,,,,,,17250409832508299167,,408.43282770738006,b7918eaf85276899a10a9fdd3771760b,
Synth,sdl_000719.png,/home/marsi/TFM/data/gen/SD_E2_HOPE/v1_8000/sdl_000719.png,284,284,,1,melanoma,,,,train,3,1,0,,,,,,,,,,,,,,,12493779453697336704,,664.0158744296059,150dcd82a5e9a3ac0ea34c39c4805279,
Synth,sdl_000720.png,/home/marsi/TFM/data/gen/SD_E2_HOPE/v1_8000/sdl_000720.png,284,284,,1,melanoma,,,,train,3,1,0,,,,,,,,,,,,,,,12987189130743192478,,686.4048039913177,9c9640c3b08aa72b3aca4b253e721591,
Synth,sdl_000721.png,/home/marsi/TFM/data/gen/SD_E2_HOPE/v1_8000/sdl_000721.png,284,284,,1,melanoma,,,,train,3,1,0,,,,,,,,,,,,,,,17424300252888871734,,732.208113655448,c80ca5ec58a5db33842578b38615bb99,
Synth,sdl_000722.png,/home/marsi/TFM/data/gen/SD_E2_HOPE/v1_8000/sdl_000722.png,284,284,,1,melanoma,,,,train,3,1,0,,,,,,,,,,,,,,,10767351990217824979,,1609.0903928279877,d15bab1bf37619ba1659eda198f3a504,
Synth,sdl_000723.png,/home/marsi/TFM/data/gen/SD_E2_HOPE/v1_8000/sdl_000723.png,284,284,,1,melanoma,,,,train,3,1,0,,,,,,,,,,,,,,,13129903596223872882,,248.15433287620544,73d7a366fbf1fc45f3797a63c7f538fa,
Synth,sdl_000724.png,/home/marsi/TFM/data/gen/SD_E2_HOPE/v1_8000/sdl_000724.png,284,284,,1,melanoma,,,,train,3,1,0,,,,,,,,,,,,,,,13776669657643773213,,388.653686221689,1d310fe89b2020f4ec78275ce96218d2,
Synth,sdl_000725.png,/home/marsi/TFM/data/gen/SD_E2_HOPE/v1_8000/sdl_000725.png,284,284,,1,melanoma,,,,train,3,1,0,,,,,,,,,,,,,,,16747927764158802914,,460.6858978271485,9222cd900016874ccadce8da46c28b32,
Synth,sdl_000727.png,/home/marsi/TFM/data/gen/SD_E2_HOPE/v1_8000/sdl_000727.png,284,284,,1,melanoma,,,,train,3,1,0,,,,,,,,,,,,,,,16228654573949637007,,291.9887045882642,471764538b08e33db66e36dae530c639,
Synth,sdl_000728.png,/home/marsi/TFM/data/gen/SD_E2_HOPE/v1_8000/sdl_000728.png,284,284,,1,melanoma,,,,train,3,1,0,,,,,,,,,,,,,,,16878260468272126599,,337.90254896506667,1a1c2e7a97a2cb827d6062f94ad8b1d0,
Synth,sdl_000729.png,/home/marsi/TFM/data/gen/SD_E2_HOPE/v1_8000/sdl_000729.png,284,284,,1,melanoma,,,,train,3,1,0,,,,,,,,,,,,,,,16799979509717612956,,323.38164959009737,3a96094c3937dd94ca041190bd10d090,
Synth,sdl_000730.png,/home/marsi/TFM/data/gen/SD_E2_HOPE/v1_8000/sdl_000730.png,284,284,,1,melanoma,,,,train,3,1,0,,,,,,,,,,,,,,,16155403515952897896,,622.1142737632617,c96a9d77aa1de7fbd2688783f6427214,
Synth,sdl_000731.png,/home/marsi/TFM/data/gen/SD_E2_HOPE/v1_8000/sdl_000731.png,284,284,,1,melanoma,,,,train,3,1,0,,,,,,,,,,,,,,,17180885281316622994,,636.5604512905702,52c70ca303fb4b2aaf78dad3c917ab33,
Synth,sdl_000732.png,/home/marsi/TFM/data/gen/SD_E2_HOPE/v1_8000/sdl_000732.png,284,284,,1,melanoma,,,,train,3,1,0,,,,,,,,,,,,,,,17327622236418985860,,412.6068400740624,b0a56c4a9d1835e3ee264176c8a210ec,
Synth,sdl_000733.png,/home/marsi/TFM/data/gen/SD_E2_HOPE/v1_8000/sdl_000733.png,284,284,,1,melanoma,,,,train,3,1,0,,,,,,,,,,,,,,,16245210414365101294,,566.6683412929997,d383c247bd1b0fc5aa2b76adb64faf04,
Synth,sdl_000734.png,/home/marsi/TFM/data/gen/SD_E2_HOPE/v1_8000/sdl_000734.png,284,284,,1,melanoma,,,,train,3,1,0,,,,,,,,,,,,,,,17242823599502556772,,349.0084985261783,603fc13593730d8b79508f8b1036e5f8,
Synth,sdl_000735.png,/home/marsi/TFM/data/gen/SD_E2_HOPE/v1_8000/sdl_000735.png,284,284,,1,melanoma,,,,train,3,1,0,,,,,,,,,,,,,,,17071952350077994638,,371.4834794849157,7ee2cefce25141f5020e616da192b858,
Synth,sdl_000736.png,/home/marsi/TFM/data/gen/SD_E2_HOPE/v1_8000/sdl_000736.png,284,284,,1,melanoma,,,,train,3,1,0,,,,,,,,,,,,,,,17327759987944282005,,1062.0846214294434,8264628f525adb455bbe6a3d4f26087c,
Synth,sdl_000737.png,/home/marsi/TFM/data/gen/SD_E2_HOPE/v1_8000/sdl_000737.png,284,284,,1,melanoma,,,,train,3,1,0,,,,,,,,,,,,,,,12612261455459465399,,363.6323377154768,920e816992bc43a7e57e2d3e299bfa77,
Synth,sdl_000738.png,/home/marsi/TFM/data/gen/SD_E2_HOPE/v1_8000/sdl_000738.png,284,284,,1,melanoma,,,,train,3,1,0,,,,,,,,,,,,,,,9362172809352539294,,800.5759887695312,233c2f84215a95cca1a2415046c3d5c4,
Synth,sdl_000739.png,/home/marsi/TFM/data/gen/SD_E2_HOPE/v1_8000/sdl_000739.png,284,284,,1,melanoma,,,,train,3,1,0,,,,,,,,,,,,,,,13649778879481197156,,318.6729632085189,06e218976c60a165a9ca6cd6662c3846,
Synth,sdl_000740.png,/home/marsi/TFM/data/gen/SD_E2_HOPE/v1_8000/sdl_000740.png,284,284,,1,melanoma,,,,train,3,1,0,,,,,,,,,,,,,,,14137671994305236663,,1037.631049156189,901da559c8b9a325ff8c142352b034cb,
Synth,sdl_000741.png,/home/marsi/TFM/data/gen/SD_E2_HOPE/v1_8000/sdl_000741.png,284,284,,1,melanoma,,,,train,3,1,0,,,,,,,,,,,,,,,18316563901045426972,,319.84086923953146,7d0d44c665e28017a6e307123bfcbaf3,
Synth,sdl_000742.png,/home/marsi/TFM/data/gen/SD_E2_HOPE/v1_8000/sdl_000742.png,284,284,,1,melanoma,,,,train,3,1,0,,,,,,,,,,,,,,,13577438858487143241,,366.1053287601098,bdf9fce63ae7cc6e9b4b983ecfe3cb7b,
Synth,sdl_000743.png,/home/marsi/TFM/data/gen/SD_E2_HOPE/v1_8000/sdl_000743.png,284,284,,1,melanoma,,,,train,3,1,0,,,,,,,,,,,,,,,17251816989414530008,,372.3236885331571,d7ba562425848147fcfb5b8fcad6e7f0,
Synth,sdl_000744.png,/home/marsi/TFM/data/gen/SD_E2_HOPE/v1_8000/sdl_000744.png,284,284,,1,melanoma,,,,train,3,1,0,,,,,,,,,,,,,,,17376820962785587972,,607.5529971038923,de077dd8975c90d8170a4793382c49c6,
Synth,sdl_000745.png,/home/marsi/TFM/data/gen/SD_E2_HOPE/v1_8000/sdl_000745.png,284,284,,1,melanoma,,,,train,3,1,0,,,,,,,,,,,,,,,16751285905118735987,,329.29619447048753,0e4343d2b398da3a608c0976d355b502,
Synth,sdl_000746.png,/home/marsi/TFM/data/gen/SD_E2_HOPE/v1_8000/sdl_000746.png,284,284,,1,melanoma,,,,train,3,1,0,,,,,,,,,,,,,,,13754208866392613285,,408.8630217909813,9317d5f69d5b5f323277c0f8d46b1261,
Synth,sdl_000747.png,/home/marsi/TFM/data/gen/SD_E2_HOPE/v1_8000/sdl_000747.png,284,284,,1,melanoma,,,,train,3,1,0,,,,,,,,,,,,,,,13417795457787522444,,409.3070279946551,fc490cbe26d16d28e235f032c44452a3,
Synth,sdl_000748.png,/home/marsi/TFM/data/gen/SD_E2_HOPE/v1_8000/sdl_000748.png,284,284,,1,melanoma,,,,train,3,1,0,,,,,,,,,,,,,,,16434082941363971763,,816.2427251338959,cc6445b584e3fc5ba197b21b9cb3ff35,
Synth,sdl_000749.png,/home/marsi/TFM/data/gen/SD_E2_HOPE/v1_8000/sdl_000749.png,284,284,,1,melanoma,,,,train,3,1,0,,,,,,,,,,,,,,,9693779775679591268,,1826.0665632337327,ff9cfc58c05a4a621fe757558bb682e8,
Synth,sdl_000750.png,/home/marsi/TFM/data/gen/SD_E2_HOPE/v1_8000/sdl_000750.png,284,284,,1,melanoma,,,,train,3,1,0,,,,,,,,,,,,,,,13777304765866414377,,297.8794209808111,eaeb160000fcc0e55b11fb2a3b8818ee,
Synth,sdl_000751.png,/home/marsi/TFM/data/gen/SD_E2_HOPE/v1_8000/sdl_000751.png,284,284,,1,melanoma,,,,train,3,1,0,,,,,,,,,,,,,,,17928409255257622693,,379.9310098737478,e6928d5dac83606de2264a7966cf383f,
Synth,sdl_000752.png,/home/marsi/TFM/data/gen/SD_E2_HOPE/v1_8000/sdl_000752.png,284,284,,1,melanoma,,,,train,3,1,0,,,,,,,,,,,,,,,13558883378719825355,,271.31191989406943,07b513fe89d78b8d369a18a6a5716924,
Synth,sdl_000753.png,/home/marsi/TFM/data/gen/SD_E2_HOPE/v1_8000/sdl_000753.png,284,284,,1,melanoma,,,,train,3,1,0,,,,,,,,,,,,,,,13702066389225148237,,549.3136197617278,4a70221b08b1e84e530f06cdd7aa6011,
Synth,sdl_000754.png,/home/marsi/TFM/data/gen/SD_E2_HOPE/v1_8000/sdl_000754.png,284,284,,1,melanoma,,,,train,3,1,0,,,,,,,,,,,,,,,12612564503767448269,,18287.51291903015,765578a26a6732f07549ea74f64d7631,
Synth,sdl_000755.png,/home/marsi/TFM/data/gen/SD_E2_HOPE/v1_8000/sdl_000755.png,284,284,,1,melanoma,,,,train,3,1,0,,,,,,,,,,,,,,,16531822056130204465,,267.017022526823,ac05475416debd2837b18eb1a3e493a0,
Synth,sdl_000756.png,/home/marsi/TFM/data/gen/SD_E2_HOPE/v1_8000/sdl_000756.png,284,284,,1,melanoma,,,,train,3,1,0,,,,,,,,,,,,,,,13075163696264203422,,770.9387855520472,41afd7087a5fb83fcc0cf752f6a94133,
Synth,sdl_000757.png,/home/marsi/TFM/data/gen/SD_E2_HOPE/v1_8000/sdl_000757.png,284,284,,1,melanoma,,,,train,3,1,0,,,,,,,,,,,,,,,13564494375099687777,,246.52586549520493,e3cf9235c53df1c6194fcd66778db54f,
Synth,sdl_000758.png,/home/marsi/TFM/data/gen/SD_E2_HOPE/v1_8000/sdl_000758.png,284,284,,1,melanoma,,,,train,3,1,0,,,,,,,,,,,,,,,9598086485860638201,,763.2529548369348,1ec5e0ecc55ae026ea1a6a3a6d182d92,
Synth,sdl_000759.png,/home/marsi/TFM/data/gen/SD_E2_HOPE/v1_8000/sdl_000759.png,284,284,,1,melanoma,,,,train,3,1,0,,,,,,,,,,,,,,,13780100632088553212,,316.64052782114595,542941490f28d38dc6de1fc9a7cff403,
Synth,sdl_000760.png,/home/marsi/TFM/data/gen/SD_E2_HOPE/v1_8000/sdl_000760.png,284,284,,1,melanoma,,,,train,3,1,0,,,,,,,,,,,,,,,13242491761314590561,,423.4788489192724,a938957d240183b11d270229b1ee9275,
Synth,sdl_000761.png,/home/marsi/TFM/data/gen/SD_E2_HOPE/v1_8000/sdl_000761.png,284,284,,1,melanoma,,,,train,3,1,0,,,,,,,,,,,,,,,16228893637458413365,,277.5745549462736,1a78af9865fead9743200bfe499c316f,
Synth,sdl_000763.png,/home/marsi/TFM/data/gen/SD_E2_HOPE/v1_8000/sdl_000763.png,284,284,,1,melanoma,,,,train,3,1,0,,,,,,,,,,,,,,,12768761080577946223,,291.4337651729584,3f70189a164e9ab56d3e20648cf9374c,
Synth,sdl_000764.png,/home/marsi/TFM/data/gen/SD_E2_HOPE/v1_8000/sdl_000764.png,284,284,,1,melanoma,,,,train,3,1,0,,,,,,,,,,,,,,,17315154658797794001,,330.7592764189467,8264a7cfb3f963949dc59cfdf30b2c35,
Synth,sdl_000765.png,/home/marsi/TFM/data/gen/SD_E2_HOPE/v1_8000/sdl_000765.png,284,284,,1,melanoma,,,,train,3,1,0,,,,,,,,,,,,,,,16373910047748529822,,826.7901705764234,49b3b52e4bc0e11a34e410ce9e01a73c,
Synth,sdl_000766.png,/home/marsi/TFM/data/gen/SD_E2_HOPE/v1_8000/sdl_000766.png,284,284,,1,melanoma,,,,train,3,1,0,,,,,,,,,,,,,,,12798049734055326514,,245.0967821478844,b28e3f3ec87d218309c00bf62923aa71,
Synth,sdl_000767.png,/home/marsi/TFM/data/gen/SD_E2_HOPE/v1_8000/sdl_000767.png,284,284,,1,melanoma,,,,train,3,1,0,,,,,,,,,,,,,,,13049409096797854774,,327.3347786506638,ad38d57d8dfd70eb013a76ca7d5e15f5,
Synth,sdl_000768.png,/home/marsi/TFM/data/gen/SD_E2_HOPE/v1_8000/sdl_000768.png,284,284,,1,melanoma,,,,train,3,1,0,,,,,,,,,,,,,,,17887320669988986039,,515.6480408376083,3b4800bd5e30e8be662858aed240cd5f,
Synth,sdl_000769.png,/home/marsi/TFM/data/gen/SD_E2_HOPE/v1_8000/sdl_000769.png,284,284,,1,melanoma,,,,train,3,1,0,,,,,,,,,,,,,,,12064801007864342756,,252.4024628391489,6c31ec3c9457ee3de11103f8d6bed76f,
Synth,sdl_000770.png,/home/marsi/TFM/data/gen/SD_E2_HOPE/v1_8000/sdl_000770.png,284,284,,1,melanoma,,,,train,3,1,0,,,,,,,,,,,,,,,13650903713459367108,,447.3723084926605,31309facb8509a8fd61cc3f19279fafe,
Synth,sdl_000771.png,/home/marsi/TFM/data/gen/SD_E2_HOPE/v1_8000/sdl_000771.png,284,284,,1,melanoma,,,,train,3,1,0,,,,,,,,,,,,,,,16820247128270582940,,305.815008148551,68bd60ad9c2418e985e9066eea5973fb,
Synth,sdl_000772.png,/home/marsi/TFM/data/gen/SD_E2_HOPE/v1_8000/sdl_000772.png,284,284,,1,melanoma,,,,train,3,1,0,,,,,,,,,,,,,,,16175387167606464147,,2236.41421663668,440aab1ef6b0f29b6aba9471f8dcbff8,
Synth,sdl_000773.png,/home/marsi/TFM/data/gen/SD_E2_HOPE/v1_8000/sdl_000773.png,284,284,,1,melanoma,,,,train,3,1,0,,,,,,,,,,,,,,,16408747423059230520,,364.9530984228477,e53e4181de3851a390fdbc8a7bb04fb3,
Synth,sdl_000774.png,/home/marsi/TFM/data/gen/SD_E2_HOPE/v1_8000/sdl_000774.png,284,284,,1,melanoma,,,,train,3,1,0,,,,,,,,,,,,,,,16371592684165238226,,418.6879256805405,bad1b2d6700998089f0b5d864b5c99a1,
Synth,sdl_000775.png,/home/marsi/TFM/data/gen/SD_E2_HOPE/v1_8000/sdl_000775.png,284,284,,1,melanoma,,,,train,3,1,0,,,,,,,,,,,,,,,12986905524983788093,,597.3787363013253,6d3bcc8babc61a9ce66c2d31d4a3ed8f,
Synth,sdl_000776.png,/home/marsi/TFM/data/gen/SD_E2_HOPE/v1_8000/sdl_000776.png,284,284,,1,melanoma,,,,train,3,1,0,,,,,,,,,,,,,,,13778710732453536910,,650.585752828978,50417e41aa12c46424700b3af241efce,
Synth,sdl_000777.png,/home/marsi/TFM/data/gen/SD_E2_HOPE/v1_8000/sdl_000777.png,284,284,,1,melanoma,,,,train,3,1,0,,,,,,,,,,,,,,,12984372292527813692,,321.8756520599127,a370d0c147c376f161d911f20a546688,
Synth,sdl_000778.png,/home/marsi/TFM/data/gen/SD_E2_HOPE/v1_8000/sdl_000778.png,284,284,,1,melanoma,,,,train,3,1,0,,,,,,,,,,,,,,,16676997230594896949,,258.2263953536749,7c0f9c60a051ba3b27a05ff322969c5f,
Synth,sdl_000779.png,/home/marsi/TFM/data/gen/SD_E2_HOPE/v1_8000/sdl_000779.png,284,284,,1,melanoma,,,,train,3,1,0,,,,,,,,,,,,,,,14081521214839199600,,1068.837812807411,977f8f9c44bb2cf39a64274540d27034,
Synth,sdl_000780.png,/home/marsi/TFM/data/gen/SD_E2_HOPE/v1_8000/sdl_000780.png,284,284,,1,melanoma,,,,train,3,1,0,,,,,,,,,,,,,,,17847977922496040044,,409.7109166048467,ccac5173387ed9ec190a92eff009c21c,
Synth,sdl_000781.png,/home/marsi/TFM/data/gen/SD_E2_HOPE/v1_8000/sdl_000781.png,284,284,,1,melanoma,,,,train,3,1,0,,,,,,,,,,,,,,,10714176495942508317,,1829.335125519894,811498dc00d18c8e1fb8ae4ffced9f50,
Synth,sdl_000782.png,/home/marsi/TFM/data/gen/SD_E2_HOPE/v1_8000/sdl_000782.png,284,284,,1,melanoma,,,,train,3,1,0,,,,,,,,,,,,,,,13575192893452120347,,273.66037943586707,2f1de1fc6a0e9e7d62bf43c38c0324a3,
Synth,sdl_000783.png,/home/marsi/TFM/data/gen/SD_E2_HOPE/v1_8000/sdl_000783.png,284,284,,1,melanoma,,,,train,3,1,0,,,,,,,,,,,,,,,16461085202003692952,,391.484510269016,a285ae19a6a32617201325cc9b96460d,
Synth,sdl_000784.png,/home/marsi/TFM/data/gen/SD_E2_HOPE/v1_8000/sdl_000784.png,284,284,,1,melanoma,,,,train,3,1,0,,,,,,,,,,,,,,,14080957870755132818,,811.5207716487348,2543ecba5ac3fb251e1c6cd653e5d694,
Synth,sdl_000785.png,/home/marsi/TFM/data/gen/SD_E2_HOPE/v1_8000/sdl_000785.png,284,284,,1,melanoma,,,,train,3,1,0,,,,,,,,,,,,,,,12775530944276345037,,306.5500349663198,1ed8635f586cff8f3537624c346b5f6e,
Synth,sdl_000786.png,/home/marsi/TFM/data/gen/SD_E2_HOPE/v1_8000/sdl_000786.png,284,284,,1,melanoma,,,,train,3,1,0,,,,,,,,,,,,,,,16235360332636711756,,722.6354403560981,a42e213633699e7b0dbeadc4f437c050,
Synth,sdl_000787.png,/home/marsi/TFM/data/gen/SD_E2_HOPE/v1_8000/sdl_000787.png,284,284,,1,melanoma,,,,train,3,1,0,,,,,,,,,,,,,,,12339744715248425037,,491.0225998722017,f2bbbb10d6f6569b6c5e37bdaa540a2b,
Synth,sdl_000788.png,/home/marsi/TFM/data/gen/SD_E2_HOPE/v1_8000/sdl_000788.png,284,284,,1,melanoma,,,,train,3,1,0,,,,,,,,,,,,,,,13027718820033815694,,383.68042726721615,576f31963d9e6236411158ebc8761606,
Synth,sdl_000789.png,/home/marsi/TFM/data/gen/SD_E2_HOPE/v1_8000/sdl_000789.png,284,284,,1,melanoma,,,,train,3,1,0,,,,,,,,,,,,,,,10226956928422425619,,486.0330943465233,176a90495376c4255515cf2dfb22be1e,
Synth,sdl_000790.png,/home/marsi/TFM/data/gen/SD_E2_HOPE/v1_8000/sdl_000790.png,284,284,,1,melanoma,,,,train,3,1,0,,,,,,,,,,,,,,,15836984518946815061,,619.1351208090782,9146b78b655c98872418b8013360726e,
Synth,sdl_000791.png,/home/marsi/TFM/data/gen/SD_E2_HOPE/v1_8000/sdl_000791.png,284,284,,1,melanoma,,,,train,3,1,0,,,,,,,,,,,,,,,13625852430792400760,,5332.438532068393,ab5cf01f564cca119acff220439966d2,
Synth,sdl_000792.png,/home/marsi/TFM/data/gen/SD_E2_HOPE/v1_8000/sdl_000792.png,284,284,,1,melanoma,,,,train,3,1,0,,,,,,,,,,,,,,,13780963089457358089,,495.109927739948,9956ce7592271249f8df641b2b60f18f,
Synth,sdl_000793.png,/home/marsi/TFM/data/gen/SD_E2_HOPE/v1_8000/sdl_000793.png,284,284,,1,melanoma,,,,train,3,1,0,,,,,,,,,,,,,,,18071684423743454035,,430.9534952491522,c600fcaa2fecc6d4b34082d73fe82e21,
Synth,sdl_000794.png,/home/marsi/TFM/data/gen/SD_E2_HOPE/v1_8000/sdl_000794.png,284,284,,1,melanoma,,,,train,3,1,0,,,,,,,,,,,,,,,13707764042394297464,,842.0554795404896,1a322c3fc175b0ffd45c17b87c0ca66c,
Synth,sdl_000795.png,/home/marsi/TFM/data/gen/SD_E2_HOPE/v1_8000/sdl_000795.png,284,284,,1,melanoma,,,,train,3,1,0,,,,,,,,,,,,,,,11445426125692881440,,5440.206383224577,fcdccf9daff5460295fc9c7b8d8b4b50,
Synth,sdl_000796.png,/home/marsi/TFM/data/gen/SD_E2_HOPE/v1_8000/sdl_000796.png,284,284,,1,melanoma,,,,train,3,1,0,,,,,,,,,,,,,,,16516000329013685303,,268.06931768357754,682bf162f00ce0e922d17c17d80bc376,
Synth,sdl_000797.png,/home/marsi/TFM/data/gen/SD_E2_HOPE/v1_8000/sdl_000797.png,284,284,,1,melanoma,,,,train,3,1,0,,,,,,,,,,,,,,,13535802384300559984,,378.47390723228455,2686fd44bad5a6aec9c83c6112e0d3fb,
Synth,sdl_000799.png,/home/marsi/TFM/data/gen/SD_E2_HOPE/v1_8000/sdl_000799.png,284,284,,1,melanoma,,,,train,3,1,0,,,,,,,,,,,,,,,11918708865230268871,,452.5448493650183,92c93e2d3a69ea81171d5daa5f405784,
Synth,sdl_000800.png,/home/marsi/TFM/data/gen/SD_E2_HOPE/v1_8000/sdl_000800.png,284,284,,1,melanoma,,,,train,3,1,0,,,,,,,,,,,,,,,16314168263713775029,,431.3887662431225,fc117edd1c95a7f36ea6fa45904a3587,
Synth,sdl_000801.png,/home/marsi/TFM/data/gen/SD_E2_HOPE/v1_8000/sdl_000801.png,284,284,,1,melanoma,,,,train,3,1,0,,,,,,,,,,,,,,,13001825002702117065,,495.7276769792661,77939aae026777cccf589fb95a5dca05,
Synth,sdl_000802.png,/home/marsi/TFM/data/gen/SD_E2_HOPE/v1_8000/sdl_000802.png,284,284,,1,melanoma,,,,train,3,1,0,,,,,,,,,,,,,,,12638157065346250904,,529.1351048946381,0950699db3306faeb6e0b1d2f3af9aff,
Synth,sdl_000803.png,/home/marsi/TFM/data/gen/SD_E2_HOPE/v1_8000/sdl_000803.png,284,284,,1,melanoma,,,,train,3,1,0,,,,,,,,,,,,,,,17877196998273143269,,1057.395199961029,b7161b485e57448837a048f7f40b1dc5,
Synth,sdl_000804.png,/home/marsi/TFM/data/gen/SD_E2_HOPE/v1_8000/sdl_000804.png,284,284,,1,melanoma,,,,train,3,1,0,,,,,,,,,,,,,,,17878311821539506780,,394.7816342478618,e860bf0c66f2f96f198f9f8550774f5a,
Synth,sdl_000805.png,/home/marsi/TFM/data/gen/SD_E2_HOPE/v1_8000/sdl_000805.png,284,284,,1,melanoma,,,,train,3,1,0,,,,,,,,,,,,,,,17663899054195790125,,240.2371826171875,3b20f53f2d6eec8f42b7ae22a677f6c5,
Synth,sdl_000806.png,/home/marsi/TFM/data/gen/SD_E2_HOPE/v1_8000/sdl_000806.png,284,284,,1,melanoma,,,,train,3,1,0,,,,,,,,,,,,,,,16159926689706373623,,1006.4179180823268,f1e60096b82fed256f2825951a29ef79,
Synth,sdl_000807.png,/home/marsi/TFM/data/gen/SD_E2_HOPE/v1_8000/sdl_000807.png,284,284,,1,melanoma,,,,train,3,1,0,,,,,,,,,,,,,,,9303150335246686950,,917.0553477369248,e70ad9bd5abee5a1f0f7abdcf90a0313,
Synth,sdl_000808.png,/home/marsi/TFM/data/gen/SD_E2_HOPE/v1_8000/sdl_000808.png,284,284,,1,melanoma,,,,train,3,1,0,,,,,,,,,,,,,,,13192104080500396863,,362.63816673960537,f348eefd2df51e78d8251d0cf448ba78,
Synth,sdl_000809.png,/home/marsi/TFM/data/gen/SD_E2_HOPE/v1_8000/sdl_000809.png,284,284,,1,melanoma,,,,train,3,1,0,,,,,,,,,,,,,,,12075208520602969332,,553.3794697187841,a2e536f71569b8519d330fe2cabadafc,
Synth,sdl_000810.png,/home/marsi/TFM/data/gen/SD_E2_HOPE/v1_8000/sdl_000810.png,284,284,,1,melanoma,,,,train,3,1,0,,,,,,,,,,,,,,,12044807685523818143,,265.3926230361685,1e94d6e39da5817196b630866c36a54f,
Synth,sdl_000811.png,/home/marsi/TFM/data/gen/SD_E2_HOPE/v1_8000/sdl_000811.png,284,284,,1,melanoma,,,,train,3,1,0,,,,,,,,,,,,,,,13719865586267731305,,424.0479583740234,885edfbd365350b48f4ce7a5014a44c6,
Synth,sdl_000812.png,/home/marsi/TFM/data/gen/SD_E2_HOPE/v1_8000/sdl_000812.png,284,284,,1,melanoma,,,,train,3,1,0,,,,,,,,,,,,,,,18055354736829927367,,340.1196816852316,a081af7ba44778511784aae309f48553,
Synth,sdl_000813.png,/home/marsi/TFM/data/gen/SD_E2_HOPE/v1_8000/sdl_000813.png,284,284,,1,melanoma,,,,train,3,1,0,,,,,,,,,,,,,,,10925109222557622995,,381.3462901702151,16ae0f92bc1d9828325a9a3799f81ff5,
Synth,sdl_000814.png,/home/marsi/TFM/data/gen/SD_E2_HOPE/v1_8000/sdl_000814.png,284,284,,1,melanoma,,,,train,3,1,0,,,,,,,,,,,,,,,18065492167833068679,,354.14051080401987,95e5b07b08d9bd3f8f0f00a9b1c5e8fc,
Synth,sdl_000816.png,/home/marsi/TFM/data/gen/SD_E2_HOPE/v1_8000/sdl_000816.png,284,284,,1,melanoma,,,,train,3,1,0,,,,,,,,,,,,,,,10752699124247653523,,672.3666732273996,b8d0d0a1cb7ad4e57861fe64d164b0c8,
Synth,sdl_000817.png,/home/marsi/TFM/data/gen/SD_E2_HOPE/v1_8000/sdl_000817.png,284,284,,1,melanoma,,,,train,3,1,0,,,,,,,,,,,,,,,13856788202461793785,,967.4791936278344,e13852bf2d94fe7056b150a4c1d35ba3,
Synth,sdl_000818.png,/home/marsi/TFM/data/gen/SD_E2_HOPE/v1_8000/sdl_000818.png,284,284,,1,melanoma,,,,train,3,1,0,,,,,,,,,,,,,,,13050186506045320644,,820.8584611630067,51e414d6db71745a633c274ff865e62a,
Synth,sdl_000819.png,/home/marsi/TFM/data/gen/SD_E2_HOPE/v1_8000/sdl_000819.png,284,284,,1,melanoma,,,,train,3,1,0,,,,,,,,,,,,,,,13141960651689453221,,729.2436521053314,04ddcb38523535e402b9bf0047f123d5,
Synth,sdl_000820.png,/home/marsi/TFM/data/gen/SD_E2_HOPE/v1_8000/sdl_000820.png,284,284,,1,melanoma,,,,train,3,1,0,,,,,,,,,,,,,,,18240916250938188771,,14579.667550175447,3bda038d87796d007baf5da2a7be2262,
Synth,sdl_000821.png,/home/marsi/TFM/data/gen/SD_E2_HOPE/v1_8000/sdl_000821.png,284,284,,1,melanoma,,,,train,3,1,0,,,,,,,,,,,,,,,15238805186763398449,,282.6580654345453,99e7c4fb215812347f130edee38026ed,
Synth,sdl_000822.png,/home/marsi/TFM/data/gen/SD_E2_HOPE/v1_8000/sdl_000822.png,284,284,,1,melanoma,,,,train,3,1,0,,,,,,,,,,,,,,,12332474787470580895,,477.1807913845405,66c9c1b1847f5cd2efd1e66a4125469c,
Synth,sdl_000823.png,/home/marsi/TFM/data/gen/SD_E2_HOPE/v1_8000/sdl_000823.png,284,284,,1,melanoma,,,,train,3,1,0,,,,,,,,,,,,,,,13365436526058562717,,1547.9889991134405,4ce74c92fe2ad5d84b90bae781cbbeec,
Synth,sdl_000824.png,/home/marsi/TFM/data/gen/SD_E2_HOPE/v1_8000/sdl_000824.png,284,284,,1,melanoma,,,,train,3,1,0,,,,,,,,,,,,,,,12639564042744576632,,264.665061972104,4f0373f9d2b4a7fee6da038dbc10564c,
Synth,sdl_000825.png,/home/marsi/TFM/data/gen/SD_E2_HOPE/v1_8000/sdl_000825.png,284,284,,1,melanoma,,,,train,3,1,0,,,,,,,,,,,,,,,17377369610018537615,,1253.7497707866132,abbca212a4262b5911c4c12bdcfaf1ed,
Synth,sdl_000826.png,/home/marsi/TFM/data/gen/SD_E2_HOPE/v1_8000/sdl_000826.png,284,284,,1,melanoma,,,,train,3,1,0,,,,,,,,,,,,,,,17166457269538455900,,519.7997148036957,27770ede97fd4e7252359605331a49fa,
Synth,sdl_000827.png,/home/marsi/TFM/data/gen/SD_E2_HOPE/v1_8000/sdl_000827.png,284,284,,1,melanoma,,,,train,3,1,0,,,,,,,,,,,,,,,12237636002765851956,,2678.2954834364355,6a561c7521973a2413e26b25b50efefc,
Synth,sdl_000828.png,/home/marsi/TFM/data/gen/SD_E2_HOPE/v1_8000/sdl_000828.png,284,284,,1,melanoma,,,,train,3,1,0,,,,,,,,,,,,,,,17452298922349708239,,397.9553793435916,b49f2cf7c71c297b8c279550363dbc4e,
Synth,sdl_000829.png,/home/marsi/TFM/data/gen/SD_E2_HOPE/v1_8000/sdl_000829.png,284,284,,1,melanoma,,,,train,3,1,0,,,,,,,,,,,,,,,13130176281255978330,,243.5513263856992,465f2777bd9ef544786fa9865e13b5c6,
Synth,sdl_000830.png,/home/marsi/TFM/data/gen/SD_E2_HOPE/v1_8000/sdl_000830.png,284,284,,1,melanoma,,,,train,3,1,0,,,,,,,,,,,,,,,13778622845529919686,,369.8436156176031,d42566c977853ac84250ce4521236f13,
Synth,sdl_000831.png,/home/marsi/TFM/data/gen/SD_E2_HOPE/v1_8000/sdl_000831.png,284,284,,1,melanoma,,,,train,3,1,0,,,,,,,,,,,,,,,18429187946198309052,,647.231041457504,afa7f21d94cd8e3cab4563392e846eca,
Synth,sdl_000832.png,/home/marsi/TFM/data/gen/SD_E2_HOPE/v1_8000/sdl_000832.png,284,284,,1,melanoma,,,,train,3,1,0,,,,,,,,,,,,,,,13024913971040236315,,311.7056993506849,3e20116576a09835e12cd843385dc11a,
Synth,sdl_000833.png,/home/marsi/TFM/data/gen/SD_E2_HOPE/v1_8000/sdl_000833.png,284,284,,1,melanoma,,,,train,3,1,0,,,,,,,,,,,,,,,13070502814145064677,,420.5801847046241,002a7eff6f2fd407e89cd7d69b2f9cc0,
Synth,sdl_000834.png,/home/marsi/TFM/data/gen/SD_E2_HOPE/v1_8000/sdl_000834.png,284,284,,1,melanoma,,,,train,3,1,0,,,,,,,,,,,,,,,17686163280557650980,,341.319992646575,0f0b94d376dfca8c88a78263a0e9a3ca,
Synth,sdl_000835.png,/home/marsi/TFM/data/gen/SD_E2_HOPE/v1_8000/sdl_000835.png,284,284,,1,melanoma,,,,train,3,1,0,,,,,,,,,,,,,,,13777500068180084677,,326.67993307020515,baefb0b638481538c7eaaa68a1f53245,
Synth,sdl_000836.png,/home/marsi/TFM/data/gen/SD_E2_HOPE/v1_8000/sdl_000836.png,284,284,,1,melanoma,,,,train,3,1,0,,,,,,,,,,,,,,,12816333091693682098,,685.2312332382426,ea7ccfb095609bad03706413a1f77e93,
Synth,sdl_000837.png,/home/marsi/TFM/data/gen/SD_E2_HOPE/v1_8000/sdl_000837.png,284,284,,1,melanoma,,,,train,3,1,0,,,,,,,,,,,,,,,12627742480289851789,,363.3186201900244,dc0f5cba9c517411f5f9298f5ded85b4,
Synth,sdl_000838.png,/home/marsi/TFM/data/gen/SD_E2_HOPE/v1_8000/sdl_000838.png,284,284,,1,melanoma,,,,train,3,1,0,,,,,,,,,,,,,,,13591512265608345627,,238.8165864609182,d653ac44f84c1805f245bf2728a980b0,
Synth,sdl_000839.png,/home/marsi/TFM/data/gen/SD_E2_HOPE/v1_8000/sdl_000839.png,284,284,,1,melanoma,,,,train,3,1,0,,,,,,,,,,,,,,,13417847592017280286,,313.95113011356443,15f6011e03f533e7805c0381668878ea,
Synth,sdl_000840.png,/home/marsi/TFM/data/gen/SD_E2_HOPE/v1_8000/sdl_000840.png,284,284,,1,melanoma,,,,train,3,1,0,,,,,,,,,,,,,,,16882752228934509401,,260.8003310477361,27e0826ea8abb97ea2412dbb4589ae5c,
Synth,sdl_000841.png,/home/marsi/TFM/data/gen/SD_E2_HOPE/v1_8000/sdl_000841.png,284,284,,1,melanoma,,,,train,3,1,0,,,,,,,,,,,,,,,16243223144892208279,,817.5836442373693,73a18bc787094271ac46b8372013d514,
Synth,sdl_000842.png,/home/marsi/TFM/data/gen/SD_E2_HOPE/v1_8000/sdl_000842.png,284,284,,1,melanoma,,,,train,3,1,0,,,,,,,,,,,,,,,12423693269814378066,,404.0816033249721,6f1a285da4b8dfa8f169fe09c211c748,
Synth,sdl_000843.png,/home/marsi/TFM/data/gen/SD_E2_HOPE/v1_8000/sdl_000843.png,284,284,,1,melanoma,,,,train,3,1,0,,,,,,,,,,,,,,,13059264367639348788,,232.7836997648701,e88cd069ba26f4d06b6c797906a1e93c,
Synth,sdl_000844.png,/home/marsi/TFM/data/gen/SD_E2_HOPE/v1_8000/sdl_000844.png,284,284,,1,melanoma,,,,train,3,1,0,,,,,,,,,,,,,,,13995952209790769565,,1640.8668414866552,ad78149b9455084247c246b1941b8fc4,
Synth,sdl_000845.png,/home/marsi/TFM/data/gen/SD_E2_HOPE/v1_8000/sdl_000845.png,284,284,,1,melanoma,,,,train,3,1,0,,,,,,,,,,,,,,,13868429816363594697,,507.37751001119614,4ff0fba78fc30fdd5207373d956886da,
Synth,sdl_000846.png,/home/marsi/TFM/data/gen/SD_E2_HOPE/v1_8000/sdl_000846.png,284,284,,1,melanoma,,,,train,3,1,0,,,,,,,,,,,,,,,12999291887562208871,,319.61904260423034,46ee447d337b93cc34ee4646ba972b89,
Synth,sdl_000847.png,/home/marsi/TFM/data/gen/SD_E2_HOPE/v1_8000/sdl_000847.png,284,284,,1,melanoma,,,,train,3,1,0,,,,,,,,,,,,,,,12913721063988628894,,327.80809577926993,db79ec1bcad210f3fb89474bd9eb66ba,
Synth,sdl_000848.png,/home/marsi/TFM/data/gen/SD_E2_HOPE/v1_8000/sdl_000848.png,284,284,,1,melanoma,,,,train,3,1,0,,,,,,,,,,,,,,,13178610844056424909,,629.1507413387299,63f17710cb3717a8bb532d0fa26dcc9c,
Synth,sdl_000849.png,/home/marsi/TFM/data/gen/SD_E2_HOPE/v1_8000/sdl_000849.png,284,284,,1,melanoma,,,,train,3,1,0,,,,,,,,,,,,,,,16584109534257978419,,302.84527091588825,c348781656705cf566952fb60c200c0e,
Synth,sdl_000850.png,/home/marsi/TFM/data/gen/SD_E2_HOPE/v1_8000/sdl_000850.png,284,284,,1,melanoma,,,,train,3,1,0,,,,,,,,,,,,,,,12329683111144071044,,606.2453705659136,95596af2f64fef9a3a3bd5281c4d7499,
Synth,sdl_000851.png,/home/marsi/TFM/data/gen/SD_E2_HOPE/v1_8000/sdl_000851.png,284,284,,1,melanoma,,,,train,3,1,0,,,,,,,,,,,,,,,11774051676671512163,,689.586019798182,cfb46758ccc2fbb7097db885df960ecf,
Synth,sdl_000852.png,/home/marsi/TFM/data/gen/SD_E2_HOPE/v1_8000/sdl_000852.png,284,284,,1,melanoma,,,,train,3,1,0,,,,,,,,,,,,,,,13703825701396822043,,360.2946563027799,d0e58cee8732d156f8cd4d10d7e1864b,
Synth,sdl_000853.png,/home/marsi/TFM/data/gen/SD_E2_HOPE/v1_8000/sdl_000853.png,284,284,,1,melanoma,,,,train,3,1,0,,,,,,,,,,,,,,,12764820218452073690,,1877.080153848976,e33270cea2b78999184645b828a2bd0e,
Synth,sdl_000854.png,/home/marsi/TFM/data/gen/SD_E2_HOPE/v1_8000/sdl_000854.png,284,284,,1,melanoma,,,,train,3,1,0,,,,,,,,,,,,,,,18174436302488585641,,411.96720379497856,5d988cca3076ff66e921bb82e82d35c9,
Synth,sdl_000855.png,/home/marsi/TFM/data/gen/SD_E2_HOPE/v1_8000/sdl_000855.png,284,284,,1,melanoma,,,,train,3,1,0,,,,,,,,,,,,,,,16955143170066324755,,518.4759884923697,f42c841b4f6057baf13c1c3ec89174c8,
Synth,sdl_000856.png,/home/marsi/TFM/data/gen/SD_E2_HOPE/v1_8000/sdl_000856.png,284,284,,1,melanoma,,,,train,3,1,0,,,,,,,,,,,,,,,13348036507636272390,,991.3765055676922,628708b39613ee1ef9f349e24cebde5c,
Synth,sdl_000857.png,/home/marsi/TFM/data/gen/SD_E2_HOPE/v1_8000/sdl_000857.png,284,284,,1,melanoma,,,,train,3,1,0,,,,,,,,,,,,,,,9257435431604378567,,474.4947144985199,f90ff7634936559c3758b301987fe4cf,
Synth,sdl_000858.png,/home/marsi/TFM/data/gen/SD_E2_HOPE/v1_8000/sdl_000858.png,284,284,,1,melanoma,,,,train,3,1,0,,,,,,,,,,,,,,,13195487261649301810,,467.0036984533072,3b8056de0451fd6ef8497e2a9cbc5fda,
Synth,sdl_000859.png,/home/marsi/TFM/data/gen/SD_E2_HOPE/v1_8000/sdl_000859.png,284,284,,1,melanoma,,,,train,3,1,0,,,,,,,,,,,,,,,12637611333654843453,,353.13707449659705,2f8de1a84033a9f8ff2b9a5bfe308dea,
Synth,sdl_000860.png,/home/marsi/TFM/data/gen/SD_E2_HOPE/v1_8000/sdl_000860.png,284,284,,1,melanoma,,,,train,3,1,0,,,,,,,,,,,,,,,13506506523182838884,,235.41806859429929,38ac3786770b9c82fd76825c88944241,
Synth,sdl_000861.png,/home/marsi/TFM/data/gen/SD_E2_HOPE/v1_8000/sdl_000861.png,284,284,,1,melanoma,,,,train,3,1,0,,,,,,,,,,,,,,,9239246303959472023,,918.90380629804,ca7093af630525228071d270d0be6978,
Synth,sdl_000862.png,/home/marsi/TFM/data/gen/SD_E2_HOPE/v1_8000/sdl_000862.png,284,284,,1,melanoma,,,,train,3,1,0,,,,,,,,,,,,,,,17214029008033553370,,1175.057541355491,f05ade87d708feb004491cc97cfc1851,
Synth,sdl_000863.png,/home/marsi/TFM/data/gen/SD_E2_HOPE/v1_8000/sdl_000863.png,284,284,,1,melanoma,,,,train,3,1,0,,,,,,,,,,,,,,,12984524029707316782,,414.0781080415472,011d5610510b80ddaf5da690fec00a07,
Synth,sdl_000864.png,/home/marsi/TFM/data/gen/SD_E2_HOPE/v1_8000/sdl_000864.png,284,284,,1,melanoma,,,,train,3,1,0,,,,,,,,,,,,,,,16372155583992651956,,352.60362196620554,99549b32e62524ff3add00002431322c,
Synth,sdl_000865.png,/home/marsi/TFM/data/gen/SD_E2_HOPE/v1_8000/sdl_000865.png,284,284,,1,melanoma,,,,train,3,1,0,,,,,,,,,,,,,,,13490973911833437214,,362.278182502836,4b7ccc6fb80dcb4be87b188c3ef672d4,
Synth,sdl_000866.png,/home/marsi/TFM/data/gen/SD_E2_HOPE/v1_8000/sdl_000866.png,284,284,,1,melanoma,,,,train,3,1,0,,,,,,,,,,,,,,,13214898963999177872,,245.2737568281591,9984f88ffffb7231e49bf87e4dac19f2,
Synth,sdl_000867.png,/home/marsi/TFM/data/gen/SD_E2_HOPE/v1_8000/sdl_000867.png,284,284,,1,melanoma,,,,train,3,1,0,,,,,,,,,,,,,,,13406818019420824672,,572.0056305667385,67241471bddb9cec82968cb530733748,
Synth,sdl_000868.png,/home/marsi/TFM/data/gen/SD_E2_HOPE/v1_8000/sdl_000868.png,284,284,,1,melanoma,,,,train,3,1,0,,,,,,,,,,,,,,,12483293149059768553,,304.2215955173597,1342b2e69b592983733ff722efe77798,
Synth,sdl_000869.png,/home/marsi/TFM/data/gen/SD_E2_HOPE/v1_8000/sdl_000869.png,284,284,,1,melanoma,,,,train,3,1,0,,,,,,,,,,,,,,,12258469747631675954,,386.2967339716852,e1271f98a4ca9433bd6ed917d9ff35c3,
Synth,sdl_000870.png,/home/marsi/TFM/data/gen/SD_E2_HOPE/v1_8000/sdl_000870.png,284,284,,1,melanoma,,,,train,3,1,0,,,,,,,,,,,,,,,13430508785220877509,,580.2652050843462,96ef99b7d2f60e270935284a4ff25c52,
Synth,sdl_000871.png,/home/marsi/TFM/data/gen/SD_E2_HOPE/v1_8000/sdl_000871.png,284,284,,1,melanoma,,,,train,3,1,0,,,,,,,,,,,,,,,14008892593626484324,,449.96694825589657,07f27fe6c39a5b4b34ef4a07b9c2531d,
Synth,sdl_000872.png,/home/marsi/TFM/data/gen/SD_E2_HOPE/v1_8000/sdl_000872.png,284,284,,1,melanoma,,,,train,3,1,0,,,,,,,,,,,,,,,17494097754394815430,,611.208372220397,a369fce0ce73555a4f9db3770328a63f,
Synth,sdl_000873.png,/home/marsi/TFM/data/gen/SD_E2_HOPE/v1_8000/sdl_000873.png,284,284,,1,melanoma,,,,train,3,1,0,,,,,,,,,,,,,,,13706637056914956652,,301.6108395420015,faa54ddd4c7f8abc95bb0a664c2595f9,
Synth,sdl_000874.png,/home/marsi/TFM/data/gen/SD_E2_HOPE/v1_8000/sdl_000874.png,284,284,,1,melanoma,,,,train,3,1,0,,,,,,,,,,,,,,,13201971231387617549,,757.9857740392908,7f9e2c810cf2d9af6b13501ccf1e178e,
Synth,sdl_000875.png,/home/marsi/TFM/data/gen/SD_E2_HOPE/v1_8000/sdl_000875.png,284,284,,1,melanoma,,,,train,3,1,0,,,,,,,,,,,,,,,12495747984296407161,,311.4924207776785,eb548aa09a8dd0d287222c5aa619f39d,
Synth,sdl_000877.png,/home/marsi/TFM/data/gen/SD_E2_HOPE/v1_8000/sdl_000877.png,284,284,,1,melanoma,,,,train,3,1,0,,,,,,,,,,,,,,,12279770223507643592,,950.194620787166,8919780c8716a455f5b3fd38d5d6fe4b,
Synth,sdl_000879.png,/home/marsi/TFM/data/gen/SD_E2_HOPE/v1_8000/sdl_000879.png,284,284,,1,melanoma,,,,train,3,1,0,,,,,,,,,,,,,,,16936842963190128286,,634.121149148792,1486f48ce8781e3a4d77ab331c410af4,
Synth,sdl_000880.png,/home/marsi/TFM/data/gen/SD_E2_HOPE/v1_8000/sdl_000880.png,284,284,,1,melanoma,,,,train,3,1,0,,,,,,,,,,,,,,,16450402249433888574,,307.5909675322473,60c72882a82cbf16f27e2d5017cb80e0,
Synth,sdl_000881.png,/home/marsi/TFM/data/gen/SD_E2_HOPE/v1_8000/sdl_000881.png,284,284,,1,melanoma,,,,train,3,1,0,,,,,,,,,,,,,,,12280070661798733225,,642.5018078051507,9d06c3aa69b062ee1f0ff431136faca4,
Synth,sdl_000882.png,/home/marsi/TFM/data/gen/SD_E2_HOPE/v1_8000/sdl_000882.png,284,284,,1,melanoma,,,,train,3,1,0,,,,,,,,,,,,,,,10028555015537565538,,368.1034992774949,8b2d995ce7ef110e8ef9b032080e07bf,
Synth,sdl_000883.png,/home/marsi/TFM/data/gen/SD_E2_HOPE/v1_8000/sdl_000883.png,284,284,,1,melanoma,,,,train,3,1,0,,,,,,,,,,,,,,,13633454731791436830,,276.49423032905906,3ade93d60b33975e3c3006d9167f6bf1,
Synth,sdl_000884.png,/home/marsi/TFM/data/gen/SD_E2_HOPE/v1_8000/sdl_000884.png,284,284,,1,melanoma,,,,train,3,1,0,,,,,,,,,,,,,,,13440084110663052315,,638.2223374387249,3ea0d232980920c80c0939898b52a784,
Synth,sdl_000885.png,/home/marsi/TFM/data/gen/SD_E2_HOPE/v1_8000/sdl_000885.png,284,284,,1,melanoma,,,,train,3,1,0,,,,,,,,,,,,,,,11919143873172360581,,3316.975587441586,3b8d99b136511cc038502b57b36dd0f9,
Synth,sdl_000886.png,/home/marsi/TFM/data/gen/SD_E2_HOPE/v1_8000/sdl_000886.png,284,284,,1,melanoma,,,,train,3,1,0,,,,,,,,,,,,,,,13440092995122274417,,450.5929808281362,f58176c1a20acee43df8584247bc90a5,
Synth,sdl_000887.png,/home/marsi/TFM/data/gen/SD_E2_HOPE/v1_8000/sdl_000887.png,284,284,,1,melanoma,,,,train,3,1,0,,,,,,,,,,,,,,,16894010663248480462,,286.7634077211842,949b3a6657a6be7971754088cf786468,
Synth,sdl_000888.png,/home/marsi/TFM/data/gen/SD_E2_HOPE/v1_8000/sdl_000888.png,284,284,,1,melanoma,,,,train,3,1,0,,,,,,,,,,,,,,,12973676337893964441,,666.4058246016502,2241b4be08891ad12bedd362e8e02121,
Synth,sdl_000889.png,/home/marsi/TFM/data/gen/SD_E2_HOPE/v1_8000/sdl_000889.png,284,284,,1,melanoma,,,,train,3,1,0,,,,,,,,,,,,,,,17349703294652736365,,479.27676364406943,f0572c0969d1ec863b584e3a49de090b,
Synth,sdl_000890.png,/home/marsi/TFM/data/gen/SD_E2_HOPE/v1_8000/sdl_000890.png,284,284,,1,melanoma,,,,train,3,1,0,,,,,,,,,,,,,,,17890975544459276446,,568.7304040929303,17ddb019e0e7844ca175f62b4ce16e8a,
Synth,sdl_000891.png,/home/marsi/TFM/data/gen/SD_E2_HOPE/v1_8000/sdl_000891.png,284,284,,1,melanoma,,,,train,3,1,0,,,,,,,,,,,,,,,16324571795832287715,,951.9442887743936,a98e04446bf7649002447b965d8112aa,
Synth,sdl_000892.png,/home/marsi/TFM/data/gen/SD_E2_HOPE/v1_8000/sdl_000892.png,284,284,,1,melanoma,,,,train,3,1,0,,,,,,,,,,,,,,,12210321573115865242,,395.4123484157026,ab441422c38fd61e9713fece1fa0a44d,
Synth,sdl_000893.png,/home/marsi/TFM/data/gen/SD_E2_HOPE/v1_8000/sdl_000893.png,284,284,,1,melanoma,,,,train,3,1,0,,,,,,,,,,,,,,,13704946599746039685,,278.77069482114166,d27be5832145afd8ff400888269085ef,
Synth,sdl_000894.png,/home/marsi/TFM/data/gen/SD_E2_HOPE/v1_8000/sdl_000894.png,284,284,,1,melanoma,,,,train,3,1,0,,,,,,,,,,,,,,,16225228744926324077,,664.8805561624467,b68cf965a012ffac511bc47713b3fbcf,
Synth,sdl_000895.png,/home/marsi/TFM/data/gen/SD_E2_HOPE/v1_8000/sdl_000895.png,284,284,,1,melanoma,,,,train,3,1,0,,,,,,,,,,,,,,,9615533542675657660,,2160.062569078058,59f7f9221c316019907603a0f40d19e2,
Synth,sdl_000896.png,/home/marsi/TFM/data/gen/SD_E2_HOPE/v1_8000/sdl_000896.png,284,284,,1,melanoma,,,,train,3,1,0,,,,,,,,,,,,,,,17182007345820834440,,528.556548833847,9990da0638a45e042c23266b362ae387,
Synth,sdl_000897.png,/home/marsi/TFM/data/gen/SD_E2_HOPE/v1_8000/sdl_000897.png,284,284,,1,melanoma,,,,train,3,1,0,,,,,,,,,,,,,,,13629514055798308457,,292.38026033341885,827de750c70ddc95125f55adb8667597,
Synth,sdl_000898.png,/home/marsi/TFM/data/gen/SD_E2_HOPE/v1_8000/sdl_000898.png,284,284,,1,melanoma,,,,train,3,1,0,,,,,,,,,,,,,,,13818892269837502525,,874.0208781277761,36ecad59faa188a4ae3331a9a5418e02,
Synth,sdl_000899.png,/home/marsi/TFM/data/gen/SD_E2_HOPE/v1_8000/sdl_000899.png,284,284,,1,melanoma,,,,train,3,1,0,,,,,,,,,,,,,,,16877967074869077400,,357.03215145971626,9e58810913ade1363f64916365c43805,
Synth,sdl_000900.png,/home/marsi/TFM/data/gen/SD_E2_HOPE/v1_8000/sdl_000900.png,284,284,,1,melanoma,,,,train,3,1,0,,,,,,,,,,,,,,,13870550090068663335,,2838.646887681447,239c5d75659bbe8108bfdcd13355a943,
Synth,sdl_000901.png,/home/marsi/TFM/data/gen/SD_E2_HOPE/v1_8000/sdl_000901.png,284,284,,1,melanoma,,,,train,3,1,0,,,,,,,,,,,,,,,12984937004521168333,,693.5084925554693,d02f4fd8d072bb7e20e6c56b2272d5c3,
Synth,sdl_000902.png,/home/marsi/TFM/data/gen/SD_E2_HOPE/v1_8000/sdl_000902.png,284,284,,1,melanoma,,,,train,3,1,0,,,,,,,,,,,,,,,12978189696324834109,,314.1276327930391,3a583e04681da84e5b22eb19faab41ad,
Synth,sdl_000903.png,/home/marsi/TFM/data/gen/SD_E2_HOPE/v1_8000/sdl_000903.png,284,284,,1,melanoma,,,,train,3,1,0,,,,,,,,,,,,,,,13361552692273356432,,466.3656443320215,eefacbba6b0d649c206618dfa9d324dc,
Synth,sdl_000904.png,/home/marsi/TFM/data/gen/SD_E2_HOPE/v1_8000/sdl_000904.png,284,284,,1,melanoma,,,,train,3,1,0,,,,,,,,,,,,,,,16170050321862830445,,250.8904202245176,eee5fd01923ac8d10d208ed829be418f,
Synth,sdl_000905.png,/home/marsi/TFM/data/gen/SD_E2_HOPE/v1_8000/sdl_000905.png,284,284,,1,melanoma,,,,train,3,1,0,,,,,,,,,,,,,,,12204989383018660308,,508.1548318527639,97ae1cfe10f39e23a5744d1231fc2a9a,
Synth,sdl_000906.png,/home/marsi/TFM/data/gen/SD_E2_HOPE/v1_8000/sdl_000906.png,284,284,,1,melanoma,,,,train,3,1,0,,,,,,,,,,,,,,,17900616154488805532,,616.1315283179283,71da53a8efda5ca155dae8a0703fe877,
Synth,sdl_000907.png,/home/marsi/TFM/data/gen/SD_E2_HOPE/v1_8000/sdl_000907.png,284,284,,1,melanoma,,,,train,3,1,0,,,,,,,,,,,,,,,13767434724685985588,,235.30064954981208,08544932ffc778f2ff2cdbd6e1a3bda3,
Synth,sdl_000909.png,/home/marsi/TFM/data/gen/SD_E2_HOPE/v1_8000/sdl_000909.png,284,284,,1,melanoma,,,,train,3,1,0,,,,,,,,,,,,,,,11906982534052400238,,1042.3022909527645,5a6dfd41f7beae604eb98b634081eaec,
Synth,sdl_000910.png,/home/marsi/TFM/data/gen/SD_E2_HOPE/v1_8000/sdl_000910.png,284,284,,1,melanoma,,,,train,3,1,0,,,,,,,,,,,,,,,13195226327842573696,,973.745219692588,37ce0b92819c38240c65b99add34312e,
Synth,sdl_000911.png,/home/marsi/TFM/data/gen/SD_E2_HOPE/v1_8000/sdl_000911.png,284,284,,1,melanoma,,,,train,3,1,0,,,,,,,,,,,,,,,17900336981659235469,,840.3666063314304,906221a1114d02c2adb118340c2a4d93,
Synth,sdl_000912.png,/home/marsi/TFM/data/gen/SD_E2_HOPE/v1_8000/sdl_000912.png,284,284,,1,melanoma,,,,train,3,1,0,,,,,,,,,,,,,,,13824573823407766128,,305.53232377767563,41f0837761f9b9dc12b4c23f656d087e,
Synth,sdl_000913.png,/home/marsi/TFM/data/gen/SD_E2_HOPE/v1_8000/sdl_000913.png,284,284,,1,melanoma,,,,train,3,1,0,,,,,,,,,,,,,,,16477430496905814185,,431.7717929398641,c8e8afd2e43529a22367c392b22af4da,
Synth,sdl_000914.png,/home/marsi/TFM/data/gen/SD_E2_HOPE/v1_8000/sdl_000914.png,284,284,,1,melanoma,,,,train,3,1,0,,,,,,,,,,,,,,,13056991733991349468,,248.14457819517705,827a113c5caa0253d2b00323432b345e,
Synth,sdl_000915.png,/home/marsi/TFM/data/gen/SD_E2_HOPE/v1_8000/sdl_000915.png,284,284,,1,melanoma,,,,train,3,1,0,,,,,,,,,,,,,,,17305230634922730861,,444.7396705141291,b0b01d63b5ef74cf542e62aa506c327d,
Synth,sdl_000916.png,/home/marsi/TFM/data/gen/SD_E2_HOPE/v1_8000/sdl_000916.png,284,284,,1,melanoma,,,,train,3,1,0,,,,,,,,,,,,,,,12694668718927077191,,927.2816295390948,39dce9edb3b537f2ae4e8bb3e50f7b40,
Synth,sdl_000917.png,/home/marsi/TFM/data/gen/SD_E2_HOPE/v1_8000/sdl_000917.png,284,284,,1,melanoma,,,,train,3,1,0,,,,,,,,,,,,,,,17239362590311084496,,362.8690824424848,aafb4da69dbee3c32394b56fe004532f,
Synth,sdl_000918.png,/home/marsi/TFM/data/gen/SD_E2_HOPE/v1_8000/sdl_000918.png,284,284,,1,melanoma,,,,train,3,1,0,,,,,,,,,,,,,,,16946694071981789422,,449.2704919539392,0f19dc925f5853d0d7b3fab9b04f447c,
Synth,sdl_000919.png,/home/marsi/TFM/data/gen/SD_E2_HOPE/v1_8000/sdl_000919.png,284,284,,1,melanoma,,,,train,3,1,0,,,,,,,,,,,,,,,12421703504918101401,,963.9510694062336,514cfb6ab3fa137d5838591f4bb57417,
Synth,sdl_000920.png,/home/marsi/TFM/data/gen/SD_E2_HOPE/v1_8000/sdl_000920.png,284,284,,1,melanoma,,,,train,3,1,0,,,,,,,,,,,,,,,12625791804220081423,,253.7013019286096,7809ed315661eae6247cd508f7418ffd,
Synth,sdl_000921.png,/home/marsi/TFM/data/gen/SD_E2_HOPE/v1_8000/sdl_000921.png,284,284,,1,melanoma,,,,train,3,1,0,,,,,,,,,,,,,,,13006608064331998407,,622.6534017538652,aed9c6706d3e23ebd3c7d6fa2125afa2,
Synth,sdl_000922.png,/home/marsi/TFM/data/gen/SD_E2_HOPE/v1_8000/sdl_000922.png,284,284,,1,melanoma,,,,train,3,1,0,,,,,,,,,,,,,,,14735275779676909727,,2590.225706643425,8295bb0849c63a06a4ae5a915300bce9,
Synth,sdl_000923.png,/home/marsi/TFM/data/gen/SD_E2_HOPE/v1_8000/sdl_000923.png,284,284,,1,melanoma,,,,train,3,1,0,,,,,,,,,,,,,,,16533518273377493447,,644.8820430105552,7e8b09552c6ee8c9ddda4a3696d873f1,
Synth,sdl_000924.png,/home/marsi/TFM/data/gen/SD_E2_HOPE/v1_8000/sdl_000924.png,284,284,,1,melanoma,,,,train,3,1,0,,,,,,,,,,,,,,,16944090291173825240,,349.1480546211824,c89df9bf44923690dbe95cefea655237,
Synth,sdl_000925.png,/home/marsi/TFM/data/gen/SD_E2_HOPE/v1_8000/sdl_000925.png,284,284,,1,melanoma,,,,train,3,1,0,,,,,,,,,,,,,,,16228023441357247193,,1660.9358921907842,298f6fdc7572a75111a7b52eeea2feed,
Synth,sdl_000926.png,/home/marsi/TFM/data/gen/SD_E2_HOPE/v1_8000/sdl_000926.png,284,284,,1,melanoma,,,,train,3,1,0,,,,,,,,,,,,,,,16157964159182662473,,350.34375576581806,d48dfafb23e3ae3dad3e2dd4f7753fde,
Synth,sdl_000927.png,/home/marsi/TFM/data/gen/SD_E2_HOPE/v1_8000/sdl_000927.png,284,284,,1,melanoma,,,,train,3,1,0,,,,,,,,,,,,,,,12654218214346393398,,9278.4580735825,85eff27246400144ff1257490a48d9fc,
Synth,sdl_000928.png,/home/marsi/TFM/data/gen/SD_E2_HOPE/v1_8000/sdl_000928.png,284,284,,1,melanoma,,,,train,3,1,0,,,,,,,,,,,,,,,12568636821958956847,,231.4648680090904,d1c3a6f186dba064dff672ee2ab52a42,
Synth,sdl_000930.png,/home/marsi/TFM/data/gen/SD_E2_HOPE/v1_8000/sdl_000930.png,284,284,,1,melanoma,,,,train,3,1,0,,,,,,,,,,,,,,,12678426830929009897,,471.51262508984655,508a8354ef4d2022e3228d22c435a78e,
Synth,sdl_000931.png,/home/marsi/TFM/data/gen/SD_E2_HOPE/v1_8000/sdl_000931.png,284,284,,1,melanoma,,,,train,3,1,0,,,,,,,,,,,,,,,13279872527873238753,,512.856742775999,4e8895ebf77e43c99e312f0f1802114f,
Synth,sdl_000932.png,/home/marsi/TFM/data/gen/SD_E2_HOPE/v1_8000/sdl_000932.png,284,284,,1,melanoma,,,,train,3,1,0,,,,,,,,,,,,,,,16245492679735659751,,388.6026949500665,abe0494970dbce6eea3f27588136e711,
Synth,sdl_000933.png,/home/marsi/TFM/data/gen/SD_E2_HOPE/v1_8000/sdl_000933.png,284,284,,1,melanoma,,,,train,3,1,0,,,,,,,,,,,,,,,13488492864749267356,,262.0930920802057,25d36f3612d47d4e16f17c2d9c38f236,
Synth,sdl_000934.png,/home/marsi/TFM/data/gen/SD_E2_HOPE/v1_8000/sdl_000934.png,284,284,,1,melanoma,,,,train,3,1,0,,,,,,,,,,,,,,,12984671761175289286,,491.7608653157949,5ac3dde53e93fd00d15f14c9cfaa1a02,
Synth,sdl_000935.png,/home/marsi/TFM/data/gen/SD_E2_HOPE/v1_8000/sdl_000935.png,284,284,,1,melanoma,,,,train,3,1,0,,,,,,,,,,,,,,,13216329536762462597,,1188.305357932113,89a19e856c0c58cc1a9af461b1fc2adf,
Synth,sdl_000936.png,/home/marsi/TFM/data/gen/SD_E2_HOPE/v1_8000/sdl_000936.png,284,284,,1,melanoma,,,,train,3,1,0,,,,,,,,,,,,,,,13827387981664237852,,361.84966050088406,81adcf3d1d1e3fd861dcee7ea7551f8f,
Synth,sdl_000937.png,/home/marsi/TFM/data/gen/SD_E2_HOPE/v1_8000/sdl_000937.png,284,284,,1,melanoma,,,,train,3,1,0,,,,,,,,,,,,,,,13071509271828915289,,1525.0290229171517,f3f6bd8393aaf12afbdeeca143ff6bc5,
Synth,sdl_000938.png,/home/marsi/TFM/data/gen/SD_E2_HOPE/v1_8000/sdl_000938.png,284,284,,1,melanoma,,,,train,3,1,0,,,,,,,,,,,,,,,13699880522873190717,,263.68824572023004,7a618e6a93a6e6b19c248b39ee6c6379,
Synth,sdl_000939.png,/home/marsi/TFM/data/gen/SD_E2_HOPE/v1_8000/sdl_000939.png,284,284,,1,melanoma,,,,train,3,1,0,,,,,,,,,,,,,,,12906967856073044762,,232.58085560705516,22ecf425ce82788988d5c71bcce2dd27,
Synth,sdl_000940.png,/home/marsi/TFM/data/gen/SD_E2_HOPE/v1_8000/sdl_000940.png,284,284,,1,melanoma,,,,train,3,1,0,,,,,,,,,,,,,,,13346911044577993630,,323.51190185546875,991df00b3f95a28a6e0aa7792bb59ad4,
Synth,sdl_000941.png,/home/marsi/TFM/data/gen/SD_E2_HOPE/v1_8000/sdl_000941.png,284,284,,1,melanoma,,,,train,3,1,0,,,,,,,,,,,,,,,16513538304500749356,,510.6461009150371,a4705d3043c3ac217be1fe8ce13b539f,
Synth,sdl_000942.png,/home/marsi/TFM/data/gen/SD_E2_HOPE/v1_8000/sdl_000942.png,284,284,,1,melanoma,,,,train,3,1,0,,,,,,,,,,,,,,,12637334300376723566,,325.6892516463995,828bab3ae580b6ad337fd865c43205b4,
Synth,sdl_000943.png,/home/marsi/TFM/data/gen/SD_E2_HOPE/v1_8000/sdl_000943.png,284,284,,1,melanoma,,,,train,3,1,0,,,,,,,,,,,,,,,10678988667844564815,,571.2040676735342,4c6d073a0da26010b6dbc6acd498d6d9,
Synth,sdl_000944.png,/home/marsi/TFM/data/gen/SD_E2_HOPE/v1_8000/sdl_000944.png,284,284,,1,melanoma,,,,train,3,1,0,,,,,,,,,,,,,,,12984383291125032241,,410.2302495008335,cbdd5da812b3f219655adbf63ce48c10,
Synth,sdl_000945.png,/home/marsi/TFM/data/gen/SD_E2_HOPE/v1_8000/sdl_000945.png,284,284,,1,melanoma,,,,train,3,1,0,,,,,,,,,,,,,,,16459195967285501353,,360.0625768294558,8c2577d35bf92129b3d3d8d76c69df69,
Synth,sdl_000947.png,/home/marsi/TFM/data/gen/SD_E2_HOPE/v1_8000/sdl_000947.png,284,284,,1,melanoma,,,,train,3,1,0,,,,,,,,,,,,,,,16170904080133875045,,334.36022496875376,2916e691b51685823538daa851425ba7,
Synth,sdl_000948.png,/home/marsi/TFM/data/gen/SD_E2_HOPE/v1_8000/sdl_000948.png,284,284,,1,melanoma,,,,train,3,1,0,,,,,,,,,,,,,,,18029815071761183924,,356.86594854295254,75f306f019efa6ef895fc9be25870834,
Synth,sdl_000949.png,/home/marsi/TFM/data/gen/SD_E2_HOPE/v1_8000/sdl_000949.png,284,284,,1,melanoma,,,,train,3,1,0,,,,,,,,,,,,,,,16530696178691412881,,542.0382651351392,81d3747e92506c238f257d0149831775,
Synth,sdl_000950.png,/home/marsi/TFM/data/gen/SD_E2_HOPE/v1_8000/sdl_000950.png,284,284,,1,melanoma,,,,train,3,1,0,,,,,,,,,,,,,,,9742822346106228892,,945.4300451567397,b9fefd2d29010b9aaf203b37bc45ae47,
Synth,sdl_000951.png,/home/marsi/TFM/data/gen/SD_E2_HOPE/v1_8000/sdl_000951.png,284,284,,1,melanoma,,,,train,3,1,0,,,,,,,,,,,,,,,13047450473612429630,,1995.0564763164148,61e316a2e4f118ac072976fba4260680,
Synth,sdl_000952.png,/home/marsi/TFM/data/gen/SD_E2_HOPE/v1_8000/sdl_000952.png,284,284,,1,melanoma,,,,train,3,1,0,,,,,,,,,,,,,,,16686779230786569630,,296.310956582427,e37079c96615e33df5f2be63a89bb162,
Synth,sdl_000953.png,/home/marsi/TFM/data/gen/SD_E2_HOPE/v1_8000/sdl_000953.png,284,284,,1,melanoma,,,,train,3,1,0,,,,,,,,,,,,,,,13703474081936951764,,679.4746300242841,978a18702ec63e0c30b900813bfe92be,
Synth,sdl_000954.png,/home/marsi/TFM/data/gen/SD_E2_HOPE/v1_8000/sdl_000954.png,284,284,,1,melanoma,,,,train,3,1,0,,,,,,,,,,,,,,,13190701296481415323,,552.063354190439,6a5915e51bdb0038dbe3d530507b0c75,
Synth,sdl_000957.png,/home/marsi/TFM/data/gen/SD_E2_HOPE/v1_8000/sdl_000957.png,284,284,,1,melanoma,,,,train,3,1,0,,,,,,,,,,,,,,,13851681714321420679,,1109.1986333718523,1ccd7e5b6018b870db47ad9f1320e44f,
Synth,sdl_000958.png,/home/marsi/TFM/data/gen/SD_E2_HOPE/v1_8000/sdl_000958.png,284,284,,1,melanoma,,,,train,3,1,0,,,,,,,,,,,,,,,13914888875218013305,,1580.0861895894632,6834e69e108c452ceb80b8e3a9c484ac,
Synth,sdl_000959.png,/home/marsi/TFM/data/gen/SD_E2_HOPE/v1_8000/sdl_000959.png,284,284,,1,melanoma,,,,train,3,1,0,,,,,,,,,,,,,,,16324305327395130983,,480.8982937922701,3a295c90b2ac3bf220672a4a996a8e7b,
Synth,sdl_000960.png,/home/marsi/TFM/data/gen/SD_E2_HOPE/v1_8000/sdl_000960.png,284,284,,1,melanoma,,,,train,3,1,0,,,,,,,,,,,,,,,12476609628884296906,,1839.3438968919215,5057d7394524f4ab9e5f2ce33f38b7f8,
Synth,sdl_000961.png,/home/marsi/TFM/data/gen/SD_E2_HOPE/v1_8000/sdl_000961.png,284,284,,1,melanoma,,,,train,3,1,0,,,,,,,,,,,,,,,18036496158189624978,,404.9363820552826,1e5e9b9f46e91e6458028d52e00ca7b1,
Synth,sdl_000962.png,/home/marsi/TFM/data/gen/SD_E2_HOPE/v1_8000/sdl_000962.png,284,284,,1,melanoma,,,,train,3,1,0,,,,,,,,,,,,,,,12789260471162647497,,459.95071158465,e5316d2f934b9963e14e0ee196411812,
Synth,sdl_000963.png,/home/marsi/TFM/data/gen/SD_E2_HOPE/v1_8000/sdl_000963.png,284,284,,1,melanoma,,,,train,3,1,0,,,,,,,,,,,,,,,13740922648989912967,,366.7900880239904,6aae1795f31c2d2c0976fcd14b8eb0b7,
Synth,sdl_000964.png,/home/marsi/TFM/data/gen/SD_E2_HOPE/v1_8000/sdl_000964.png,284,284,,1,melanoma,,,,train,3,1,0,,,,,,,,,,,,,,,16892023169715893082,,398.7222700258717,f465e451a8fe43aa94554208f1579f89,
Synth,sdl_000965.png,/home/marsi/TFM/data/gen/SD_E2_HOPE/v1_8000/sdl_000965.png,284,284,,1,melanoma,,,,train,3,1,0,,,,,,,,,,,,,,,10677225381739880216,,1074.5980635127053,34584569a4e3a4c1d47ab082a2062e82,
Synth,sdl_000966.png,/home/marsi/TFM/data/gen/SD_E2_HOPE/v1_8000/sdl_000966.png,284,284,,1,melanoma,,,,train,3,1,0,,,,,,,,,,,,,,,13995269836615290613,,484.2566669844091,cac744148056fb0584f0ea57bd65ee70,
Synth,sdl_000967.png,/home/marsi/TFM/data/gen/SD_E2_HOPE/v1_8000/sdl_000967.png,284,284,,1,melanoma,,,,train,3,1,0,,,,,,,,,,,,,,,17178652145165213650,,514.8263960098848,9551998cec8e0e827fdae13a10b9e96d,
Synth,sdl_000968.png,/home/marsi/TFM/data/gen/SD_E2_HOPE/v1_8000/sdl_000968.png,284,284,,1,melanoma,,,,train,3,1,0,,,,,,,,,,,,,,,16229729997232739236,,801.8465206474066,748fa02570867bf673d6986d73c68e9c,
Synth,sdl_000969.png,/home/marsi/TFM/data/gen/SD_E2_HOPE/v1_8000/sdl_000969.png,284,284,,1,melanoma,,,,train,3,1,0,,,,,,,,,,,,,,,13204222298912654464,,637.186904668808,4a4a1a87ea7887a4d5f313e916bafdd7,
Synth,sdl_000970.png,/home/marsi/TFM/data/gen/SD_E2_HOPE/v1_8000/sdl_000970.png,284,284,,1,melanoma,,,,train,3,1,0,,,,,,,,,,,,,,,17035570639873322690,,583.8114891052246,a59b4d57964b4f61a9aff10cec4475a7,
Synth,sdl_000971.png,/home/marsi/TFM/data/gen/SD_E2_HOPE/v1_8000/sdl_000971.png,284,284,,1,melanoma,,,,train,3,1,0,,,,,,,,,,,,,,,12457739105462152474,,1080.3596721207723,c37e0f69e9b2323d48ff970599fd7f88,
Synth,sdl_000972.png,/home/marsi/TFM/data/gen/SD_E2_HOPE/v1_8000/sdl_000972.png,284,284,,1,melanoma,,,,train,3,1,0,,,,,,,,,,,,,,,13046295732110703929,,263.84073424339294,60823a75960f229a8b9717f05446cbc6,
Synth,sdl_000973.png,/home/marsi/TFM/data/gen/SD_E2_HOPE/v1_8000/sdl_000973.png,284,284,,1,melanoma,,,,train,3,1,0,,,,,,,,,,,,,,,17327746880847370373,,871.410765572451,2afb1f637ae6bfe1c8722e79527df1b7,
Synth,sdl_000974.png,/home/marsi/TFM/data/gen/SD_E2_HOPE/v1_8000/sdl_000974.png,284,284,,1,melanoma,,,,train,3,1,0,,,,,,,,,,,,,,,13143409789597520819,,318.0769538572058,27fe8531bd0e686b09fa189c34287c7c,
Synth,sdl_000975.png,/home/marsi/TFM/data/gen/SD_E2_HOPE/v1_8000/sdl_000975.png,284,284,,1,melanoma,,,,train,3,1,0,,,,,,,,,,,,,,,12983533743196556495,,479.5216910801828,87fb91a5a903e4c5c4209a1016247da1,
Synth,sdl_000976.png,/home/marsi/TFM/data/gen/SD_E2_HOPE/v1_8000/sdl_000976.png,284,284,,1,melanoma,,,,train,3,1,0,,,,,,,,,,,,,,,12483858184086030201,,566.6373854726553,e095f3d3c68cc11438db9d5db082b15a,
Synth,sdl_000977.png,/home/marsi/TFM/data/gen/SD_E2_HOPE/v1_8000/sdl_000977.png,284,284,,1,melanoma,,,,train,3,1,0,,,,,,,,,,,,,,,16306275535878908355,,398.52926271315664,6181b200547ed5c28f9b071cf9b2776f,
Synth,sdl_000978.png,/home/marsi/TFM/data/gen/SD_E2_HOPE/v1_8000/sdl_000978.png,284,284,,1,melanoma,,,,train,3,1,0,,,,,,,,,,,,,,,17738708484634032573,,518.2330815559253,daa9dee3c7164e7534c1d9c016aff89f,
Synth,sdl_000979.png,/home/marsi/TFM/data/gen/SD_E2_HOPE/v1_8000/sdl_000979.png,284,284,,1,melanoma,,,,train,3,1,0,,,,,,,,,,,,,,,16387082300285530227,,1767.8335651010275,fb98e34fd0dbc7a8f37978f1470b465b,
Synth,sdl_000980.png,/home/marsi/TFM/data/gen/SD_E2_HOPE/v1_8000/sdl_000980.png,284,284,,1,melanoma,,,,train,3,1,0,,,,,,,,,,,,,,,17407194781587741134,,406.1612480049953,e6c1df45726bb95e9ba50264ee5bb040,
Synth,sdl_000981.png,/home/marsi/TFM/data/gen/SD_E2_HOPE/v1_8000/sdl_000981.png,284,284,,1,melanoma,,,,train,3,1,0,,,,,,,,,,,,,,,16738357769168561614,,432.3856776868925,daafb45376d6e843911c1f75fdc1f7d1,
Synth,sdl_000983.png,/home/marsi/TFM/data/gen/SD_E2_HOPE/v1_8000/sdl_000983.png,284,284,,1,melanoma,,,,train,3,1,0,,,,,,,,,,,,,,,13132155529730449626,,403.60903549194336,2163798aab9094adc4bd735c9908ef83,
Synth,sdl_000984.png,/home/marsi/TFM/data/gen/SD_E2_HOPE/v1_8000/sdl_000984.png,284,284,,1,melanoma,,,,train,3,1,0,,,,,,,,,,,,,,,12978750163021277047,,619.3235337585211,67fa6a1c76d9d7902e97a7db0f411c75,
Synth,sdl_000985.png,/home/marsi/TFM/data/gen/SD_E2_HOPE/v1_8000/sdl_000985.png,284,284,,1,melanoma,,,,train,3,1,0,,,,,,,,,,,,,,,18392560641397527754,,2363.5929524218664,a40a758fbefc81a58710fa893f6b50fa,
Synth,sdl_000986.png,/home/marsi/TFM/data/gen/SD_E2_HOPE/v1_8000/sdl_000986.png,284,284,,1,melanoma,,,,train,3,1,0,,,,,,,,,,,,,,,17036228513324735673,,292.017500965856,cad6ac404065de775306374ebb1255f9,
Synth,sdl_000987.png,/home/marsi/TFM/data/gen/SD_E2_HOPE/v1_8000/sdl_000987.png,284,284,,1,melanoma,,,,train,3,1,0,,,,,,,,,,,,,,,12984655411676603446,,437.5787340318784,64aed523be56b7f2ca6f983cd4942b50,
Synth,sdl_000988.png,/home/marsi/TFM/data/gen/SD_E2_HOPE/v1_8000/sdl_000988.png,284,284,,1,melanoma,,,,train,3,1,0,,,,,,,,,,,,,,,13056711443114496973,,395.7327048629522,1b78fedd19f1bb370ab875d43d1c8b42,
Synth,sdl_000989.png,/home/marsi/TFM/data/gen/SD_E2_HOPE/v1_8000/sdl_000989.png,284,284,,1,melanoma,,,,train,3,1,0,,,,,,,,,,,,,,,13648388020079358156,,372.8016158901155,6ec2b1f2b76018a8d9a3cf46794e8b7d,
Synth,sdl_000990.png,/home/marsi/TFM/data/gen/SD_E2_HOPE/v1_8000/sdl_000990.png,284,284,,1,melanoma,,,,train,3,1,0,,,,,,,,,,,,,,,10536956077890401934,,729.6520867310464,7e3764222a63945ba343beb287a92279,
Synth,sdl_000991.png,/home/marsi/TFM/data/gen/SD_E2_HOPE/v1_8000/sdl_000991.png,284,284,,1,melanoma,,,,train,3,1,0,,,,,,,,,,,,,,,16243250841309033013,,274.5490545295179,851f40cbc52461bd522048e95cc627e4,
Synth,sdl_000992.png,/home/marsi/TFM/data/gen/SD_E2_HOPE/v1_8000/sdl_000992.png,284,284,,1,melanoma,,,,train,3,1,0,,,,,,,,,,,,,,,13794759583124671758,,362.712019382976,29d55e81c50b3ca0d9d17897574b12c1,
Synth,sdl_000993.png,/home/marsi/TFM/data/gen/SD_E2_HOPE/v1_8000/sdl_000993.png,284,284,,1,melanoma,,,,train,3,1,0,,,,,,,,,,,,,,,10462932636278378865,,524.3753780983388,0a4a02cde41480f303d6138d5878b54d,
Synth,sdl_000994.png,/home/marsi/TFM/data/gen/SD_E2_HOPE/v1_8000/sdl_000994.png,284,284,,1,melanoma,,,,train,3,1,0,,,,,,,,,,,,,,,12762868159984389243,,249.02765184547752,b6ea378ef54348e33568a93d648dfc56,
Synth,sdl_000995.png,/home/marsi/TFM/data/gen/SD_E2_HOPE/v1_8000/sdl_000995.png,284,284,,1,melanoma,,,,train,3,1,0,,,,,,,,,,,,,,,13058680622300747996,,284.48634847905487,cd8e27d08abaf8a106fcbba2a59ce3a5,
Synth,sdl_000996.png,/home/marsi/TFM/data/gen/SD_E2_HOPE/v1_8000/sdl_000996.png,284,284,,1,melanoma,,,,train,3,1,0,,,,,,,,,,,,,,,17395933759184597401,,352.2721657603979,336fa17c5871eabdfeb2e8c9b427e633,
Synth,sdl_000997.png,/home/marsi/TFM/data/gen/SD_E2_HOPE/v1_8000/sdl_000997.png,284,284,,1,melanoma,,,,train,3,1,0,,,,,,,,,,,,,,,13636286788564904036,,282.9630375867709,3fa8cf6c3a7aefe335ba41bef235be91,
Synth,sdl_000998.png,/home/marsi/TFM/data/gen/SD_E2_HOPE/v1_8000/sdl_000998.png,284,284,,1,melanoma,,,,train,3,1,0,,,,,,,,,,,,,,,13273451474728207251,,329.1354713058099,4939e9d6d35fbef1165806162c7f853c,
Synth,sdl_000999.png,/home/marsi/TFM/data/gen/SD_E2_HOPE/v1_8000/sdl_000999.png,284,284,,1,melanoma,,,,train,3,1,0,,,,,,,,,,,,,,,16530344630154104945,,509.55520869698375,ad3707f8d6853ddca7a304c7e8918bdf,
Synth,sdl_001000.png,/home/marsi/TFM/data/gen/SD_E2_HOPE/v1_8000/sdl_001000.png,284,284,,1,melanoma,,,,train,3,1,0,,,,,,,,,,,,,,,13636566247180689846,,367.2338183065877,62d79d175489f7853a48c845c0fd1466,
Synth,sdl_001001.png,/home/marsi/TFM/data/gen/SD_E2_HOPE/v1_8000/sdl_001001.png,284,284,,1,melanoma,,,,train,3,1,0,,,,,,,,,,,,,,,13633733304880205767,,934.8163460334764,1e99c2b51853e9ceee6deffb556dae97,
Synth,sdl_001002.png,/home/marsi/TFM/data/gen/SD_E2_HOPE/v1_8000/sdl_001002.png,284,284,,1,melanoma,,,,train,3,1,0,,,,,,,,,,,,,,,9744334626580095007,,1604.178435488604,8333cf9acfe02dfbb26616f6eafd4180,
Synth,sdl_001003.png,/home/marsi/TFM/data/gen/SD_E2_HOPE/v1_8000/sdl_001003.png,284,284,,1,melanoma,,,,train,3,1,0,,,,,,,,,,,,,,,18044944671436921543,,231.87622056901452,946b822a20e91f3b61dcb856f1e90468,
Synth,sdl_001005.png,/home/marsi/TFM/data/gen/SD_E2_HOPE/v1_8000/sdl_001005.png,284,284,,1,melanoma,,,,train,3,1,0,,,,,,,,,,,,,,,16820246704440628177,,271.48779832944274,c1579d7c411e62eb0e5d71913a1b27c5,
Synth,sdl_001006.png,/home/marsi/TFM/data/gen/SD_E2_HOPE/v1_8000/sdl_001006.png,284,284,,1,melanoma,,,,train,3,1,0,,,,,,,,,,,,,,,12716408083549413500,,435.2049825191498,029ba1049ecff87bb8c3e948f2534ad1,
Synth,sdl_001007.png,/home/marsi/TFM/data/gen/SD_E2_HOPE/v1_8000/sdl_001007.png,284,284,,1,melanoma,,,,train,3,1,0,,,,,,,,,,,,,,,17229805573014514462,,364.5911885043606,a9051dc454746e84a8dde3d82cb9244c,
Synth,sdl_001008.png,/home/marsi/TFM/data/gen/SD_E2_HOPE/v1_8000/sdl_001008.png,284,284,,1,melanoma,,,,train,3,1,0,,,,,,,,,,,,,,,11906278004274120311,,663.6460311328992,a727c637ec910a79ecb2faf3b4548b81,
Synth,sdl_001009.png,/home/marsi/TFM/data/gen/SD_E2_HOPE/v1_8000/sdl_001009.png,284,284,,1,melanoma,,,,train,3,1,0,,,,,,,,,,,,,,,16254365618213249947,,348.99086486920714,7ea86df4e26f0f83e9bc013e636ae3d6,
Synth,sdl_001010.png,/home/marsi/TFM/data/gen/SD_E2_HOPE/v1_8000/sdl_001010.png,284,284,,1,melanoma,,,,train,3,1,0,,,,,,,,,,,,,,,12986351366050727788,,498.11636815965176,40cc4dc3a2668f251845b4289c6d4664,
Synth,sdl_001011.png,/home/marsi/TFM/data/gen/SD_E2_HOPE/v1_8000/sdl_001011.png,284,284,,1,melanoma,,,,train,3,1,0,,,,,,,,,,,,,,,16589718296883442495,,786.107013954781,52092ba4a46b41130468e8047448ad97,
Synth,sdl_001012.png,/home/marsi/TFM/data/gen/SD_E2_HOPE/v1_8000/sdl_001012.png,284,284,,1,melanoma,,,,train,3,1,0,,,,,,,,,,,,,,,11583155672251044690,,2437.225531324744,cd001f3abdce7e7e9a32a4ada4fd9d47,
Synth,sdl_001013.png,/home/marsi/TFM/data/gen/SD_E2_HOPE/v1_8000/sdl_001013.png,284,284,,1,melanoma,,,,train,3,1,0,,,,,,,,,,,,,,,12913158009949321886,,335.043838262558,d51eeaef27865df28e317800cd0bef82,
Synth,sdl_001014.png,/home/marsi/TFM/data/gen/SD_E2_HOPE/v1_8000/sdl_001014.png,284,284,,1,melanoma,,,,train,3,1,0,,,,,,,,,,,,,,,16242519673275111998,,513.2576140761375,3c8f5851ed2aeba12c96e9b2c9e76a83,
Synth,sdl_001015.png,/home/marsi/TFM/data/gen/SD_E2_HOPE/v1_8000/sdl_001015.png,284,284,,1,melanoma,,,,train,3,1,0,,,,,,,,,,,,,,,13771938265858124828,,237.45870661363008,d5a68bea05c145f5ea891773cc91482d,
Synth,sdl_001016.png,/home/marsi/TFM/data/gen/SD_E2_HOPE/v1_8000/sdl_001016.png,284,284,,1,melanoma,,,,train,3,1,0,,,,,,,,,,,,,,,13344379942197927533,,249.63112930115312,145d4e1560185d3b1d987c975b8cde03,
Synth,sdl_001017.png,/home/marsi/TFM/data/gen/SD_E2_HOPE/v1_8000/sdl_001017.png,284,284,,1,melanoma,,,,train,3,1,0,,,,,,,,,,,,,,,14179801099228272423,,575.1557841440663,41cb3a4e34ab86c879f5657c79e0b30e,
Synth,sdl_001018.png,/home/marsi/TFM/data/gen/SD_E2_HOPE/v1_8000/sdl_001018.png,284,284,,1,melanoma,,,,train,3,1,0,,,,,,,,,,,,,,,12886915610006995832,,334.06280013080686,3b37ea5dc5e60ca6c2b57109309eabc1,
Synth,sdl_001019.png,/home/marsi/TFM/data/gen/SD_E2_HOPE/v1_8000/sdl_001019.png,284,284,,1,melanoma,,,,train,3,1,0,,,,,,,,,,,,,,,16820528308290559204,,275.0335678970441,6220bea99ff9539dcf1be3499cc5aab2,
Synth,sdl_001020.png,/home/marsi/TFM/data/gen/SD_E2_HOPE/v1_8000/sdl_001020.png,284,284,,1,melanoma,,,,train,3,1,0,,,,,,,,,,,,,,,10604118524058475219,,692.0794634958729,77cce99c53bb3dc56a5aba1bc7217a8a,
Synth,sdl_001021.png,/home/marsi/TFM/data/gen/SD_E2_HOPE/v1_8000/sdl_001021.png,284,284,,1,melanoma,,,,train,3,1,0,,,,,,,,,,,,,,,16751567496091396005,,545.4590123742819,e87850e3e5c02fcb5c3088b93b632117,
Synth,sdl_001022.png,/home/marsi/TFM/data/gen/SD_E2_HOPE/v1_8000/sdl_001022.png,284,284,,1,melanoma,,,,train,3,1,0,,,,,,,,,,,,,,,12097741980631589199,,231.322508122772,2bcf39ff61c5cb44643142a1d6141ea8,
Synth,sdl_001023.png,/home/marsi/TFM/data/gen/SD_E2_HOPE/v1_8000/sdl_001023.png,284,284,,1,melanoma,,,,train,3,1,0,,,,,,,,,,,,,,,14526150918647563897,,1358.2523756017908,345a9883e8a8d2c59bca84fc4158cc67,
Synth,sdl_001024.png,/home/marsi/TFM/data/gen/SD_E2_HOPE/v1_8000/sdl_001024.png,284,284,,1,melanoma,,,,train,3,1,0,,,,,,,,,,,,,,,13917000037502629683,,1186.7694862149656,79ae9736cb2f5bee121a10e5c8801bb1,
Synth,sdl_001025.png,/home/marsi/TFM/data/gen/SD_E2_HOPE/v1_8000/sdl_001025.png,284,284,,1,melanoma,,,,train,3,1,0,,,,,,,,,,,,,,,12767938496661124318,,434.505170211196,fc9112689e89e95ae5d8dfb0b8668ddb,
Synth,sdl_001026.png,/home/marsi/TFM/data/gen/SD_E2_HOPE/v1_8000/sdl_001026.png,284,284,,1,melanoma,,,,train,3,1,0,,,,,,,,,,,,,,,16228324074099331018,,539.3766766926274,c5665e2fafa0de812389579261020c61,
Synth,sdl_001027.png,/home/marsi/TFM/data/gen/SD_E2_HOPE/v1_8000/sdl_001027.png,284,284,,1,melanoma,,,,train,3,1,0,,,,,,,,,,,,,,,16298982036318201395,,244.42613362893465,db4f53c90168aeec0078e07f5454e11c,
Synth,sdl_001028.png,/home/marsi/TFM/data/gen/SD_E2_HOPE/v1_8000/sdl_001028.png,284,284,,1,melanoma,,,,train,3,1,0,,,,,,,,,,,,,,,12638176443937536481,,375.693157132715,3c140f24cac287af21ff8a1974067888,
Synth,sdl_001029.png,/home/marsi/TFM/data/gen/SD_E2_HOPE/v1_8000/sdl_001029.png,284,284,,1,melanoma,,,,train,3,1,0,,,,,,,,,,,,,,,17616755483167843640,,670.9396896325052,4fe71d9cae1ed467486772f06f84ac46,
Synth,sdl_001030.png,/home/marsi/TFM/data/gen/SD_E2_HOPE/v1_8000/sdl_001030.png,284,284,,1,melanoma,,,,train,3,1,0,,,,,,,,,,,,,,,10028448588734078013,,2164.65380309429,c29aa3a41b2d8e0f10b2647dc41d0817,
Synth,sdl_001031.png,/home/marsi/TFM/data/gen/SD_E2_HOPE/v1_8000/sdl_001031.png,284,284,,1,melanoma,,,,train,3,1,0,,,,,,,,,,,,,,,17610624332019023006,,554.1845664940774,d97ba67ca4325acb0476564938e0e908,
Synth,sdl_001033.png,/home/marsi/TFM/data/gen/SD_E2_HOPE/v1_8000/sdl_001033.png,284,284,,1,melanoma,,,,train,3,1,0,,,,,,,,,,,,,,,11902944429352632734,,620.7989984415472,68ed78019a8103d7d6d9b3a51dea3991,
Synth,sdl_001034.png,/home/marsi/TFM/data/gen/SD_E2_HOPE/v1_8000/sdl_001034.png,284,284,,1,melanoma,,,,train,3,1,0,,,,,,,,,,,,,,,17967345628910482689,,533.9861828228459,5ae4a5515912a56a1fc3cf0f5e788376,
Synth,sdl_001035.png,/home/marsi/TFM/data/gen/SD_E2_HOPE/v1_8000/sdl_001035.png,284,284,,1,melanoma,,,,train,3,1,0,,,,,,,,,,,,,,,12986061211138886757,,2125.1893922081217,475c08e81cdb31eb39fd9937f0322eaa,
Synth,sdl_001036.png,/home/marsi/TFM/data/gen/SD_E2_HOPE/v1_8000/sdl_001036.png,284,284,,1,melanoma,,,,train,3,1,0,,,,,,,,,,,,,,,17167036586620444793,,341.3460404565558,9c65aea9b65edfacf6aafc026fe36e70,
Synth,sdl_001037.png,/home/marsi/TFM/data/gen/SD_E2_HOPE/v1_8000/sdl_001037.png,284,284,,1,melanoma,,,,train,3,1,0,,,,,,,,,,,,,,,13270302361690006475,,239.75396273192015,ebd7a8fef6cb34fe798bea2a9a6ce9c2,
Synth,sdl_001038.png,/home/marsi/TFM/data/gen/SD_E2_HOPE/v1_8000/sdl_001038.png,284,284,,1,melanoma,,,,train,3,1,0,,,,,,,,,,,,,,,11839282360184657375,,938.1555780461058,0cc627156a2b5e589a9cc141e9eaa7eb,
Synth,sdl_001039.png,/home/marsi/TFM/data/gen/SD_E2_HOPE/v1_8000/sdl_001039.png,284,284,,1,melanoma,,,,train,3,1,0,,,,,,,,,,,,,,,17490999920391325788,,486.0164964199066,131a039cf67ba37c9490f318f8aafac2,
Synth,sdl_001040.png,/home/marsi/TFM/data/gen/SD_E2_HOPE/v1_8000/sdl_001040.png,284,284,,1,melanoma,,,,train,3,1,0,,,,,,,,,,,,,,,13058979606757955276,,509.6540776453912,a8da1cd20d8c117f5a4069b8d938e5de,
Synth,sdl_001041.png,/home/marsi/TFM/data/gen/SD_E2_HOPE/v1_8000/sdl_001041.png,284,284,,1,melanoma,,,,train,3,1,0,,,,,,,,,,,,,,,12521926819837995142,,290.0939072966576,d52e32a64486f069324b6fa26ccc424b,
Synth,sdl_001043.png,/home/marsi/TFM/data/gen/SD_E2_HOPE/v1_8000/sdl_001043.png,284,284,,1,melanoma,,,,train,3,1,0,,,,,,,,,,,,,,,17899205122602728131,,248.7852835720405,62072648958041b89618c26aeea28acb,
Synth,sdl_001044.png,/home/marsi/TFM/data/gen/SD_E2_HOPE/v1_8000/sdl_001044.png,284,284,,1,melanoma,,,,train,3,1,0,,,,,,,,,,,,,,,16746238090302614925,,406.53831215854734,2c510f2fafd85393bdc6d30859fac6ef,
Synth,sdl_001045.png,/home/marsi/TFM/data/gen/SD_E2_HOPE/v1_8000/sdl_001045.png,284,284,,1,melanoma,,,,train,3,1,0,,,,,,,,,,,,,,,13719021732261214917,,335.6199503829703,562c566af44a8de1a42898dd07660d28,
Synth,sdl_001046.png,/home/marsi/TFM/data/gen/SD_E2_HOPE/v1_8000/sdl_001046.png,284,284,,1,melanoma,,,,train,3,1,0,,,,,,,,,,,,,,,18387863804423966406,,1209.2879785737025,32fa1a99e208fb250fe6d15af2ca9361,
Synth,sdl_001047.png,/home/marsi/TFM/data/gen/SD_E2_HOPE/v1_8000/sdl_001047.png,284,284,,1,melanoma,,,,train,3,1,0,,,,,,,,,,,,,,,18391176819115450762,,454.4694035863504,e73af2f6b10b64ab2d2ef9ec5c1e1096,
Synth,sdl_001048.png,/home/marsi/TFM/data/gen/SD_E2_HOPE/v1_8000/sdl_001048.png,284,284,,1,melanoma,,,,train,3,1,0,,,,,,,,,,,,,,,10682331438231179076,,264.6281395815313,c2643d7120d1f1105288f35ce2ebefb8,
Synth,sdl_001049.png,/home/marsi/TFM/data/gen/SD_E2_HOPE/v1_8000/sdl_001049.png,284,284,,1,melanoma,,,,train,3,1,0,,,,,,,,,,,,,,,13046037044815688043,,1134.3463418483734,dc0a889f95b20fc36ffc82ed063f31b8,
Synth,sdl_001050.png,/home/marsi/TFM/data/gen/SD_E2_HOPE/v1_8000/sdl_001050.png,284,284,,1,melanoma,,,,train,3,1,0,,,,,,,,,,,,,,,18179560091106882616,,535.329805161804,26945d39b88984f1a3cebf7a48ed7871,
Synth,sdl_001051.png,/home/marsi/TFM/data/gen/SD_E2_HOPE/v1_8000/sdl_001051.png,284,284,,1,melanoma,,,,train,3,1,0,,,,,,,,,,,,,,,16243785216556692281,,530.6099488735199,65ab45bcfcd60be2adec6616404f11ae,
Synth,sdl_001052.png,/home/marsi/TFM/data/gen/SD_E2_HOPE/v1_8000/sdl_001052.png,284,284,,1,melanoma,,,,train,3,1,0,,,,,,,,,,,,,,,13561607219200080529,,267.28994475957006,da4f55490b7ffa628893672ece3ce4be,
Synth,sdl_001053.png,/home/marsi/TFM/data/gen/SD_E2_HOPE/v1_8000/sdl_001053.png,284,284,,1,melanoma,,,,train,3,1,0,,,,,,,,,,,,,,,16919327914736179623,,374.4920639395714,5301ac98a3cc558d831d1788f70a24b8,
Synth,sdl_001054.png,/home/marsi/TFM/data/gen/SD_E2_HOPE/v1_8000/sdl_001054.png,284,284,,1,melanoma,,,,train,3,1,0,,,,,,,,,,,,,,,10047688424394011849,,1306.5014180904254,93f9361c98a2ca9b0725892408f29a84,
Synth,sdl_001055.png,/home/marsi/TFM/data/gen/SD_E2_HOPE/v1_8000/sdl_001055.png,284,284,,1,melanoma,,,,train,3,1,0,,,,,,,,,,,,,,,17467708806934983225,,447.8990226527676,22e7367c3f49a6a5cb1e8b08e9802c12,
Synth,sdl_001056.png,/home/marsi/TFM/data/gen/SD_E2_HOPE/v1_8000/sdl_001056.png,284,284,,1,melanoma,,,,train,3,1,0,,,,,,,,,,,,,,,12836329352239960883,,378.41187192406505,7a95569790552874aec2dfe55539d2e8,
Synth,sdl_001057.png,/home/marsi/TFM/data/gen/SD_E2_HOPE/v1_8000/sdl_001057.png,284,284,,1,melanoma,,,,train,3,1,0,,,,,,,,,,,,,,,12768216046038363365,,249.43622300680727,3afc842514b9106789f7879408b23edb,
Synth,sdl_001058.png,/home/marsi/TFM/data/gen/SD_E2_HOPE/v1_8000/sdl_001058.png,284,284,,1,melanoma,,,,train,3,1,0,,,,,,,,,,,,,,,12783141258032931914,,1211.4014439247549,f0c43ae750a76abf965dd280006a9f19,
Synth,sdl_001059.png,/home/marsi/TFM/data/gen/SD_E2_HOPE/v1_8000/sdl_001059.png,284,284,,1,melanoma,,,,train,3,1,0,,,,,,,,,,,,,,,16242113980628879207,,552.803447663784,3ed2ef35de3c858d9d12645ac6c4be6b,
Synth,sdl_001060.png,/home/marsi/TFM/data/gen/SD_E2_HOPE/v1_8000/sdl_001060.png,284,284,,1,melanoma,,,,train,3,1,0,,,,,,,,,,,,,,,12195626813881598662,,467.5841225674376,ca450c41ff3d42a70b44c40ef1ae84a5,
Synth,sdl_001061.png,/home/marsi/TFM/data/gen/SD_E2_HOPE/v1_8000/sdl_001061.png,284,284,,1,melanoma,,,,train,3,1,0,,,,,,,,,,,,,,,17924475799522353564,,644.648168053478,f7353d2d34bc2aa4023507557a7f5c53,
Synth,sdl_001062.png,/home/marsi/TFM/data/gen/SD_E2_HOPE/v1_8000/sdl_001062.png,284,284,,1,melanoma,,,,train,3,1,0,,,,,,,,,,,,,,,16856556935433369490,,307.29777025803924,6558a9f0d457f2d569cf2f79b33e0fad,
Synth,sdl_001063.png,/home/marsi/TFM/data/gen/SD_E2_HOPE/v1_8000/sdl_001063.png,284,284,,1,melanoma,,,,train,3,1,0,,,,,,,,,,,,,,,16738332997961979829,,540.5832765391096,4d44ff0af87576549cb02985c8685bdb,
Synth,sdl_001064.png,/home/marsi/TFM/data/gen/SD_E2_HOPE/v1_8000/sdl_001064.png,284,284,,1,melanoma,,,,train,3,1,0,,,,,,,,,,,,,,,13064590937676137286,,423.56068566069007,d34bf8c1ffb6e79187896cf8a3db5ed7,
Synth,sdl_001065.png,/home/marsi/TFM/data/gen/SD_E2_HOPE/v1_8000/sdl_001065.png,284,284,,1,melanoma,,,,train,3,1,0,,,,,,,,,,,,,,,11937439042977124576,,1906.980208396912,09a66bd47a50b057af34bd9ec14c122f,
Synth,sdl_001066.png,/home/marsi/TFM/data/gen/SD_E2_HOPE/v1_8000/sdl_001066.png,284,284,,1,melanoma,,,,train,3,1,0,,,,,,,,,,,,,,,16872670297772831179,,2374.8177630295977,7bedead504c0108b4fb2bb4eb829e51c,
Synth,sdl_001067.png,/home/marsi/TFM/data/gen/SD_E2_HOPE/v1_8000/sdl_001067.png,284,284,,1,melanoma,,,,train,3,1,0,,,,,,,,,,,,,,,14373305731221582883,,886.1151745170355,a23333546ebd439deb2e98a6102be17f,
Synth,sdl_001068.png,/home/marsi/TFM/data/gen/SD_E2_HOPE/v1_8000/sdl_001068.png,284,284,,1,melanoma,,,,train,3,1,0,,,,,,,,,,,,,,,12981286834816308070,,254.11716923024505,0164d6e81d3963b7da4efc151e15b0b4,
Synth,sdl_001069.png,/home/marsi/TFM/data/gen/SD_E2_HOPE/v1_8000/sdl_001069.png,284,284,,1,melanoma,,,,train,3,1,0,,,,,,,,,,,,,,,15018245533967012396,,1451.7019456019625,2f4771ab641ea961904d8bbbd9a5e9f7,
Synth,sdl_001070.png,/home/marsi/TFM/data/gen/SD_E2_HOPE/v1_8000/sdl_001070.png,284,284,,1,melanoma,,,,train,3,1,0,,,,,,,,,,,,,,,16171165902119671580,,1612.6300497055054,705a625661605e76719999a72aa8cd1c,
Synth,sdl_001071.png,/home/marsi/TFM/data/gen/SD_E2_HOPE/v1_8000/sdl_001071.png,284,284,,1,melanoma,,,,train,3,1,0,,,,,,,,,,,,,,,13922373354463090940,,3626.2043208619575,ab929033b38bf1f5f4d52eba3218bbb4,
Synth,sdl_001072.png,/home/marsi/TFM/data/gen/SD_E2_HOPE/v1_8000/sdl_001072.png,284,284,,1,melanoma,,,,train,3,1,0,,,,,,,,,,,,,,,12993941895406316605,,727.3850371008739,1dbad1206e84ff62f7a0f48fdeabbc4c,
Synth,sdl_001073.png,/home/marsi/TFM/data/gen/SD_E2_HOPE/v1_8000/sdl_001073.png,284,284,,1,melanoma,,,,train,3,1,0,,,,,,,,,,,,,,,18317688246136163727,,569.2034016540274,a15a01fb7fa3500812d46793f2462fd0,
Synth,sdl_001074.png,/home/marsi/TFM/data/gen/SD_E2_HOPE/v1_8000/sdl_001074.png,284,284,,1,melanoma,,,,train,3,1,0,,,,,,,,,,,,,,,13054176745787054716,,375.2135690515861,7bfb1740dca953998df0867f4b681d5d,
Synth,sdl_001075.png,/home/marsi/TFM/data/gen/SD_E2_HOPE/v1_8000/sdl_001075.png,284,284,,1,melanoma,,,,train,3,1,0,,,,,,,,,,,,,,,16229169542466251933,,386.8771843872965,834142e71033e9ad5d64793bfa709f96,
Synth,sdl_001076.png,/home/marsi/TFM/data/gen/SD_E2_HOPE/v1_8000/sdl_001076.png,284,284,,1,melanoma,,,,train,3,1,0,,,,,,,,,,,,,,,13635144586649019961,,262.22509759664536,c4d910f6384cf47472d58b6b3492095a,
Synth,sdl_001077.png,/home/marsi/TFM/data/gen/SD_E2_HOPE/v1_8000/sdl_001077.png,284,284,,1,melanoma,,,,train,3,1,0,,,,,,,,,,,,,,,11918426893954085279,,3586.5131426900625,bb19fc6ac967df2b1418e8ad79c3154a,
Synth,sdl_001078.png,/home/marsi/TFM/data/gen/SD_E2_HOPE/v1_8000/sdl_001078.png,284,284,,1,melanoma,,,,train,3,1,0,,,,,,,,,,,,,,,12987758740386883127,,556.5553299179301,8f8af808480496cbd85d9df3f9babcc6,
Synth,sdl_001079.png,/home/marsi/TFM/data/gen/SD_E2_HOPE/v1_8000/sdl_001079.png,284,284,,1,melanoma,,,,train,3,1,0,,,,,,,,,,,,,,,17321837629285687655,,585.5512845776975,5dd23a9605c8ec5cbb6a8a85ca16b429,
Synth,sdl_001080.png,/home/marsi/TFM/data/gen/SD_E2_HOPE/v1_8000/sdl_001080.png,284,284,,1,melanoma,,,,train,3,1,0,,,,,,,,,,,,,,,13058680667365074558,,240.60892628133297,6eed26cd29cb20c68130ba0e979ec727,
Synth,sdl_001081.png,/home/marsi/TFM/data/gen/SD_E2_HOPE/v1_8000/sdl_001081.png,284,284,,1,melanoma,,,,train,3,1,0,,,,,,,,,,,,,,,12626633914937823964,,498.600739583373,b03f3c4f9c7f77ad938e89e1fc86cf65,
Synth,sdl_001082.png,/home/marsi/TFM/data/gen/SD_E2_HOPE/v1_8000/sdl_001082.png,284,284,,1,melanoma,,,,train,3,1,0,,,,,,,,,,,,,,,17717886679653054504,,851.4983472814783,75fc728da11bf2cdfb39d03226e3bf97,
Synth,sdl_001083.png,/home/marsi/TFM/data/gen/SD_E2_HOPE/v1_8000/sdl_001083.png,284,284,,1,melanoma,,,,train,3,1,0,,,,,,,,,,,,,,,12567788117089727993,,333.68374775350094,75a74cd518f9e91a6defce78d3a4a270,
Synth,sdl_001084.png,/home/marsi/TFM/data/gen/SD_E2_HOPE/v1_8000/sdl_001084.png,284,284,,1,melanoma,,,,train,3,1,0,,,,,,,,,,,,,,,18378601756922776651,,437.3295944593847,bf352ace3914c24c488f30de9611c1a1,
Synth,sdl_001085.png,/home/marsi/TFM/data/gen/SD_E2_HOPE/v1_8000/sdl_001085.png,284,284,,1,melanoma,,,,train,3,1,0,,,,,,,,,,,,,,,12930838955781156044,,279.63089997228235,ac84b557dd236c0f82c6527f735c0790,
Synth,sdl_001086.png,/home/marsi/TFM/data/gen/SD_E2_HOPE/v1_8000/sdl_001086.png,284,284,,1,melanoma,,,,train,3,1,0,,,,,,,,,,,,,,,16144450934451975155,,876.2092356598005,b9ebc6e01fea9236d1dda4bf3776b50c,
Synth,sdl_001087.png,/home/marsi/TFM/data/gen/SD_E2_HOPE/v1_8000/sdl_001087.png,284,284,,1,melanoma,,,,train,3,1,0,,,,,,,,,,,,,,,13106829609655823992,,2780.170253171585,14f546bb48a9f6b994f405afa9c9aa89,
Synth,sdl_001088.png,/home/marsi/TFM/data/gen/SD_E2_HOPE/v1_8000/sdl_001088.png,284,284,,1,melanoma,,,,train,3,1,0,,,,,,,,,,,,,,,12193988896718177717,,861.6945388168097,59a72a456418978c88eca4926b84c235,
Synth,sdl_001089.png,/home/marsi/TFM/data/gen/SD_E2_HOPE/v1_8000/sdl_001089.png,284,284,,1,melanoma,,,,train,3,1,0,,,,,,,,,,,,,,,13077838572132769665,,1649.172573056072,0fabaf2eda3f453b1a61a3139b2309ad,
Synth,sdl_001090.png,/home/marsi/TFM/data/gen/SD_E2_HOPE/v1_8000/sdl_001090.png,284,284,,1,melanoma,,,,train,3,1,0,,,,,,,,,,,,,,,13055302783068164510,,785.3839378356934,49acdc1d3506ec73cca3d4aa9e44a977,
Synth,sdl_001091.png,/home/marsi/TFM/data/gen/SD_E2_HOPE/v1_8000/sdl_001091.png,284,284,,1,melanoma,,,,train,3,1,0,,,,,,,,,,,,,,,13778710799878218988,,10329.083063951692,adb96832edde90e682215bcc7f69dc81,
Synth,sdl_001092.png,/home/marsi/TFM/data/gen/SD_E2_HOPE/v1_8000/sdl_001092.png,284,284,,1,melanoma,,,,train,3,1,0,,,,,,,,,,,,,,,16457426200157506491,,462.9443900203332,2925754b45bb2d782a19d0e9c01a5b9e,
Synth,sdl_001093.png,/home/marsi/TFM/data/gen/SD_E2_HOPE/v1_8000/sdl_001093.png,284,284,,1,melanoma,,,,train,3,1,0,,,,,,,,,,,,,,,17973168564187075276,,648.1038148403168,795f6a2605cd4588bff865e04b1e5427,
Synth,sdl_001094.png,/home/marsi/TFM/data/gen/SD_E2_HOPE/v1_8000/sdl_001094.png,284,284,,1,melanoma,,,,train,3,1,0,,,,,,,,,,,,,,,17304942134723517455,,375.6416921876371,3d3cd94621e0657ce8ca41f2c9b485f3,
Synth,sdl_001095.png,/home/marsi/TFM/data/gen/SD_E2_HOPE/v1_8000/sdl_001095.png,284,284,,1,melanoma,,,,train,3,1,0,,,,,,,,,,,,,,,16882729721043030919,,938.5714193433524,9a5be2391b3dbb91134bae6d4f31ff00,
Synth,sdl_001096.png,/home/marsi/TFM/data/gen/SD_E2_HOPE/v1_8000/sdl_001096.png,284,284,,1,melanoma,,,,train,3,1,0,,,,,,,,,,,,,,,12725991002294006734,,391.9413793347776,b058f081c0615ff2ba759797d9fedb1a,
Synth,sdl_001097.png,/home/marsi/TFM/data/gen/SD_E2_HOPE/v1_8000/sdl_001097.png,284,284,,1,melanoma,,,,train,3,1,0,,,,,,,,,,,,,,,12785101073410471381,,512.485312461853,9591cc68c0fb17cfc7de8f7e2fca6c6f,
Synth,sdl_001098.png,/home/marsi/TFM/data/gen/SD_E2_HOPE/v1_8000/sdl_001098.png,284,284,,1,melanoma,,,,train,3,1,0,,,,,,,,,,,,,,,16819750150403412120,,920.9044024562464,76be320e070f817e02af8bbc1d286275,
Synth,sdl_001099.png,/home/marsi/TFM/data/gen/SD_E2_HOPE/v1_8000/sdl_001099.png,284,284,,1,melanoma,,,,train,3,1,0,,,,,,,,,,,,,,,13561115748134932903,,754.7084996988997,c0d8c76498addb3d3f7fd103ad13a70d,
Synth,sdl_001100.png,/home/marsi/TFM/data/gen/SD_E2_HOPE/v1_8000/sdl_001100.png,284,284,,1,melanoma,,,,train,3,1,0,,,,,,,,,,,,,,,10988365020321892155,,964.5805196762084,7de8aed2adabbf9580191c3c01d208b0,
Synth,sdl_001101.png,/home/marsi/TFM/data/gen/SD_E2_HOPE/v1_8000/sdl_001101.png,284,284,,1,melanoma,,,,train,3,1,0,,,,,,,,,,,,,,,12626352555824598941,,238.25690402742475,45d65f9aab03899f6cc8ed2e56bc2692,
Synth,sdl_001102.png,/home/marsi/TFM/data/gen/SD_E2_HOPE/v1_8000/sdl_001102.png,284,284,,1,melanoma,,,,train,3,1,0,,,,,,,,,,,,,,,11975517930509015205,,348.87733565922827,a36559d448bb94bdbcd6e6a20194e96d,
Synth,sdl_001103.png,/home/marsi/TFM/data/gen/SD_E2_HOPE/v1_8000/sdl_001103.png,284,284,,1,melanoma,,,,train,3,1,0,,,,,,,,,,,,,,,13660473665339338713,,331.18521695490927,69ff8293110a5ced4ca94ecc29d84407,
Synth,sdl_001104.png,/home/marsi/TFM/data/gen/SD_E2_HOPE/v1_8000/sdl_001104.png,284,284,,1,melanoma,,,,train,3,1,0,,,,,,,,,,,,,,,10603311000250873304,,1104.468891880475,09a091d1017d013a07d9436337e3f128,
Synth,sdl_001106.png,/home/marsi/TFM/data/gen/SD_E2_HOPE/v1_8000/sdl_001106.png,284,284,,1,melanoma,,,,train,3,1,0,,,,,,,,,,,,,,,12782274254478203337,,291.8147294437513,fa58a62e42c75bb2267975c5e62152d2,
Synth,sdl_001107.png,/home/marsi/TFM/data/gen/SD_E2_HOPE/v1_8000/sdl_001107.png,284,284,,1,melanoma,,,,train,3,1,0,,,,,,,,,,,,,,,16315001827010721113,,472.6172141274437,6f6634513226c6558380124f8d5fdb93,
Synth,sdl_001109.png,/home/marsi/TFM/data/gen/SD_E2_HOPE/v1_8000/sdl_001109.png,284,284,,1,melanoma,,,,train,3,1,0,,,,,,,,,,,,,,,17236828570448425872,,579.3546076864004,e0b5a4393a9e3b6041164e6550d6cee1,
Synth,sdl_001111.png,/home/marsi/TFM/data/gen/SD_E2_HOPE/v1_8000/sdl_001111.png,284,284,,1,melanoma,,,,train,3,1,0,,,,,,,,,,,,,,,13650905932816412676,,351.3133372664452,4e57ca93bb004476716d58b215673b2b,
Synth,sdl_001112.png,/home/marsi/TFM/data/gen/SD_E2_HOPE/v1_8000/sdl_001112.png,284,284,,1,melanoma,,,,train,3,1,0,,,,,,,,,,,,,,,16228583144400178073,,455.7118987888098,9d309ec3bf852d91c5ae8c48b80a8a71,
Synth,sdl_001113.png,/home/marsi/TFM/data/gen/SD_E2_HOPE/v1_8000/sdl_001113.png,284,284,,1,melanoma,,,,train,3,1,0,,,,,,,,,,,,,,,13481689860899209668,,480.8662145873532,6ea4b6a48d1a428cab3a27280eccb5dc,
Synth,sdl_001114.png,/home/marsi/TFM/data/gen/SD_E2_HOPE/v1_8000/sdl_001114.png,284,284,,1,melanoma,,,,train,3,1,0,,,,,,,,,,,,,,,16248591309660373400,,236.0346742114052,ae56b31fb0b6f79c47174de93c2533f0,
Synth,sdl_001115.png,/home/marsi/TFM/data/gen/SD_E2_HOPE/v1_8000/sdl_001115.png,284,284,,1,melanoma,,,,train,3,1,0,,,,,,,,,,,,,,,11455526656323752654,,1218.1599049484355,82ea61fc7114de0e442eaa46e98fb7a4,
Synth,sdl_001116.png,/home/marsi/TFM/data/gen/SD_E2_HOPE/v1_8000/sdl_001116.png,284,284,,1,melanoma,,,,train,3,1,0,,,,,,,,,,,,,,,13437216193669252321,,627.1884966781363,6086ad8b6cfd60794c3ac21888d7b343,
Synth,sdl_001117.png,/home/marsi/TFM/data/gen/SD_E2_HOPE/v1_8000/sdl_001117.png,284,284,,1,melanoma,,,,train,3,1,0,,,,,,,,,,,,,,,16966115527578901140,,553.3792344592512,7b9f6e334c0dca36c2613a8c90643b5b,
Synth,sdl_001118.png,/home/marsi/TFM/data/gen/SD_E2_HOPE/v1_8000/sdl_001118.png,284,284,,1,melanoma,,,,train,3,1,0,,,,,,,,,,,,,,,12884179751213937797,,333.42065366730094,6fda70b377b845757f5a74554efba7c6,
Synth,sdl_001119.png,/home/marsi/TFM/data/gen/SD_E2_HOPE/v1_8000/sdl_001119.png,284,284,,1,melanoma,,,,train,3,1,0,,,,,,,,,,,,,,,16243151926803154330,,563.3568029403687,5416e70bce6fb12d9d78d40db08bb068,
Synth,sdl_001120.png,/home/marsi/TFM/data/gen/SD_E2_HOPE/v1_8000/sdl_001120.png,284,284,,1,melanoma,,,,train,3,1,0,,,,,,,,,,,,,,,12284364764556822415,,819.4368441663682,0c9a5c80baf3fb1fe43acb0e466ae6ce,
Synth,sdl_001121.png,/home/marsi/TFM/data/gen/SD_E2_HOPE/v1_8000/sdl_001121.png,284,284,,1,melanoma,,,,train,3,1,0,,,,,,,,,,,,,,,13636847963657552065,,788.2005150234327,84d53bf3d65d1a8499739ea67946aa2f,
Synth,sdl_001122.png,/home/marsi/TFM/data/gen/SD_E2_HOPE/v1_8000/sdl_001122.png,284,284,,1,melanoma,,,,train,3,1,0,,,,,,,,,,,,,,,16318942327450540572,,324.2221425138414,45a3598d4bbc9c9579074a78aa6119dc,
Synth,sdl_001123.png,/home/marsi/TFM/data/gen/SD_E2_HOPE/v1_8000/sdl_001123.png,284,284,,1,melanoma,,,,train,3,1,0,,,,,,,,,,,,,,,13466261095876304770,,475.68463180959225,d074340e104173364baf6ba2d425ce2d,
Synth,sdl_001124.png,/home/marsi/TFM/data/gen/SD_E2_HOPE/v1_8000/sdl_001124.png,284,284,,1,melanoma,,,,train,3,1,0,,,,,,,,,,,,,,,16464179091467886653,,464.0278942501173,a4b12959bf0250dce29d7d610300ddff,
Synth,sdl_001125.png,/home/marsi/TFM/data/gen/SD_E2_HOPE/v1_8000/sdl_001125.png,284,284,,1,melanoma,,,,train,3,1,0,,,,,,,,,,,,,,,15186271308173909351,,2302.0782975554466,ba461f060fb444e51968e04f1e8941e5,
Synth,sdl_001126.png,/home/marsi/TFM/data/gen/SD_E2_HOPE/v1_8000/sdl_001126.png,284,284,,1,melanoma,,,,train,3,1,0,,,,,,,,,,,,,,,16223529906729850515,,1146.51482122764,16b954feb7a47c40a75df69e8617515e,
Synth,sdl_001127.png,/home/marsi/TFM/data/gen/SD_E2_HOPE/v1_8000/sdl_001127.png,284,284,,1,melanoma,,,,train,3,1,0,,,,,,,,,,,,,,,16461663328650647860,,327.584895468317,7a4d05b920f72ebdbe7690c0a760eb91,
Synth,sdl_001128.png,/home/marsi/TFM/data/gen/SD_E2_HOPE/v1_8000/sdl_001128.png,284,284,,1,melanoma,,,,train,3,1,0,,,,,,,,,,,,,,,17636541579670389628,,850.581752195023,1f1f3b458c15e29594ca76cc38e66bba,
Synth,sdl_001129.png,/home/marsi/TFM/data/gen/SD_E2_HOPE/v1_8000/sdl_001129.png,284,284,,1,melanoma,,,,train,3,1,0,,,,,,,,,,,,,,,10668972793249621344,,892.9817702313885,ffc56ed8a8d79b061cae539ff53c4207,
Synth,sdl_001130.png,/home/marsi/TFM/data/gen/SD_E2_HOPE/v1_8000/sdl_001130.png,284,284,,1,melanoma,,,,train,3,1,0,,,,,,,,,,,,,,,13194359869949749148,,281.9709835862741,fe2e479a52cfab686f7fc63a6ca0954d,
Synth,sdl_001131.png,/home/marsi/TFM/data/gen/SD_E2_HOPE/v1_8000/sdl_001131.png,284,284,,1,melanoma,,,,train,3,1,0,,,,,,,,,,,,,,,16168933752443725902,,287.6020576795563,f1964668f5ce5d3f1ea59c6afd1cb03a,
Synth,sdl_001132.png,/home/marsi/TFM/data/gen/SD_E2_HOPE/v1_8000/sdl_001132.png,284,284,,1,melanoma,,,,train,3,1,0,,,,,,,,,,,,,,,13719867243088132461,,314.90305944904685,265df1ff246b8220481ec8e473b0f392,
Synth,sdl_001133.png,/home/marsi/TFM/data/gen/SD_E2_HOPE/v1_8000/sdl_001133.png,284,284,,1,melanoma,,,,train,3,1,0,,,,,,,,,,,,,,,16868462350790516302,,596.2403218746185,467bd58107f482118eb5582d25939cca,
Synth,sdl_001134.png,/home/marsi/TFM/data/gen/SD_E2_HOPE/v1_8000/sdl_001134.png,284,284,,1,melanoma,,,,train,3,1,0,,,,,,,,,,,,,,,16737231869209295555,,293.03249208536,69f94884c7acdcdc5f00682d62eef510,
Synth,sdl_001135.png,/home/marsi/TFM/data/gen/SD_E2_HOPE/v1_8000/sdl_001135.png,284,284,,1,melanoma,,,,train,3,1,0,,,,,,,,,,,,,,,12476871705922059481,,310.25980653520674,9d247a0f2c521b6bd786a38327dcb0e6,
Synth,sdl_001136.png,/home/marsi/TFM/data/gen/SD_E2_HOPE/v1_8000/sdl_001136.png,284,284,,1,melanoma,,,,train,3,1,0,,,,,,,,,,,,,,,17595235747400195304,,329.5790959857404,ab17e6d91c26de558b2817f71b96e41d,
Synth,sdl_001137.png,/home/marsi/TFM/data/gen/SD_E2_HOPE/v1_8000/sdl_001137.png,284,284,,1,melanoma,,,,train,3,1,0,,,,,,,,,,,,,,,13071364328835044387,,373.0122717283666,86590dd292775dfb6d1c3e5ca785e23b,
Synth,sdl_001138.png,/home/marsi/TFM/data/gen/SD_E2_HOPE/v1_8000/sdl_001138.png,284,284,,1,melanoma,,,,train,3,1,0,,,,,,,,,,,,,,,12604665010836413394,,559.1986517310143,e89ddcc025654ca563ef0b986f5809b3,
Synth,sdl_001139.png,/home/marsi/TFM/data/gen/SD_E2_HOPE/v1_8000/sdl_001139.png,284,284,,1,melanoma,,,,train,3,1,0,,,,,,,,,,,,,,,13754226424153912584,,426.6105790100992,4feaea80e08a1d8659c2404b864a0f32,
Synth,sdl_001140.png,/home/marsi/TFM/data/gen/SD_E2_HOPE/v1_8000/sdl_001140.png,284,284,,1,melanoma,,,,train,3,1,0,,,,,,,,,,,,,,,13772170539669874079,,651.9337689243257,3bb9d3497eada9a9f2458bef9a1d0e25,
Synth,sdl_001141.png,/home/marsi/TFM/data/gen/SD_E2_HOPE/v1_8000/sdl_001141.png,284,284,,1,melanoma,,,,train,3,1,0,,,,,,,,,,,,,,,14571121691028428234,,837.0687313936651,b630430550f1670d99f14b603528675a,
Synth,sdl_001142.png,/home/marsi/TFM/data/gen/SD_E2_HOPE/v1_8000/sdl_001142.png,284,284,,1,melanoma,,,,train,3,1,0,,,,,,,,,,,,,,,13790515733312323274,,436.9697460532189,0f20b384ed74643b15023bf70cd5fbe4,
Synth,sdl_001143.png,/home/marsi/TFM/data/gen/SD_E2_HOPE/v1_8000/sdl_001143.png,284,284,,1,melanoma,,,,train,3,1,0,,,,,,,,,,,,,,,11825209043180363437,,873.4406213723123,cbd150534124cedfd9c8efcd35c0bfe7,
Synth,sdl_001144.png,/home/marsi/TFM/data/gen/SD_E2_HOPE/v1_8000/sdl_001144.png,284,284,,1,melanoma,,,,train,3,1,0,,,,,,,,,,,,,,,13770812373420700807,,234.89161628391597,7ff7be1de0a037dcb65605c651ebc67a,
Synth,sdl_001145.png,/home/marsi/TFM/data/gen/SD_E2_HOPE/v1_8000/sdl_001145.png,284,284,,1,melanoma,,,,train,3,1,0,,,,,,,,,,,,,,,12673622061943502281,,416.9657776616514,c8d812271e96bb1cb726efe23ecb7132,
Synth,sdl_001146.png,/home/marsi/TFM/data/gen/SD_E2_HOPE/v1_8000/sdl_001146.png,284,284,,1,melanoma,,,,train,3,1,0,,,,,,,,,,,,,,,12696144081278887477,,789.390472587198,5a01a8eacd940e3cee90184d765dd730,
Synth,sdl_001147.png,/home/marsi/TFM/data/gen/SD_E2_HOPE/v1_8000/sdl_001147.png,284,284,,1,melanoma,,,,train,3,1,0,,,,,,,,,,,,,,,12411024228048118846,,256.448787689209,24f736d67b38de3fbd2e5a2b7ac5cda7,
Synth,sdl_001148.png,/home/marsi/TFM/data/gen/SD_E2_HOPE/v1_8000/sdl_001148.png,284,284,,1,melanoma,,,,train,3,1,0,,,,,,,,,,,,,,,17599154487633473904,,339.80016484763473,836cd74f5077270c6826ed8f999b6dca,
Synth,sdl_001149.png,/home/marsi/TFM/data/gen/SD_E2_HOPE/v1_8000/sdl_001149.png,284,284,,1,melanoma,,,,train,3,1,0,,,,,,,,,,,,,,,16523036564558398517,,350.83629989624023,dcef67e5db16e1ce7b88fe8fc35dc4e7,
Synth,sdl_001150.png,/home/marsi/TFM/data/gen/SD_E2_HOPE/v1_8000/sdl_001150.png,284,284,,1,melanoma,,,,train,3,1,0,,,,,,,,,,,,,,,17479472204468673076,,438.0528501830995,06bf1a3fc24a18438677046f2b51c9df,
Synth,sdl_001151.png,/home/marsi/TFM/data/gen/SD_E2_HOPE/v1_8000/sdl_001151.png,284,284,,1,melanoma,,,,train,3,1,0,,,,,,,,,,,,,,,12832379697033471219,,619.2657644599676,1410814bd229d7622a998ddcf84d65d0,
Synth,sdl_001152.png,/home/marsi/TFM/data/gen/SD_E2_HOPE/v1_8000/sdl_001152.png,284,284,,1,melanoma,,,,train,3,1,0,,,,,,,,,,,,,,,13273447072656729406,,342.2779925130308,de73493ccc0e456899ee6ab4ab444044,
Synth,sdl_001153.png,/home/marsi/TFM/data/gen/SD_E2_HOPE/v1_8000/sdl_001153.png,284,284,,1,melanoma,,,,train,3,1,0,,,,,,,,,,,,,,,18385875464843058310,,334.75298475380987,41cdcc43e30ca2eb89d1a9941c5c3e5f,
Synth,sdl_001154.png,/home/marsi/TFM/data/gen/SD_E2_HOPE/v1_8000/sdl_001154.png,284,284,,1,melanoma,,,,train,3,1,0,,,,,,,,,,,,,,,12208080669579359343,,300.6453441642225,b77ae7e7a1813cb2c88334a00e5b4ba4,
Synth,sdl_001155.png,/home/marsi/TFM/data/gen/SD_E2_HOPE/v1_8000/sdl_001155.png,284,284,,1,melanoma,,,,train,3,1,0,,,,,,,,,,,,,,,16650533841140201363,,385.797911814414,50cb41cc775bb7ab97e69d8fb1651543,
Synth,sdl_001156.png,/home/marsi/TFM/data/gen/SD_E2_HOPE/v1_8000/sdl_001156.png,284,284,,1,melanoma,,,,train,3,1,0,,,,,,,,,,,,,,,12622394537449789579,,309.6649281978607,f8087abf377e4e5ab095df2f756d65c3,
Synth,sdl_001157.png,/home/marsi/TFM/data/gen/SD_E2_HOPE/v1_8000/sdl_001157.png,284,284,,1,melanoma,,,,train,3,1,0,,,,,,,,,,,,,,,12979038673195181282,,519.711360797286,7e4b15f93f5d25a0b03dd574ec19b4b0,
Synth,sdl_001158.png,/home/marsi/TFM/data/gen/SD_E2_HOPE/v1_8000/sdl_001158.png,284,284,,1,melanoma,,,,train,3,1,0,,,,,,,,,,,,,,,16174835753605306248,,1005.1846898645164,61a03cb258cc2a8f2d541f74b1100254,
Synth,sdl_001159.png,/home/marsi/TFM/data/gen/SD_E2_HOPE/v1_8000/sdl_001159.png,284,284,,1,melanoma,,,,train,3,1,0,,,,,,,,,,,,,,,18061898019800201427,,473.8912079175934,368132c2535b263eaa6746d455b8a0f6,
Synth,sdl_001160.png,/home/marsi/TFM/data/gen/SD_E2_HOPE/v1_8000/sdl_001160.png,284,284,,1,melanoma,,,,train,3,1,0,,,,,,,,,,,,,,,13574908058376277908,,534.1616513393819,e2d0fc3d99ebfd1a04a73649a48b3fac,
Synth,sdl_001161.png,/home/marsi/TFM/data/gen/SD_E2_HOPE/v1_8000/sdl_001161.png,284,284,,1,melanoma,,,,train,3,1,0,,,,,,,,,,,,,,,13555700653556381319,,663.119636952877,c710dd69f7d2867bc2fd3fbae12b920a,
Synth,sdl_001162.png,/home/marsi/TFM/data/gen/SD_E2_HOPE/v1_8000/sdl_001162.png,284,284,,1,melanoma,,,,train,3,1,0,,,,,,,,,,,,,,,13561676355418547995,,387.1757475128397,e3209651f4cd9cba48e415bf66562efc,
Synth,sdl_001163.png,/home/marsi/TFM/data/gen/SD_E2_HOPE/v1_8000/sdl_001163.png,284,284,,1,melanoma,,,,train,3,1,0,,,,,,,,,,,,,,,12611719955205451930,,369.29684617742896,bada22dcabadd223d2ff0db0f83c51b3,
Synth,sdl_001164.png,/home/marsi/TFM/data/gen/SD_E2_HOPE/v1_8000/sdl_001164.png,284,284,,1,melanoma,,,,train,3,1,0,,,,,,,,,,,,,,,12478560753353964443,,318.34127818699926,cde03d0219a846f2494f36641c65b4bb,
Synth,sdl_001165.png,/home/marsi/TFM/data/gen/SD_E2_HOPE/v1_8000/sdl_001165.png,284,284,,1,melanoma,,,,train,3,1,0,,,,,,,,,,,,,,,17598822444302058693,,497.8674566112458,3cabd8d805d232faec6d64f0bbd0259f,
Synth,sdl_001167.png,/home/marsi/TFM/data/gen/SD_E2_HOPE/v1_8000/sdl_001167.png,284,284,,1,melanoma,,,,train,3,1,0,,,,,,,,,,,,,,,16457731499901544812,,418.0661582946777,605ea8fca4619b39e607f486c10a16f6,
Synth,sdl_001168.png,/home/marsi/TFM/data/gen/SD_E2_HOPE/v1_8000/sdl_001168.png,284,284,,1,melanoma,,,,train,3,1,0,,,,,,,,,,,,,,,17066818166263134571,,293.48649897798896,b8a7a8953881d8fdd751f440fadc7162,
Synth,sdl_001169.png,/home/marsi/TFM/data/gen/SD_E2_HOPE/v1_8000/sdl_001169.png,284,284,,1,melanoma,,,,train,3,1,0,,,,,,,,,,,,,,,16240145832853849543,,394.9649342894554,df248875cfef57f41555934ccf9e4ef3,
Synth,sdl_001170.png,/home/marsi/TFM/data/gen/SD_E2_HOPE/v1_8000/sdl_001170.png,284,284,,1,melanoma,,,,train,3,1,0,,,,,,,,,,,,,,,16889503198956239297,,364.2196500292048,9bcb69fced6c6850f7dfb200e3e11338,
Synth,sdl_001171.png,/home/marsi/TFM/data/gen/SD_E2_HOPE/v1_8000/sdl_001171.png,284,284,,1,melanoma,,,,train,3,1,0,,,,,,,,,,,,,,,12495730520568965087,,607.5756027363241,1f25841020f1a3cf9cb4a3001653f474,
Synth,sdl_001172.png,/home/marsi/TFM/data/gen/SD_E2_HOPE/v1_8000/sdl_001172.png,284,284,,1,melanoma,,,,train,3,1,0,,,,,,,,,,,,,,,11923491620191919842,,581.8197862049565,c7fa7660beb2a22bd61da2a8e35cb5f7,
Synth,sdl_001173.png,/home/marsi/TFM/data/gen/SD_E2_HOPE/v1_8000/sdl_001173.png,284,284,,1,melanoma,,,,train,3,1,0,,,,,,,,,,,,,,,16821951513587378786,,228.0806222027168,3dbef267900c27026cd3b69fc9be694b,
Synth,sdl_001174.png,/home/marsi/TFM/data/gen/SD_E2_HOPE/v1_8000/sdl_001174.png,284,284,,1,melanoma,,,,train,3,1,0,,,,,,,,,,,,,,,14427624291913273015,,1953.1580820670351,ccf6efd0fd714f19bbca843a37df3b0d,
Synth,sdl_001175.png,/home/marsi/TFM/data/gen/SD_E2_HOPE/v1_8000/sdl_001175.png,284,284,,1,melanoma,,,,train,3,1,0,,,,,,,,,,,,,,,16885005714314288838,,259.09632135089487,12ee5cf0b25ab973477118acb3851a97,
Synth,sdl_001176.png,/home/marsi/TFM/data/gen/SD_E2_HOPE/v1_8000/sdl_001176.png,284,284,,1,melanoma,,,,train,3,1,0,,,,,,,,,,,,,,,17160267462630595485,,488.2551052039489,f8f84ddad4206006c6787245e58ddac1,
Synth,sdl_001177.png,/home/marsi/TFM/data/gen/SD_E2_HOPE/v1_8000/sdl_001177.png,284,284,,1,melanoma,,,,train,3,1,0,,,,,,,,,,,,,,,17586494325355068482,,767.4323810851201,a1d62927653eb543e9fd25764de3ea1a,
Synth,sdl_001178.png,/home/marsi/TFM/data/gen/SD_E2_HOPE/v1_8000/sdl_001178.png,284,284,,1,melanoma,,,,train,3,1,0,,,,,,,,,,,,,,,13060105708780216468,,339.44592690095305,5137a698932c201adc379f43e9d3663c,
Synth,sdl_001179.png,/home/marsi/TFM/data/gen/SD_E2_HOPE/v1_8000/sdl_001179.png,284,284,,1,melanoma,,,,train,3,1,0,,,,,,,,,,,,,,,12768764512506204775,,238.90575478971004,36ce8d4356174848c5f342d15994cab5,
Synth,sdl_001180.png,/home/marsi/TFM/data/gen/SD_E2_HOPE/v1_8000/sdl_001180.png,284,284,,1,melanoma,,,,train,3,1,0,,,,,,,,,,,,,,,12809576679507808103,,268.83939207997173,3ae02cad5f92ce85a49ff4510bff8f9b,
Synth,sdl_001181.png,/home/marsi/TFM/data/gen/SD_E2_HOPE/v1_8000/sdl_001181.png,284,284,,1,melanoma,,,,train,3,1,0,,,,,,,,,,,,,,,16459424721968285285,,260.743803486228,e70f968d171a2451e0659fe1a5b02d2b,
Synth,sdl_001182.png,/home/marsi/TFM/data/gen/SD_E2_HOPE/v1_8000/sdl_001182.png,284,284,,1,melanoma,,,,train,3,1,0,,,,,,,,,,,,,,,13972491052164152983,,2449.5748166581616,02a531c2ac39a5859052bf31ae385a76,
Synth,sdl_001183.png,/home/marsi/TFM/data/gen/SD_E2_HOPE/v1_8000/sdl_001183.png,284,284,,1,melanoma,,,,train,3,1,0,,,,,,,,,,,,,,,14006511265259706758,,1389.4577573388815,d37da82378700f7d1a11ad8c60f50b36,
Synth,sdl_001184.png,/home/marsi/TFM/data/gen/SD_E2_HOPE/v1_8000/sdl_001184.png,284,284,,1,melanoma,,,,train,3,1,0,,,,,,,,,,,,,,,17018687104023731101,,245.0626753931865,585badefd384dd7a6d81c55e023b5807,
Synth,sdl_001185.png,/home/marsi/TFM/data/gen/SD_E2_HOPE/v1_8000/sdl_001185.png,284,284,,1,melanoma,,,,train,3,1,0,,,,,,,,,,,,,,,16818015294916938330,,259.60239826049656,14b07836fe274eeac856679f379fb5fb,
Synth,sdl_001186.png,/home/marsi/TFM/data/gen/SD_E2_HOPE/v1_8000/sdl_001186.png,284,284,,1,melanoma,,,,train,3,1,0,,,,,,,,,,,,,,,13125671974070735726,,860.3464861474931,15ba3866eb9b6a2af625830b44c533f9,
Synth,sdl_001187.png,/home/marsi/TFM/data/gen/SD_E2_HOPE/v1_8000/sdl_001187.png,284,284,,1,melanoma,,,,train,3,1,0,,,,,,,,,,,,,,,13544770517890746382,,445.5432212492451,f1f2a8f3b7cdd83061f6abac00e1db58,
Synth,sdl_001188.png,/home/marsi/TFM/data/gen/SD_E2_HOPE/v1_8000/sdl_001188.png,284,284,,1,melanoma,,,,train,3,1,0,,,,,,,,,,,,,,,16891178942841265778,,399.8174501275644,b363fe4abacb5d6862901ea66d43b73f,
Synth,sdl_001189.png,/home/marsi/TFM/data/gen/SD_E2_HOPE/v1_8000/sdl_001189.png,284,284,,1,melanoma,,,,train,3,1,0,,,,,,,,,,,,,,,16242685700010646156,,249.38798102363944,f88b1515bd50873b2114b98078a4062e,
Synth,sdl_001190.png,/home/marsi/TFM/data/gen/SD_E2_HOPE/v1_8000/sdl_001190.png,284,284,,1,melanoma,,,,train,3,1,0,,,,,,,,,,,,,,,16918483611209316963,,445.27236921247095,c443a65f40f5592634a953e796797233,
Synth,sdl_001191.png,/home/marsi/TFM/data/gen/SD_E2_HOPE/v1_8000/sdl_001191.png,284,284,,1,melanoma,,,,train,3,1,0,,,,,,,,,,,,,,,13773925976515910605,,455.3057018369436,463fa6f27e92ae11b58dad93b02b58fd,
Synth,sdl_001192.png,/home/marsi/TFM/data/gen/SD_E2_HOPE/v1_8000/sdl_001192.png,284,284,,1,melanoma,,,,train,3,1,0,,,,,,,,,,,,,,,18381883748917579655,,602.9236674671993,a1a580f4d9654efe4d538638d4f49a23,
Synth,sdl_001193.png,/home/marsi/TFM/data/gen/SD_E2_HOPE/v1_8000/sdl_001193.png,284,284,,1,melanoma,,,,train,3,1,0,,,,,,,,,,,,,,,13051111492846842066,,518.2383422851562,c7668ad3d6e0afcfef68e4823797c6b3,
Synth,sdl_001194.png,/home/marsi/TFM/data/gen/SD_E2_HOPE/v1_8000/sdl_001194.png,284,284,,1,melanoma,,,,train,3,1,0,,,,,,,,,,,,,,,11612908317779152055,,645.2584238909185,e0dbf88b0ab2e4871323aa1a42f6df1e,
Synth,sdl_001195.png,/home/marsi/TFM/data/gen/SD_E2_HOPE/v1_8000/sdl_001195.png,284,284,,1,melanoma,,,,train,3,1,0,,,,,,,,,,,,,,,13708324774291137817,,322.27426801621914,a0f439b00a0f6cd1647eccd0c1f421b1,
Synth,sdl_001196.png,/home/marsi/TFM/data/gen/SD_E2_HOPE/v1_8000/sdl_001196.png,284,284,,1,melanoma,,,,train,3,1,0,,,,,,,,,,,,,,,12979326781748364737,,295.8585456572473,994591db7d42f6c1e4cf6411ff81ae5a,
Synth,sdl_001197.png,/home/marsi/TFM/data/gen/SD_E2_HOPE/v1_8000/sdl_001197.png,284,284,,1,melanoma,,,,train,3,1,0,,,,,,,,,,,,,,,11706435267793331554,,312.6379113160074,2c6fa3b2daccccf4d02e0d0c184583ab,
Synth,sdl_001198.png,/home/marsi/TFM/data/gen/SD_E2_HOPE/v1_8000/sdl_001198.png,284,284,,1,melanoma,,,,train,3,1,0,,,,,,,,,,,,,,,14239347796126965071,,929.1867024069652,9b27d2d0999fa3be4e048d8d12c04edb,
Synth,sdl_001199.png,/home/marsi/TFM/data/gen/SD_E2_HOPE/v1_8000/sdl_001199.png,284,284,,1,melanoma,,,,train,3,1,0,,,,,,,,,,,,,,,17040433266437479060,,357.1460954993963,c9bce88911180f3645267e55d14e3aa5,
Synth,sdl_001200.png,/home/marsi/TFM/data/gen/SD_E2_HOPE/v1_8000/sdl_001200.png,284,284,,1,melanoma,,,,train,3,1,0,,,,,,,,,,,,,,,13129903625165807224,,233.3151828311384,2ad89a814ddda122d6bb823bd87d4171,
Synth,sdl_001201.png,/home/marsi/TFM/data/gen/SD_E2_HOPE/v1_8000/sdl_001201.png,284,284,,1,melanoma,,,,train,3,1,0,,,,,,,,,,,,,,,16673381575560017101,,725.9986297748983,e314e8e0b638110fa828117c458b1ae6,
Synth,sdl_001202.png,/home/marsi/TFM/data/gen/SD_E2_HOPE/v1_8000/sdl_001202.png,284,284,,1,melanoma,,,,train,3,1,0,,,,,,,,,,,,,,,13778640236093919148,,388.3213284276426,334a89322e0067b6b3bbbfa2eb30bbde,
Synth,sdl_001203.png,/home/marsi/TFM/data/gen/SD_E2_HOPE/v1_8000/sdl_001203.png,284,284,,1,melanoma,,,,train,3,1,0,,,,,,,,,,,,,,,14485411730125837519,,471.6747319698334,5c1ea01dd7ce32b9bdce0b85992654f7,
Synth,sdl_001204.png,/home/marsi/TFM/data/gen/SD_E2_HOPE/v1_8000/sdl_001204.png,284,284,,1,melanoma,,,,train,3,1,0,,,,,,,,,,,,,,,12768150011312883579,,500.3612668514252,6aba3a2825499f43971360a0c311add0,
Synth,sdl_001205.png,/home/marsi/TFM/data/gen/SD_E2_HOPE/v1_8000/sdl_001205.png,284,284,,1,melanoma,,,,train,3,1,0,,,,,,,,,,,,,,,15076448251452738713,,281.5003745695576,6075c64fb48182d72165417c4897116e,
Synth,sdl_001206.png,/home/marsi/TFM/data/gen/SD_E2_HOPE/v1_8000/sdl_001206.png,284,284,,1,melanoma,,,,train,3,1,0,,,,,,,,,,,,,,,16385157114061832560,,315.5036978125572,5f32c9d9626204b371cb7bbdebe4e0b6,
Synth,sdl_001208.png,/home/marsi/TFM/data/gen/SD_E2_HOPE/v1_8000/sdl_001208.png,284,284,,1,melanoma,,,,train,3,1,0,,,,,,,,,,,,,,,16233672029391710153,,348.77599239349365,8d2af516b49fc8413bbf663957e3b232,
Synth,sdl_001209.png,/home/marsi/TFM/data/gen/SD_E2_HOPE/v1_8000/sdl_001209.png,284,284,,1,melanoma,,,,train,3,1,0,,,,,,,,,,,,,,,12987908300418826720,,366.8450804194436,2a5029acf6255c01dc2c8210a18bb13d,
Synth,sdl_001210.png,/home/marsi/TFM/data/gen/SD_E2_HOPE/v1_8000/sdl_001210.png,284,284,,1,melanoma,,,,train,3,1,0,,,,,,,,,,,,,,,17736731529571408732,,423.2520201792941,1892fa46b27c0d26bd1e015be2591d9e,
Synth,sdl_001211.png,/home/marsi/TFM/data/gen/SD_E2_HOPE/v1_8000/sdl_001211.png,284,284,,1,melanoma,,,,train,3,1,0,,,,,,,,,,,,,,,17673204887219423518,,909.406871303916,720b59448bc1f1c7f7f6f3d082ee9340,
Synth,sdl_001212.png,/home/marsi/TFM/data/gen/SD_E2_HOPE/v1_8000/sdl_001212.png,284,284,,1,melanoma,,,,train,3,1,0,,,,,,,,,,,,,,,13721835390333664465,,265.614283785224,6a1efe28e159bbd52ce1f222a37d8422,
Synth,sdl_001213.png,/home/marsi/TFM/data/gen/SD_E2_HOPE/v1_8000/sdl_001213.png,284,284,,1,melanoma,,,,train,3,1,0,,,,,,,,,,,,,,,10685193517807163859,,1030.5987025350332,283d9aa9ef7b0e201d8e565782cf7dfc,
Synth,sdl_001214.png,/home/marsi/TFM/data/gen/SD_E2_HOPE/v1_8000/sdl_001214.png,284,284,,1,melanoma,,,,train,3,1,0,,,,,,,,,,,,,,,13790515285784935648,,252.7688865661621,e36844a60ce0fc46e6cc7b58b5bb1c8d,
Synth,sdl_001215.png,/home/marsi/TFM/data/gen/SD_E2_HOPE/v1_8000/sdl_001215.png,284,284,,1,melanoma,,,,train,3,1,0,,,,,,,,,,,,,,,13059261218970945253,,329.07682633027434,209b457fddfd29c06aad59198d9714b4,
Synth,sdl_001216.png,/home/marsi/TFM/data/gen/SD_E2_HOPE/v1_8000/sdl_001216.png,284,284,,1,melanoma,,,,train,3,1,0,,,,,,,,,,,,,,,14792408972588578099,,1303.7161388248203,0b83871d213570431b9c2337ec72accd,
Synth,sdl_001217.png,/home/marsi/TFM/data/gen/SD_E2_HOPE/v1_8000/sdl_001217.png,284,284,,1,melanoma,,,,train,3,1,0,,,,,,,,,,,,,,,16307135371084511637,,8876.657034751028,1c3e36d78fefe6b453450f9e0a484573,
Synth,sdl_001218.png,/home/marsi/TFM/data/gen/SD_E2_HOPE/v1_8000/sdl_001218.png,284,284,,1,melanoma,,,,train,3,1,0,,,,,,,,,,,,,,,12737250930037175437,,364.6647522710264,1ab07f05fb5c2c54f26d1c025f888667,
Synth,sdl_001219.png,/home/marsi/TFM/data/gen/SD_E2_HOPE/v1_8000/sdl_001219.png,284,284,,1,melanoma,,,,train,3,1,0,,,,,,,,,,,,,,,16298973243196203437,,670.4804028868675,333bc6f5e51bcb8dfa3f0da67d9b2115,
Synth,sdl_001220.png,/home/marsi/TFM/data/gen/SD_E2_HOPE/v1_8000/sdl_001220.png,284,284,,1,melanoma,,,,train,3,1,0,,,,,,,,,,,,,,,13493844089028492483,,432.5436221426353,5e62a6dbda2875a0fd377d295dcaad0e,
Synth,sdl_001221.png,/home/marsi/TFM/data/gen/SD_E2_HOPE/v1_8000/sdl_001221.png,284,284,,1,melanoma,,,,train,3,1,0,,,,,,,,,,,,,,,12781716703584915817,,278.4655122673139,8a0484e8dbb0e4620261d8287ded1ad3,
Synth,sdl_001222.png,/home/marsi/TFM/data/gen/SD_E2_HOPE/v1_8000/sdl_001222.png,284,284,,1,melanoma,,,,train,3,1,0,,,,,,,,,,,,,,,13132437005646779022,,271.52012575324625,dae380f1f8998f96187ae2dc80c84d03,
Synth,sdl_001223.png,/home/marsi/TFM/data/gen/SD_E2_HOPE/v1_8000/sdl_001223.png,284,284,,1,melanoma,,,,train,3,1,0,,,,,,,,,,,,,,,12637892913709863417,,461.0480689471588,104ac91e58029a2df0c8b5441d8a95bc,
Synth,sdl_001224.png,/home/marsi/TFM/data/gen/SD_E2_HOPE/v1_8000/sdl_001224.png,284,284,,1,melanoma,,,,train,3,1,0,,,,,,,,,,,,,,,13951320630952336615,,611.323695525527,481479d6359ba0381ed1836581d71c48,
Synth,sdl_001226.png,/home/marsi/TFM/data/gen/SD_E2_HOPE/v1_8000/sdl_001226.png,284,284,,1,melanoma,,,,train,3,1,0,,,,,,,,,,,,,,,11175907941589017065,,1324.7690094672143,6006d7737877ac18a5f2012c6bf8434d,
Synth,sdl_001227.png,/home/marsi/TFM/data/gen/SD_E2_HOPE/v1_8000/sdl_001227.png,284,284,,1,melanoma,,,,train,3,1,0,,,,,,,,,,,,,,,16742837155984060606,,569.7131037032232,aeb05766f094a7903fbe77eb026c11d7,
Synth,sdl_001229.png,/home/marsi/TFM/data/gen/SD_E2_HOPE/v1_8000/sdl_001229.png,284,284,,1,melanoma,,,,train,3,1,0,,,,,,,,,,,,,,,13097822449359414583,,376.33905735239387,4b48b7bf4505ae44415947293e7364c9,
Synth,sdl_001230.png,/home/marsi/TFM/data/gen/SD_E2_HOPE/v1_8000/sdl_001230.png,284,284,,1,melanoma,,,,train,3,1,0,,,,,,,,,,,,,,,13059244783491945134,,582.6132506728172,07bfb2495e5fbfc2337c5f99c1075de4,
Synth,sdl_001231.png,/home/marsi/TFM/data/gen/SD_E2_HOPE/v1_8000/sdl_001231.png,284,284,,1,melanoma,,,,train,3,1,0,,,,,,,,,,,,,,,16889489935193820122,,383.00463734567165,7b71b2ffe7fdeb93bb6ef40dc6e8132a,
Synth,sdl_001232.png,/home/marsi/TFM/data/gen/SD_E2_HOPE/v1_8000/sdl_001232.png,284,284,,1,melanoma,,,,train,3,1,0,,,,,,,,,,,,,,,17951230985205817506,,660.5199037035927,e1e4e52f17f1bf1cf788f02772b59223,
Synth,sdl_001233.png,/home/marsi/TFM/data/gen/SD_E2_HOPE/v1_8000/sdl_001233.png,284,284,,1,melanoma,,,,train,3,1,0,,,,,,,,,,,,,,,9600357076184689812,,800.0070192283019,7864fd3a2c5e51586ee098edc7138bf1,
Synth,sdl_001234.png,/home/marsi/TFM/data/gen/SD_E2_HOPE/v1_8000/sdl_001234.png,284,284,,1,melanoma,,,,train,3,1,0,,,,,,,,,,,,,,,11847213632641592735,,1508.498949944973,cf15d6ecf0f451c169294feb2d6d27b9,
Synth,sdl_001235.png,/home/marsi/TFM/data/gen/SD_E2_HOPE/v1_8000/sdl_001235.png,284,284,,1,melanoma,,,,train,3,1,0,,,,,,,,,,,,,,,14066479522696149351,,923.662042341195,a64018dd482f7e7b24b6923aff3cf802,
Synth,sdl_001236.png,/home/marsi/TFM/data/gen/SD_E2_HOPE/v1_8000/sdl_001236.png,284,284,,1,melanoma,,,,train,3,1,0,,,,,,,,,,,,,,,13480876204685448388,,390.9975115917623,002aeff623a55a1d57a9e880417d3065,
Synth,sdl_001237.png,/home/marsi/TFM/data/gen/SD_E2_HOPE/v1_8000/sdl_001237.png,284,284,,1,melanoma,,,,train,3,1,0,,,,,,,,,,,,,,,16982968734162656346,,318.90197275578976,33aa65c44ac27df08c9cde53480fe5fe,
Synth,sdl_001238.png,/home/marsi/TFM/data/gen/SD_E2_HOPE/v1_8000/sdl_001238.png,284,284,,1,melanoma,,,,train,3,1,0,,,,,,,,,,,,,,,16759468038015514772,,398.5920931538567,81517c47c0a06fbb0220feb1902d660f,
Synth,sdl_001239.png,/home/marsi/TFM/data/gen/SD_E2_HOPE/v1_8000/sdl_001239.png,284,284,,1,melanoma,,,,train,3,1,0,,,,,,,,,,,,,,,10511055618240572872,,545.8495837068185,52df768454626b8747ce368bf168aa76,
Synth,sdl_001240.png,/home/marsi/TFM/data/gen/SD_E2_HOPE/v1_8000/sdl_001240.png,284,284,,1,melanoma,,,,train,3,1,0,,,,,,,,,,,,,,,13776448262834000580,,1915.1148625826463,0d80b7595ce899a91eb0138222bbf9c9,
Synth,sdl_001241.png,/home/marsi/TFM/data/gen/SD_E2_HOPE/v1_8000/sdl_001241.png,284,284,,1,melanoma,,,,train,3,1,0,,,,,,,,,,,,,,,12694186696481067877,,318.64755043014884,840be2c2573d81f2a0333b2d6eb52857,
Synth,sdl_001242.png,/home/marsi/TFM/data/gen/SD_E2_HOPE/v1_8000/sdl_001242.png,284,284,,1,melanoma,,,,train,3,1,0,,,,,,,,,,,,,,,17878313748842924638,,690.7207809351385,e66d25459a7705321e8c59224a80f452,
Synth,sdl_001244.png,/home/marsi/TFM/data/gen/SD_E2_HOPE/v1_8000/sdl_001244.png,284,284,,1,melanoma,,,,train,3,1,0,,,,,,,,,,,,,,,13649214837690497661,,336.69168351590633,e595322ee93af7e0eab1b4edb9bb4452,
Synth,sdl_001245.png,/home/marsi/TFM/data/gen/SD_E2_HOPE/v1_8000/sdl_001245.png,284,284,,1,melanoma,,,,train,3,1,0,,,,,,,,,,,,,,,18426127064014432268,,757.3640173217282,edc68fa24900d1b19b4c8ce835582b12,
Synth,sdl_001246.png,/home/marsi/TFM/data/gen/SD_E2_HOPE/v1_8000/sdl_001246.png,284,284,,1,melanoma,,,,train,3,1,0,,,,,,,,,,,,,,,12040607968435001235,,771.6463455697522,479f9b2e41fbc1f65203d5c4ecbd3599,
Synth,sdl_001247.png,/home/marsi/TFM/data/gen/SD_E2_HOPE/v1_8000/sdl_001247.png,284,284,,1,melanoma,,,,train,3,1,0,,,,,,,,,,,,,,,17089125457807612818,,358.4141068309545,d2d7a6c212aa4bb634fb06138e41b665,
Synth,sdl_001248.png,/home/marsi/TFM/data/gen/SD_E2_HOPE/v1_8000/sdl_001248.png,284,284,,1,melanoma,,,,train,3,1,0,,,,,,,,,,,,,,,9489385738223777635,,2562.502058765851,c826c45550d4631ef2caa1b59c25e85e,
Synth,sdl_001249.png,/home/marsi/TFM/data/gen/SD_E2_HOPE/v1_8000/sdl_001249.png,284,284,,1,melanoma,,,,train,3,1,0,,,,,,,,,,,,,,,12397996292732854722,,754.5689644217491,83315e7c92a54f61882febd40e7f8fc4,
Synth,sdl_001250.png,/home/marsi/TFM/data/gen/SD_E2_HOPE/v1_8000/sdl_001250.png,284,284,,1,melanoma,,,,train,3,1,0,,,,,,,,,,,,,,,12912322394505925177,,268.60601806640625,4c7237f79e201aa7c4cc282b136ad15e,
Synth,sdl_001251.png,/home/marsi/TFM/data/gen/SD_E2_HOPE/v1_8000/sdl_001251.png,284,284,,1,melanoma,,,,train,3,1,0,,,,,,,,,,,,,,,18031152731482057112,,332.56359075009823,73a5dabdd6932e90e9202fe610df3b19,
Synth,sdl_001252.png,/home/marsi/TFM/data/gen/SD_E2_HOPE/v1_8000/sdl_001252.png,284,284,,1,melanoma,,,,train,3,1,0,,,,,,,,,,,,,,,14716949839527699609,,610.9370798915625,f100cf4f1a768b2ca630ecdc965e861c,
Synth,sdl_001253.png,/home/marsi/TFM/data/gen/SD_E2_HOPE/v1_8000/sdl_001253.png,284,284,,1,melanoma,,,,train,3,1,0,,,,,,,,,,,,,,,16171165908983243884,,372.69692574441433,07625f540f74c4b00d4db3b161f8bd75,
Synth,sdl_001254.png,/home/marsi/TFM/data/gen/SD_E2_HOPE/v1_8000/sdl_001254.png,284,284,,1,melanoma,,,,train,3,1,0,,,,,,,,,,,,,,,12637613597850802540,,325.55331906303763,36bf448b4a3052153c92b495386816cf,
Synth,sdl_001255.png,/home/marsi/TFM/data/gen/SD_E2_HOPE/v1_8000/sdl_001255.png,284,284,,1,melanoma,,,,train,3,1,0,,,,,,,,,,,,,,,16916528710671760300,,246.64224652107805,c6ca612d02db7dbd66a24848b0d2fc88,
Synth,sdl_001256.png,/home/marsi/TFM/data/gen/SD_E2_HOPE/v1_8000/sdl_001256.png,284,284,,1,melanoma,,,,train,3,1,0,,,,,,,,,,,,,,,12335808459300423900,,716.2967155938968,f3dc36b58c4ba6ff21f4daf3bd9225bd,
Synth,sdl_001257.png,/home/marsi/TFM/data/gen/SD_E2_HOPE/v1_8000/sdl_001257.png,284,284,,1,melanoma,,,,train,3,1,0,,,,,,,,,,,,,,,13558020502300081268,,289.3168968921527,32a661af1d2980c81cc36b64df4ee44d,
Synth,sdl_001258.png,/home/marsi/TFM/data/gen/SD_E2_HOPE/v1_8000/sdl_001258.png,284,284,,1,melanoma,,,,train,3,1,0,,,,,,,,,,,,,,,13413901613217093087,,563.0379531234503,afeec7779a5be0f31aec5fb8b52f2dfd,
Synth,sdl_001259.png,/home/marsi/TFM/data/gen/SD_E2_HOPE/v1_8000/sdl_001259.png,284,284,,1,melanoma,,,,train,3,1,0,,,,,,,,,,,,,,,13707991829440456908,,302.9671794436872,40acf1121d9e7ffc7df00c1f1c8858e1,
Synth,sdl_001260.png,/home/marsi/TFM/data/gen/SD_E2_HOPE/v1_8000/sdl_001260.png,284,284,,1,melanoma,,,,train,3,1,0,,,,,,,,,,,,,,,17380172480331527731,,257.9616335025057,3c87086fe1a50f3b65b89d7762e26125,
Synth,sdl_001261.png,/home/marsi/TFM/data/gen/SD_E2_HOPE/v1_8000/sdl_001261.png,284,284,,1,melanoma,,,,train,3,1,0,,,,,,,,,,,,,,,16172027891974476204,,1070.5922071896491,04927e159594ae92fb928de0c8545b72,
Synth,sdl_001263.png,/home/marsi/TFM/data/gen/SD_E2_HOPE/v1_8000/sdl_001263.png,284,284,,1,melanoma,,,,train,3,1,0,,,,,,,,,,,,,,,16803939889331922227,,245.5177189772949,33ea154d8e28692069b6a10c74832904,
Synth,sdl_001264.png,/home/marsi/TFM/data/gen/SD_E2_HOPE/v1_8000/sdl_001264.png,284,284,,1,melanoma,,,,train,3,1,0,,,,,,,,,,,,,,,16386229117312896871,,281.7035948848352,f10db5021e15c3e62273fe335432ccf1,
Synth,sdl_001265.png,/home/marsi/TFM/data/gen/SD_E2_HOPE/v1_8000/sdl_001265.png,284,284,,1,melanoma,,,,train,3,1,0,,,,,,,,,,,,,,,16725390191217794635,,259.53449895605445,603dec95ec25ec73a45859d2904ce075,
Synth,sdl_001266.png,/home/marsi/TFM/data/gen/SD_E2_HOPE/v1_8000/sdl_001266.png,284,284,,1,melanoma,,,,train,3,1,0,,,,,,,,,,,,,,,13704384022569961867,,544.9691065810621,9e82c7f047f0e49675aea40dccc09586,
Synth,sdl_001267.png,/home/marsi/TFM/data/gen/SD_E2_HOPE/v1_8000/sdl_001267.png,284,284,,1,melanoma,,,,train,3,1,0,,,,,,,,,,,,,,,16552202009518297491,,1705.7008943408728,1d67a7910c41f36fa793328e97e54bf7,
Synth,sdl_001268.png,/home/marsi/TFM/data/gen/SD_E2_HOPE/v1_8000/sdl_001268.png,284,284,,1,melanoma,,,,train,3,1,0,,,,,,,,,,,,,,,17223901699018823912,,18738.26028060913,3009058ad9c858bfbe04b79bf02babee,
Synth,sdl_001269.png,/home/marsi/TFM/data/gen/SD_E2_HOPE/v1_8000/sdl_001269.png,284,284,,1,melanoma,,,,train,3,1,0,,,,,,,,,,,,,,,13719868931694225866,,360.4768415056169,802e3f784b6b53ec0fda1b6b0676a99e,
Synth,sdl_001270.png,/home/marsi/TFM/data/gen/SD_E2_HOPE/v1_8000/sdl_001270.png,284,284,,1,melanoma,,,,train,3,1,0,,,,,,,,,,,,,,,12064229244219913038,,411.3574914894998,ac4f13c9d9a8678e7c4c6b1a36b92847,
Synth,sdl_001271.png,/home/marsi/TFM/data/gen/SD_E2_HOPE/v1_8000/sdl_001271.png,284,284,,1,melanoma,,,,train,3,1,0,,,,,,,,,,,,,,,17878610753052166117,,830.6950639151037,013baf5c8f6f2b4b94f6aef5b20a72ac,
Synth,sdl_001272.png,/home/marsi/TFM/data/gen/SD_E2_HOPE/v1_8000/sdl_001272.png,284,284,,1,melanoma,,,,train,3,1,0,,,,,,,,,,,,,,,10963810236926423419,,1371.691501638852,83febf25d6f1cdb515be9e029b9ecd29,
Synth,sdl_001273.png,/home/marsi/TFM/data/gen/SD_E2_HOPE/v1_8000/sdl_001273.png,284,284,,1,melanoma,,,,train,3,1,0,,,,,,,,,,,,,,,13639084625141778893,,254.80612848699093,791d42bce444be80abec21b37c59d568,
Synth,sdl_001274.png,/home/marsi/TFM/data/gen/SD_E2_HOPE/v1_8000/sdl_001274.png,284,284,,1,melanoma,,,,train,3,1,0,,,,,,,,,,,,,,,18184556409256091931,,447.3676364561543,b44fa26dc0f0839097b2b28b8777eab0,
Synth,sdl_001275.png,/home/marsi/TFM/data/gen/SD_E2_HOPE/v1_8000/sdl_001275.png,284,284,,1,melanoma,,,,train,3,1,0,,,,,,,,,,,,,,,18192503611840743704,,421.0005486672744,ebc588b76c1ce805e264e0b2932f9fe9,
Synth,sdl_001276.png,/home/marsi/TFM/data/gen/SD_E2_HOPE/v1_8000/sdl_001276.png,284,284,,1,melanoma,,,,train,3,1,0,,,,,,,,,,,,,,,12638178096644491738,,443.3323405943811,25ef65bda7ed629702e910d89d7a4e83,
Synth,sdl_001277.png,/home/marsi/TFM/data/gen/SD_E2_HOPE/v1_8000/sdl_001277.png,284,284,,1,melanoma,,,,train,3,1,0,,,,,,,,,,,,,,,12265432399664195062,,721.1037762304768,b54a27b95a5f6dd145698f60c09d0719,
Synth,sdl_001278.png,/home/marsi/TFM/data/gen/SD_E2_HOPE/v1_8000/sdl_001278.png,284,284,,1,melanoma,,,,train,3,1,0,,,,,,,,,,,,,,,13564156525823609539,,544.9512901306152,da709af5e5aaf02cbcbddb0793f215e8,
Synth,sdl_001279.png,/home/marsi/TFM/data/gen/SD_E2_HOPE/v1_8000/sdl_001279.png,284,284,,1,melanoma,,,,train,3,1,0,,,,,,,,,,,,,,,13047724618411368759,,444.8654851913452,c546556a6018e578fe50abfdcac1a2a3,
Synth,sdl_001280.png,/home/marsi/TFM/data/gen/SD_E2_HOPE/v1_8000/sdl_001280.png,284,284,,1,melanoma,,,,train,3,1,0,,,,,,,,,,,,,,,13071065244525361432,,233.76968356594443,58170ebd6c7b800772190e123bcb4715,
Synth,sdl_001281.png,/home/marsi/TFM/data/gen/SD_E2_HOPE/v1_8000/sdl_001281.png,284,284,,1,melanoma,,,,train,3,1,0,,,,,,,,,,,,,,,16371593200866447245,,675.9191007018089,114ce0da38f77c387775930c06729b0c,
Synth,sdl_001282.png,/home/marsi/TFM/data/gen/SD_E2_HOPE/v1_8000/sdl_001282.png,284,284,,1,melanoma,,,,train,3,1,0,,,,,,,,,,,,,,,13771938326250874886,,287.79863860365003,895cf90e8420cbfa1e9d49d218d3060f,
Synth,sdl_001283.png,/home/marsi/TFM/data/gen/SD_E2_HOPE/v1_8000/sdl_001283.png,284,284,,1,melanoma,,,,train,3,1,0,,,,,,,,,,,,,,,18259493464055076285,,5919.282959487289,c47416b19036a446ba231f303fdbb514,
Synth,sdl_001284.png,/home/marsi/TFM/data/gen/SD_E2_HOPE/v1_8000/sdl_001284.png,284,284,,1,melanoma,,,,train,3,1,0,,,,,,,,,,,,,,,16747413346837008795,,528.0898120841011,1e6d145bf378441cde79a73caf6452db,
Synth,sdl_001285.png,/home/marsi/TFM/data/gen/SD_E2_HOPE/v1_8000/sdl_001285.png,284,284,,1,melanoma,,,,train,3,1,0,,,,,,,,,,,,,,,16532592840302343532,,375.1807386726141,69bdaab14166a893e278617342308832,
Synth,sdl_001286.png,/home/marsi/TFM/data/gen/SD_E2_HOPE/v1_8000/sdl_001286.png,284,284,,1,melanoma,,,,train,3,1,0,,,,,,,,,,,,,,,17303612329028186533,,309.9787046574056,d6bf649e76da1602017886e25d9d48ba,
Synth,sdl_001287.png,/home/marsi/TFM/data/gen/SD_E2_HOPE/v1_8000/sdl_001287.png,284,284,,1,melanoma,,,,train,3,1,0,,,,,,,,,,,,,,,16746247744713024422,,259.76784497406334,5fde2e92225610b7cd95620c880e5750,
Synth,sdl_001288.png,/home/marsi/TFM/data/gen/SD_E2_HOPE/v1_8000/sdl_001288.png,284,284,,1,melanoma,,,,train,3,1,0,,,,,,,,,,,,,,,13344043615860279510,,1273.3423752188685,5a592eb6ab508269d467250d12779202,
Synth,sdl_001289.png,/home/marsi/TFM/data/gen/SD_E2_HOPE/v1_8000/sdl_001289.png,284,284,,1,melanoma,,,,train,3,1,0,,,,,,,,,,,,,,,16171179169130571186,,624.974257286638,dc940f3155b5197bd5605fa83e0b07c5,
Synth,sdl_001290.png,/home/marsi/TFM/data/gen/SD_E2_HOPE/v1_8000/sdl_001290.png,284,284,,1,melanoma,,,,train,3,1,0,,,,,,,,,,,,,,,18031715549602005721,,495.4993824362755,5038087c27385c706750ed742a17cb5a,
Synth,sdl_001291.png,/home/marsi/TFM/data/gen/SD_E2_HOPE/v1_8000/sdl_001291.png,284,284,,1,melanoma,,,,train,3,1,0,,,,,,,,,,,,,,,12985781861033298044,,274.2027995251119,c5aead08f8143b15532f88cff024d63b,
Synth,sdl_001292.png,/home/marsi/TFM/data/gen/SD_E2_HOPE/v1_8000/sdl_001292.png,284,284,,1,melanoma,,,,train,3,1,0,,,,,,,,,,,,,,,12257564416417883057,,464.1845403760672,f61d80a9b0879a0cd24f8016fa37722b,
Synth,sdl_001293.png,/home/marsi/TFM/data/gen/SD_E2_HOPE/v1_8000/sdl_001293.png,284,284,,1,melanoma,,,,train,3,1,0,,,,,,,,,,,,,,,13722615136510632251,,506.7654372891411,41d56d33ec16dd0aac40ac3d8446f0fe,
Synth,sdl_001294.png,/home/marsi/TFM/data/gen/SD_E2_HOPE/v1_8000/sdl_001294.png,284,284,,1,melanoma,,,,train,3,1,0,,,,,,,,,,,,,,,16742577909178058299,,750.3583454489708,e264cbce86c03a1f7322ebd07f134c45,
Synth,sdl_001295.png,/home/marsi/TFM/data/gen/SD_E2_HOPE/v1_8000/sdl_001295.png,284,284,,1,melanoma,,,,train,3,1,0,,,,,,,,,,,,,,,16745370104219026283,,880.9674178650603,3f16c0779e37ec2c82137dc56f107904,
Synth,sdl_001296.png,/home/marsi/TFM/data/gen/SD_E2_HOPE/v1_8000/sdl_001296.png,284,284,,1,melanoma,,,,train,3,1,0,,,,,,,,,,,,,,,17018687192049077051,,283.2218191474676,621ce6edcce4432f5b07c690b2578bf5,
Synth,sdl_001297.png,/home/marsi/TFM/data/gen/SD_E2_HOPE/v1_8000/sdl_001297.png,284,284,,1,melanoma,,,,train,3,1,0,,,,,,,,,,,,,,,13143968299318066725,,300.99117293581367,d86fc4f6f3ce8485cff7d2605d554598,
Synth,sdl_001298.png,/home/marsi/TFM/data/gen/SD_E2_HOPE/v1_8000/sdl_001298.png,284,284,,1,melanoma,,,,train,3,1,0,,,,,,,,,,,,,,,10678252205579653437,,676.638830896467,f59769fae2f1c8f74616e73c8dc26844,
Synth,sdl_001299.png,/home/marsi/TFM/data/gen/SD_E2_HOPE/v1_8000/sdl_001299.png,284,284,,1,melanoma,,,,train,3,1,0,,,,,,,,,,,,,,,16963582366706129111,,853.0321296714246,e6d34347819ed1803f9884c45acf7915,
Synth,sdl_001300.png,/home/marsi/TFM/data/gen/SD_E2_HOPE/v1_8000/sdl_001300.png,284,284,,1,melanoma,,,,train,3,1,0,,,,,,,,,,,,,,,17375677427823822475,,245.30389748513696,bbbbfb7e5a91b5564f2f5cd875530537,
Synth,sdl_001301.png,/home/marsi/TFM/data/gen/SD_E2_HOPE/v1_8000/sdl_001301.png,284,284,,1,melanoma,,,,train,3,1,0,,,,,,,,,,,,,,,16247463470437959130,,368.4754041992128,e965012d3c2501d6192f735a3e2391c8,
Synth,sdl_001302.png,/home/marsi/TFM/data/gen/SD_E2_HOPE/v1_8000/sdl_001302.png,284,284,,1,melanoma,,,,train,3,1,0,,,,,,,,,,,,,,,17670387190873017892,,454.774488969706,cb74d734c4fc3ccddf62f99a0a45e060,
Synth,sdl_001303.png,/home/marsi/TFM/data/gen/SD_E2_HOPE/v1_8000/sdl_001303.png,284,284,,1,melanoma,,,,train,3,1,0,,,,,,,,,,,,,,,10518525051892956291,,245.78269266709685,2ba9004c8d706a15b67ee12f13c0994d,
Synth,sdl_001304.png,/home/marsi/TFM/data/gen/SD_E2_HOPE/v1_8000/sdl_001304.png,284,284,,1,melanoma,,,,train,3,1,0,,,,,,,,,,,,,,,17376160438911591802,,424.9956324240193,b67279dafc3fce1b93a22ea6580d5401,
Synth,sdl_001305.png,/home/marsi/TFM/data/gen/SD_E2_HOPE/v1_8000/sdl_001305.png,284,284,,1,melanoma,,,,train,3,1,0,,,,,,,,,,,,,,,13767381855338809572,,239.9703341089189,e39e2a882614f8225ed953051f71d652,
Synth,sdl_001306.png,/home/marsi/TFM/data/gen/SD_E2_HOPE/v1_8000/sdl_001306.png,284,284,,1,melanoma,,,,train,3,1,0,,,,,,,,,,,,,,,13419255486850081942,,476.03922057151794,86f197f5078e0380d2b23b1d26d42904,
Synth,sdl_001307.png,/home/marsi/TFM/data/gen/SD_E2_HOPE/v1_8000/sdl_001307.png,284,284,,1,melanoma,,,,train,3,1,0,,,,,,,,,,,,,,,13060934933836490061,,763.4580585323274,874f9942be07bb92eda139bcc40e2443,
Synth,sdl_001308.png,/home/marsi/TFM/data/gen/SD_E2_HOPE/v1_8000/sdl_001308.png,284,284,,1,melanoma,,,,train,3,1,0,,,,,,,,,,,,,,,17351955485848462041,,274.0010444186628,751a63b0e4267483f22e920a84752a82,
Synth,sdl_001310.png,/home/marsi/TFM/data/gen/SD_E2_HOPE/v1_8000/sdl_001310.png,284,284,,1,melanoma,,,,train,3,1,0,,,,,,,,,,,,,,,13015058987983705033,,322.8035023473203,01b708591acfcd9bdb98f79ea3052644,
Synth,sdl_001311.png,/home/marsi/TFM/data/gen/SD_E2_HOPE/v1_8000/sdl_001311.png,284,284,,1,melanoma,,,,train,3,1,0,,,,,,,,,,,,,,,13056731234590745628,,247.27186303958297,bef734afbd293820a6b7708a7e44f9a8,
Synth,sdl_001312.png,/home/marsi/TFM/data/gen/SD_E2_HOPE/v1_8000/sdl_001312.png,284,284,,1,melanoma,,,,train,3,1,0,,,,,,,,,,,,,,,13502848920373042319,,318.4394567748532,3666a0874ffd51af70cd94d6e2d91350,
Synth,sdl_001313.png,/home/marsi/TFM/data/gen/SD_E2_HOPE/v1_8000/sdl_001313.png,284,284,,1,melanoma,,,,train,3,1,0,,,,,,,,,,,,,,,12988317418762916009,,701.6601697644219,bedcafdc57ea5668efa9358eaf43b6ff,
Synth,sdl_001314.png,/home/marsi/TFM/data/gen/SD_E2_HOPE/v1_8000/sdl_001314.png,284,284,,1,melanoma,,,,train,3,1,0,,,,,,,,,,,,,,,16450414899220065368,,242.0943827033043,6860a11ac27573aa46b4840a7e247681,
Synth,sdl_001315.png,/home/marsi/TFM/data/gen/SD_E2_HOPE/v1_8000/sdl_001315.png,284,284,,1,melanoma,,,,train,3,1,0,,,,,,,,,,,,,,,13044343415576424974,,380.143812908791,df954f2fce561b32b5a07ee6fad345b2,
Synth,sdl_001316.png,/home/marsi/TFM/data/gen/SD_E2_HOPE/v1_8000/sdl_001316.png,284,284,,1,melanoma,,,,train,3,1,0,,,,,,,,,,,,,,,13646417690848086984,,444.9732260070741,8130834eedd9043015f4aaf223b9294b,
Synth,sdl_001317.png,/home/marsi/TFM/data/gen/SD_E2_HOPE/v1_8000/sdl_001317.png,284,284,,1,melanoma,,,,train,3,1,0,,,,,,,,,,,,,,,13582171612538484547,,529.9518549283966,de9ec6b378687d78fd3c445dce651683,
Synth,sdl_001318.png,/home/marsi/TFM/data/gen/SD_E2_HOPE/v1_8000/sdl_001318.png,284,284,,1,melanoma,,,,train,3,1,0,,,,,,,,,,,,,,,12210037652087521219,,601.1257942756638,4f1d9b3d257ad1b223f2cfa133bd1949,
Synth,sdl_001320.png,/home/marsi/TFM/data/gen/SD_E2_HOPE/v1_8000/sdl_001320.png,284,284,,1,melanoma,,,,train,3,1,0,,,,,,,,,,,,,,,17204741359395161061,,402.2392014861107,6c8d6808379b15bbe81ff5de0f3096bc,
Synth,sdl_001321.png,/home/marsi/TFM/data/gen/SD_E2_HOPE/v1_8000/sdl_001321.png,284,284,,1,melanoma,,,,train,3,1,0,,,,,,,,,,,,,,,13921199977506243559,,725.1256826063618,9192c142e544b2ae5c709cf3e2f02860,
Synth,sdl_001322.png,/home/marsi/TFM/data/gen/SD_E2_HOPE/v1_8000/sdl_001322.png,284,284,,1,melanoma,,,,train,3,1,0,,,,,,,,,,,,,,,17459758340344341323,,358.7621247610077,4139cc2915676db433c45d75cf49ff11,
Synth,sdl_001325.png,/home/marsi/TFM/data/gen/SD_E2_HOPE/v1_8000/sdl_001325.png,284,284,,1,melanoma,,,,train,3,1,0,,,,,,,,,,,,,,,14021965340284179382,,687.310132949613,9540bae667eb4811342ef0ae334e3946,
Synth,sdl_001326.png,/home/marsi/TFM/data/gen/SD_E2_HOPE/v1_8000/sdl_001326.png,284,284,,1,melanoma,,,,train,3,1,0,,,,,,,,,,,,,,,13627541046627624343,,247.76916122436523,69dae8cdf8994bb281e9554ca6e6dc27,
Synth,sdl_001327.png,/home/marsi/TFM/data/gen/SD_E2_HOPE/v1_8000/sdl_001327.png,284,284,,1,melanoma,,,,train,3,1,0,,,,,,,,,,,,,,,16183616509760792371,,2568.101059696637,a2abc3a08d3296adbd04135852649fde,
Synth,sdl_001328.png,/home/marsi/TFM/data/gen/SD_E2_HOPE/v1_8000/sdl_001328.png,284,284,,1,melanoma,,,,train,3,1,0,,,,,,,,,,,,,,,17163149875291297945,,404.0269180452451,268271e12869bcfabbc1989a27773a4f,
Synth,sdl_001329.png,/home/marsi/TFM/data/gen/SD_E2_HOPE/v1_8000/sdl_001329.png,284,284,,1,melanoma,,,,train,3,1,0,,,,,,,,,,,,,,,13630092530292036294,,619.8120225211605,f5a739bd665afd2c7fade8e4405920e8,
Synth,sdl_001330.png,/home/marsi/TFM/data/gen/SD_E2_HOPE/v1_8000/sdl_001330.png,284,284,,1,melanoma,,,,train,3,1,0,,,,,,,,,,,,,,,16313035778279297913,,391.0058578848839,fc45947f76d633022154542060d286ca,
Synth,sdl_001331.png,/home/marsi/TFM/data/gen/SD_E2_HOPE/v1_8000/sdl_001331.png,284,284,,1,melanoma,,,,train,3,1,0,,,,,,,,,,,,,,,13051924728935259807,,466.6202688878402,8d38db96f4b57e97f01012e39d69a7e3,
Synth,sdl_001332.png,/home/marsi/TFM/data/gen/SD_E2_HOPE/v1_8000/sdl_001332.png,284,284,,1,melanoma,,,,train,3,1,0,,,,,,,,,,,,,,,16164412452267860175,,649.8939616596326,ea1a030ef0e733d473d64d2916104e9f,
Synth,sdl_001334.png,/home/marsi/TFM/data/gen/SD_E2_HOPE/v1_8000/sdl_001334.png,284,284,,1,melanoma,,,,train,3,1,0,,,,,,,,,,,,,,,16443095023993253315,,326.6219343803823,0d0f72d23119ddde70ff19b67e96c2d3,
Synth,sdl_001335.png,/home/marsi/TFM/data/gen/SD_E2_HOPE/v1_8000/sdl_001335.png,284,284,,1,melanoma,,,,train,3,1,0,,,,,,,,,,,,,,,17470449967311634629,,670.1109775863588,a5e8cae91a8a55a727f32b5d9e26c897,
Synth,sdl_001338.png,/home/marsi/TFM/data/gen/SD_E2_HOPE/v1_8000/sdl_001338.png,284,284,,1,melanoma,,,,train,3,1,0,,,,,,,,,,,,,,,13218295319748057228,,353.1225911742076,5d170bf21f748a7a41bab110eda55037,
Synth,sdl_001339.png,/home/marsi/TFM/data/gen/SD_E2_HOPE/v1_8000/sdl_001339.png,284,284,,1,melanoma,,,,train,3,1,0,,,,,,,,,,,,,,,17231828564989261206,,534.5484943231568,9466f9a0674e887e58c494840b109c38,
Synth,sdl_001340.png,/home/marsi/TFM/data/gen/SD_E2_HOPE/v1_8000/sdl_001340.png,284,284,,1,melanoma,,,,train,3,1,0,,,,,,,,,,,,,,,16891806421214269424,,1267.476088192314,ef8a61cc9d3838f7b90a51bf19b80cce,
Synth,sdl_001341.png,/home/marsi/TFM/data/gen/SD_E2_HOPE/v1_8000/sdl_001341.png,284,284,,1,melanoma,,,,train,3,1,0,,,,,,,,,,,,,,,17886193007073273433,,509.2665232270956,d73e98cb61f2a401650e16d98d1dab5c,
Synth,sdl_001342.png,/home/marsi/TFM/data/gen/SD_E2_HOPE/v1_8000/sdl_001342.png,284,284,,1,melanoma,,,,train,3,1,0,,,,,,,,,,,,,,,17264971760191814241,,438.0531744649634,9e686754641cbba01ecb25cc8d8129d5,
Synth,sdl_001343.png,/home/marsi/TFM/data/gen/SD_E2_HOPE/v1_8000/sdl_001343.png,284,284,,1,melanoma,,,,train,3,1,0,,,,,,,,,,,,,,,12284382837198218331,,1356.412028609775,14bbe92175daaa149a8b79f3f625535e,
Synth,sdl_001344.png,/home/marsi/TFM/data/gen/SD_E2_HOPE/v1_8000/sdl_001344.png,284,284,,1,melanoma,,,,train,3,1,0,,,,,,,,,,,,,,,9417658661332195739,,2025.8889908036217,55d7cb27dec1aead9532278588a86020,
Synth,sdl_001345.png,/home/marsi/TFM/data/gen/SD_E2_HOPE/v1_8000/sdl_001345.png,284,284,,1,melanoma,,,,train,3,1,0,,,,,,,,,,,,,,,12915904749068050680,,291.15741208102554,6520bbb1c7054a37876518ab9adb15f6,
Synth,sdl_001346.png,/home/marsi/TFM/data/gen/SD_E2_HOPE/v1_8000/sdl_001346.png,284,284,,1,melanoma,,,,train,3,1,0,,,,,,,,,,,,,,,16601254196827334889,,476.84228202328086,198cc7a8fa5a61a8db1064ec0866d0c7,
Synth,sdl_001347.png,/home/marsi/TFM/data/gen/SD_E2_HOPE/v1_8000/sdl_001347.png,284,284,,1,melanoma,,,,train,3,1,0,,,,,,,,,,,,,,,13640508201315296313,,348.01261119451374,de474de770ca16d746bc4a0b0e1ea40c,
Synth,sdl_001348.png,/home/marsi/TFM/data/gen/SD_E2_HOPE/v1_8000/sdl_001348.png,284,284,,1,melanoma,,,,train,3,1,0,,,,,,,,,,,,,,,16962974281596356988,,1163.6226648157462,fb4856f6b127ef295a171a04c6223912,
Synth,sdl_001349.png,/home/marsi/TFM/data/gen/SD_E2_HOPE/v1_8000/sdl_001349.png,284,284,,1,melanoma,,,,train,3,1,0,,,,,,,,,,,,,,,13705175728673356001,,530.7257017455995,90c891f20a1072cc2ae235a94eafff9a,
Synth,sdl_001350.png,/home/marsi/TFM/data/gen/SD_E2_HOPE/v1_8000/sdl_001350.png,284,284,,1,melanoma,,,,train,3,1,0,,,,,,,,,,,,,,,13627825130763150742,,400.8975794278085,892490742a5397a05861b9e410ca8904,
Synth,sdl_001351.png,/home/marsi/TFM/data/gen/SD_E2_HOPE/v1_8000/sdl_001351.png,284,284,,1,melanoma,,,,train,3,1,0,,,,,,,,,,,,,,,18315718931380406932,,407.4911607168615,96a75e7d9c460654ce3f0b97ad9a8be2,
Synth,sdl_001352.png,/home/marsi/TFM/data/gen/SD_E2_HOPE/v1_8000/sdl_001352.png,284,284,,1,melanoma,,,,train,3,1,0,,,,,,,,,,,,,,,16240708749081856365,,331.0402009328827,fb3a0899b93790e5a9a2481b27745ba3,
Synth,sdl_001353.png,/home/marsi/TFM/data/gen/SD_E2_HOPE/v1_8000/sdl_001353.png,284,284,,1,melanoma,,,,train,3,1,0,,,,,,,,,,,,,,,13429951344518565352,,310.88605364318937,06e241921025c32fcfa5eb6a6d63fe78,
Synth,sdl_001354.png,/home/marsi/TFM/data/gen/SD_E2_HOPE/v1_8000/sdl_001354.png,284,284,,1,melanoma,,,,train,3,1,0,,,,,,,,,,,,,,,13199137475607999910,,370.1306452294812,87c05d7c0600a0bc5d6cc75cb27d393c,
Synth,sdl_001355.png,/home/marsi/TFM/data/gen/SD_E2_HOPE/v1_8000/sdl_001355.png,284,284,,1,melanoma,,,,train,3,1,0,,,,,,,,,,,,,,,13203926037457285361,,277.8530507525429,7fe5df607ff14e4a4ff37e5c08f7791b,
Synth,sdl_001356.png,/home/marsi/TFM/data/gen/SD_E2_HOPE/v1_8000/sdl_001356.png,284,284,,1,melanoma,,,,train,3,1,0,,,,,,,,,,,,,,,11931813227743529665,,802.6157493591309,4869005761842c6fb88454b5a9cb538a,
Synth,sdl_001358.png,/home/marsi/TFM/data/gen/SD_E2_HOPE/v1_8000/sdl_001358.png,284,284,,1,melanoma,,,,train,3,1,0,,,,,,,,,,,,,,,16369341855241752009,,290.59314295277,75a50eef04fc166f2de417bb586b0530,
Synth,sdl_001359.png,/home/marsi/TFM/data/gen/SD_E2_HOPE/v1_8000/sdl_001359.png,284,284,,1,melanoma,,,,train,3,1,0,,,,,,,,,,,,,,,11920413389905150591,,956.9807594036683,0b1baaa332e188836081dc3f24b1366f,
Synth,sdl_001360.png,/home/marsi/TFM/data/gen/SD_E2_HOPE/v1_8000/sdl_001360.png,284,284,,1,melanoma,,,,train,3,1,0,,,,,,,,,,,,,,,16336692583572710726,,470.904159440659,c8451ed87e025a8b479e4b5b29331425,
Synth,sdl_001361.png,/home/marsi/TFM/data/gen/SD_E2_HOPE/v1_8000/sdl_001361.png,284,284,,1,melanoma,,,,train,3,1,0,,,,,,,,,,,,,,,16316125496756288172,,289.16637931764126,c2bdbf02373e8b309117bc486f5f3382,
Synth,sdl_001362.png,/home/marsi/TFM/data/gen/SD_E2_HOPE/v1_8000/sdl_001362.png,284,284,,1,melanoma,,,,train,3,1,0,,,,,,,,,,,,,,,13562242597738091556,,277.8269898556173,b9823e48a1c8c3e6c2c306bbef777740,
Synth,sdl_001363.png,/home/marsi/TFM/data/gen/SD_E2_HOPE/v1_8000/sdl_001363.png,284,284,,1,melanoma,,,,train,3,1,0,,,,,,,,,,,,,,,12479704136067788711,,447.4958961000666,bcc7a179293665a57029fead2a68f986,
Synth,sdl_001364.png,/home/marsi/TFM/data/gen/SD_E2_HOPE/v1_8000/sdl_001364.png,284,284,,1,melanoma,,,,train,3,1,0,,,,,,,,,,,,,,,12621286254005201375,,604.2462523244321,1dd9b0c0d013232be7d7443153db5895,
Synth,sdl_001365.png,/home/marsi/TFM/data/gen/SD_E2_HOPE/v1_8000/sdl_001365.png,284,284,,1,melanoma,,,,train,3,1,0,,,,,,,,,,,,,,,11630639137667899189,,1252.2674050694332,dc16b8a23285bebba4c4f24f9ce7cced,
Synth,sdl_001366.png,/home/marsi/TFM/data/gen/SD_E2_HOPE/v1_8000/sdl_001366.png,284,284,,1,melanoma,,,,train,3,1,0,,,,,,,,,,,,,,,13791080425110321244,,345.5049983114004,9a48d07dee4c668b202acd2d418adad6,
Synth,sdl_001367.png,/home/marsi/TFM/data/gen/SD_E2_HOPE/v1_8000/sdl_001367.png,284,284,,1,melanoma,,,,train,3,1,0,,,,,,,,,,,,,,,10691925082527570743,,711.7864689072594,462253a9f35a31afd6f18edab82f99d0,
Synth,sdl_001368.png,/home/marsi/TFM/data/gen/SD_E2_HOPE/v1_8000/sdl_001368.png,284,284,,1,melanoma,,,,train,3,1,0,,,,,,,,,,,,,,,16853179127266022362,,864.4267802676186,72a592a9cd150e90a19ff8e4162aa527,
Synth,sdl_001369.png,/home/marsi/TFM/data/gen/SD_E2_HOPE/v1_8000/sdl_001369.png,284,284,,1,melanoma,,,,train,3,1,0,,,,,,,,,,,,,,,12987195931803739248,,238.30490829702467,1484169be45a0a7a8d763b54aa31d28b,
Synth,sdl_001370.png,/home/marsi/TFM/data/gen/SD_E2_HOPE/v1_8000/sdl_001370.png,284,284,,1,melanoma,,,,train,3,1,0,,,,,,,,,,,,,,,15018042295963927019,,391.46007822453976,986e6c6051efd537b870a7853fb3a1d4,
Synth,sdl_001371.png,/home/marsi/TFM/data/gen/SD_E2_HOPE/v1_8000/sdl_001371.png,284,284,,1,melanoma,,,,train,3,1,0,,,,,,,,,,,,,,,13623038033153519206,,939.7233269875868,b53106efa920c856fe59156e894cf8bd,
Synth,sdl_001372.png,/home/marsi/TFM/data/gen/SD_E2_HOPE/v1_8000/sdl_001372.png,284,284,,1,melanoma,,,,train,3,1,0,,,,,,,,,,,,,,,12640993377812687706,,315.76617829408497,785b53c7461d91d0b010df7d0ecb23b2,
Synth,sdl_001373.png,/home/marsi/TFM/data/gen/SD_E2_HOPE/v1_8000/sdl_001373.png,284,284,,1,melanoma,,,,train,3,1,0,,,,,,,,,,,,,,,13070519878960172505,,460.6476885890588,85835cfe2c362891bc3d9740dff4906b,
Synth,sdl_001374.png,/home/marsi/TFM/data/gen/SD_E2_HOPE/v1_8000/sdl_001374.png,284,284,,1,melanoma,,,,train,3,1,0,,,,,,,,,,,,,,,13780311552761223893,,1238.8794449632987,223ba169a7181754dd3038bcc61ea31e,
Synth,sdl_001375.png,/home/marsi/TFM/data/gen/SD_E2_HOPE/v1_8000/sdl_001375.png,284,284,,1,melanoma,,,,train,3,1,0,,,,,,,,,,,,,,,16883643887817668759,,466.7405753871426,4a0e9ac4b12cb9ce3b40f1a6d67bf825,
Synth,sdl_001376.png,/home/marsi/TFM/data/gen/SD_E2_HOPE/v1_8000/sdl_001376.png,284,284,,1,melanoma,,,,train,3,1,0,,,,,,,,,,,,,,,16386519397103928982,,340.33709392603487,06c35a9801a017f75f748e5e31968197,
Synth,sdl_001377.png,/home/marsi/TFM/data/gen/SD_E2_HOPE/v1_8000/sdl_001377.png,284,284,,1,melanoma,,,,train,3,1,0,,,,,,,,,,,,,,,17671228631203419672,,881.9736837744713,2df89830130f3ffe8335bb133427fda8,
Synth,sdl_001378.png,/home/marsi/TFM/data/gen/SD_E2_HOPE/v1_8000/sdl_001378.png,284,284,,1,melanoma,,,,train,3,1,0,,,,,,,,,,,,,,,10411846947820865212,,845.289961851202,8fbf86d29849ab3ce98e31b10da7670e,
Synth,sdl_001379.png,/home/marsi/TFM/data/gen/SD_E2_HOPE/v1_8000/sdl_001379.png,284,284,,1,melanoma,,,,train,3,1,0,,,,,,,,,,,,,,,17910472210944940638,,689.7044217800722,f89724857d8f2def35df5ff4d65d3631,
Synth,sdl_001381.png,/home/marsi/TFM/data/gen/SD_E2_HOPE/v1_8000/sdl_001381.png,284,284,,1,melanoma,,,,train,3,1,0,,,,,,,,,,,,,,,13634580699909856269,,264.14522022008896,03e785a4bb6897415b957a3cccee2dda,
Synth,sdl_001382.png,/home/marsi/TFM/data/gen/SD_E2_HOPE/v1_8000/sdl_001382.png,284,284,,1,melanoma,,,,train,3,1,0,,,,,,,,,,,,,,,13715930262339069725,,319.81597059872,4c889d28036117aec9d9e3207ae0b020,
Synth,sdl_001383.png,/home/marsi/TFM/data/gen/SD_E2_HOPE/v1_8000/sdl_001383.png,284,284,,1,melanoma,,,,train,3,1,0,,,,,,,,,,,,,,,12376051271992039999,,12160.168898522854,3bd536c39a70cea02c193c9824a07106,
Synth,sdl_001384.png,/home/marsi/TFM/data/gen/SD_E2_HOPE/v1_8000/sdl_001384.png,284,284,,1,melanoma,,,,train,3,1,0,,,,,,,,,,,,,,,17325776378910434273,,353.2297852896154,6f1485180a2db2f617f10aa9edabf390,
Synth,sdl_001385.png,/home/marsi/TFM/data/gen/SD_E2_HOPE/v1_8000/sdl_001385.png,284,284,,1,melanoma,,,,train,3,1,0,,,,,,,,,,,,,,,18028332904338123213,,406.0732297748327,d3a64ec2a0c68c6bc7a1d38babde446c,
Synth,sdl_001386.png,/home/marsi/TFM/data/gen/SD_E2_HOPE/v1_8000/sdl_001386.png,284,284,,1,melanoma,,,,train,3,1,0,,,,,,,,,,,,,,,13707215763908894562,,337.28346991539,17db1514bf8d1f1d3737ac3b59c72dbb,
Synth,sdl_001387.png,/home/marsi/TFM/data/gen/SD_E2_HOPE/v1_8000/sdl_001387.png,284,284,,1,melanoma,,,,train,3,1,0,,,,,,,,,,,,,,,16243239854910629667,,241.7303457260132,1a6a2ddc2e3954d0e2dd7baa67dd2b49,
Synth,sdl_001388.png,/home/marsi/TFM/data/gen/SD_E2_HOPE/v1_8000/sdl_001388.png,284,284,,1,melanoma,,,,train,3,1,0,,,,,,,,,,,,,,,16388199617559683433,,262.2255683904514,c8b853f5676f2395de36cc3c630bd7f0,
Synth,sdl_001389.png,/home/marsi/TFM/data/gen/SD_E2_HOPE/v1_8000/sdl_001389.png,284,284,,1,melanoma,,,,train,3,1,0,,,,,,,,,,,,,,,12983530007246611774,,229.18452501948923,5363a92ff939badc48da0451c9112f18,
Synth,sdl_001390.png,/home/marsi/TFM/data/gen/SD_E2_HOPE/v1_8000/sdl_001390.png,284,284,,1,melanoma,,,,train,3,1,0,,,,,,,,,,,,,,,12494604517907263955,,364.5730697428808,2efe584af31e05fa356392fb03fbdf2c,
Synth,sdl_001391.png,/home/marsi/TFM/data/gen/SD_E2_HOPE/v1_8000/sdl_001391.png,284,284,,1,melanoma,,,,train,3,1,0,,,,,,,,,,,,,,,13199699606601993790,,254.13213415350765,19df0833c0ad3cc4f0b0bd5bbc1fa5ac,
Synth,sdl_001392.png,/home/marsi/TFM/data/gen/SD_E2_HOPE/v1_8000/sdl_001392.png,284,284,,1,melanoma,,,,train,3,1,0,,,,,,,,,,,,,,,12423906889406896112,,868.1860055327415,7cc571c81ab0cacab2825cc771a96077,
Synth,sdl_001393.png,/home/marsi/TFM/data/gen/SD_E2_HOPE/v1_8000/sdl_001393.png,284,284,,1,melanoma,,,,train,3,1,0,,,,,,,,,,,,,,,13664695932541347301,,572.8181441640481,71927f3ad187e8c52022acbf1951e1d8,
Synth,sdl_001395.png,/home/marsi/TFM/data/gen/SD_E2_HOPE/v1_8000/sdl_001395.png,284,284,,1,melanoma,,,,train,3,1,0,,,,,,,,,,,,,,,12325460170449025201,,366.8784865103662,e602f5ec012af988aefef6b72c78b760,
Synth,sdl_001396.png,/home/marsi/TFM/data/gen/SD_E2_HOPE/v1_8000/sdl_001396.png,284,284,,1,melanoma,,,,train,3,1,0,,,,,,,,,,,,,,,17323042755333460621,,398.1242156168446,77aa8a5da950c52e5db85ba561e2f6e3,
Synth,sdl_001397.png,/home/marsi/TFM/data/gen/SD_E2_HOPE/v1_8000/sdl_001397.png,284,284,,1,melanoma,,,,train,3,1,0,,,,,,,,,,,,,,,11978402251270280009,,648.895440085791,1497557a0b28f286ec198462ac8261f8,
Synth,sdl_001398.png,/home/marsi/TFM/data/gen/SD_E2_HOPE/v1_8000/sdl_001398.png,284,284,,1,melanoma,,,,train,3,1,0,,,,,,,,,,,,,,,13408295698370708460,,363.4204392284155,3d559482ffa945f05f77e152e11fd71f,
Synth,sdl_001399.png,/home/marsi/TFM/data/gen/SD_E2_HOPE/v1_8000/sdl_001399.png,284,284,,1,melanoma,,,,train,3,1,0,,,,,,,,,,,,,,,17022082542885562251,,380.0935300439596,d72289add37b89c5664ffa1c3aa5689b,
Synth,sdl_001400.png,/home/marsi/TFM/data/gen/SD_E2_HOPE/v1_8000/sdl_001400.png,284,284,,1,melanoma,,,,train,3,1,0,,,,,,,,,,,,,,,17315941707601562596,,665.1314124008641,d0851d2389d71d62bbb85fa5abce27d8,
Synth,sdl_001401.png,/home/marsi/TFM/data/gen/SD_E2_HOPE/v1_8000/sdl_001401.png,284,284,,1,melanoma,,,,train,3,1,0,,,,,,,,,,,,,,,12985781836328811670,,659.0956159494817,a0f65747c787a940df0e20884b2bb5a2,
Synth,sdl_001402.png,/home/marsi/TFM/data/gen/SD_E2_HOPE/v1_8000/sdl_001402.png,284,284,,1,melanoma,,,,train,3,1,0,,,,,,,,,,,,,,,10678657656297472115,,1052.071625337005,c2bf072e15fb2f2ac0552f8b57b0fb2a,
Synth,sdl_001403.png,/home/marsi/TFM/data/gen/SD_E2_HOPE/v1_8000/sdl_001403.png,284,284,,1,melanoma,,,,train,3,1,0,,,,,,,,,,,,,,,16443983521758661528,,20153.80483031273,687e5965df5ecd9d71c66b4689745acd,
Synth,sdl_001404.png,/home/marsi/TFM/data/gen/SD_E2_HOPE/v1_8000/sdl_001404.png,284,284,,1,melanoma,,,,train,3,1,0,,,,,,,,,,,,,,,16738058732072822094,,280.72458093985915,ff2cca2cf0aa34ebc812d0cc6fe08706,
Synth,sdl_001405.png,/home/marsi/TFM/data/gen/SD_E2_HOPE/v1_8000/sdl_001405.png,284,284,,1,melanoma,,,,train,3,1,0,,,,,,,,,,,,,,,13561332165065415694,,310.42941707372665,6f91ff23b165df864424e07c898725bd,
Synth,sdl_001406.png,/home/marsi/TFM/data/gen/SD_E2_HOPE/v1_8000/sdl_001406.png,284,284,,1,melanoma,,,,train,3,1,0,,,,,,,,,,,,,,,14440286265790175153,,1969.6277216635644,0a580011f9813040e0c4290e38d27c63,
Synth,sdl_001408.png,/home/marsi/TFM/data/gen/SD_E2_HOPE/v1_8000/sdl_001408.png,284,284,,1,melanoma,,,,train,3,1,0,,,,,,,,,,,,,,,16962411176288150382,,339.8052296489477,e4ae8174aff841d2e0f7722adc143637,
Synth,sdl_001409.png,/home/marsi/TFM/data/gen/SD_E2_HOPE/v1_8000/sdl_001409.png,284,284,,1,melanoma,,,,train,3,1,0,,,,,,,,,,,,,,,13131592454490569523,,370.0316142402589,99d5060b8f341ee7ac56bf419d281915,
Synth,sdl_001410.png,/home/marsi/TFM/data/gen/SD_E2_HOPE/v1_8000/sdl_001410.png,284,284,,1,melanoma,,,,train,3,1,0,,,,,,,,,,,,,,,16464814772256901040,,528.2662582248449,b5b12d9980da3c2398d8aac7e124a456,
Synth,sdl_001412.png,/home/marsi/TFM/data/gen/SD_E2_HOPE/v1_8000/sdl_001412.png,284,284,,1,melanoma,,,,train,3,1,0,,,,,,,,,,,,,,,13346071047754954042,,377.03308137878776,b46a9320617dd17a2fe1825efebd4d96,
Synth,sdl_001413.png,/home/marsi/TFM/data/gen/SD_E2_HOPE/v1_8000/sdl_001413.png,284,284,,1,melanoma,,,,train,3,1,0,,,,,,,,,,,,,,,10480734974795946345,,413.2060521505773,e1303c7938c36ddd039175894d9b8b63,
Synth,sdl_001414.png,/home/marsi/TFM/data/gen/SD_E2_HOPE/v1_8000/sdl_001414.png,284,284,,1,melanoma,,,,train,3,1,0,,,,,,,,,,,,,,,13575472423607252115,,274.7096466338262,1e317b92fa0e1c72e2f75a5ff61bb818,
Synth,sdl_001415.png,/home/marsi/TFM/data/gen/SD_E2_HOPE/v1_8000/sdl_001415.png,284,284,,1,melanoma,,,,train,3,1,0,,,,,,,,,,,,,,,13099212231871433597,,752.7676492780447,51558d7bb0ab6419e08796e52c3137f4,
Synth,sdl_001417.png,/home/marsi/TFM/data/gen/SD_E2_HOPE/v1_8000/sdl_001417.png,284,284,,1,melanoma,,,,train,3,1,0,,,,,,,,,,,,,,,10460685136139861140,,1336.745384633541,1682785c2d4632969e298965079bfbc2,
Synth,sdl_001418.png,/home/marsi/TFM/data/gen/SD_E2_HOPE/v1_8000/sdl_001418.png,284,284,,1,melanoma,,,,train,3,1,0,,,,,,,,,,,,,,,13632609441995257062,,257.36928322538733,251408ccaf61105761bdcaadb15cd34a,
Synth,sdl_001419.png,/home/marsi/TFM/data/gen/SD_E2_HOPE/v1_8000/sdl_001419.png,284,284,,1,melanoma,,,,train,3,1,0,,,,,,,,,,,,,,,17180036539974688145,,384.72026094421744,9dab5d0de91504ec4b63fc3c4c005a52,
Synth,sdl_001420.png,/home/marsi/TFM/data/gen/SD_E2_HOPE/v1_8000/sdl_001420.png,284,284,,1,melanoma,,,,train,3,1,0,,,,,,,,,,,,,,,11038628820303460173,,802.4944707443938,c70af747ed4d22c0e57a95d14219d36e,
Synth,sdl_001421.png,/home/marsi/TFM/data/gen/SD_E2_HOPE/v1_8000/sdl_001421.png,284,284,,1,melanoma,,,,train,3,1,0,,,,,,,,,,,,,,,13778429257557560971,,452.756429492496,4f204f47879de726239df5565864b024,
Synth,sdl_001422.png,/home/marsi/TFM/data/gen/SD_E2_HOPE/v1_8000/sdl_001422.png,284,284,,1,melanoma,,,,train,3,1,0,,,,,,,,,,,,,,,13072208592297434947,,1110.4477417320013,ff1d75f3ed7a8d2155223f464cfe7081,
Synth,sdl_001423.png,/home/marsi/TFM/data/gen/SD_E2_HOPE/v1_8000/sdl_001423.png,284,284,,1,melanoma,,,,train,3,1,0,,,,,,,,,,,,,,,13758924639313862226,,284.6761428108439,2027027bef0273c9bc1f6c98ed4f5b96,
Synth,sdl_001424.png,/home/marsi/TFM/data/gen/SD_E2_HOPE/v1_8000/sdl_001424.png,284,284,,1,melanoma,,,,train,3,1,0,,,,,,,,,,,,,,,13630074969056754335,,250.1460203444585,946d76e5626775376aff9b0f2ab66d5d,
Synth,sdl_001425.png,/home/marsi/TFM/data/gen/SD_E2_HOPE/v1_8000/sdl_001425.png,284,284,,1,melanoma,,,,train,3,1,0,,,,,,,,,,,,,,,16891526469079118167,,334.78380630072206,f39b13581a0d0f3d233ce39bd9897c71,
Synth,sdl_001426.png,/home/marsi/TFM/data/gen/SD_E2_HOPE/v1_8000/sdl_001426.png,284,284,,1,melanoma,,,,train,3,1,0,,,,,,,,,,,,,,,11472709822175586020,,866.5995687386021,86cbdeef7a0bba8ee565882b03bda4de,
Synth,sdl_001427.png,/home/marsi/TFM/data/gen/SD_E2_HOPE/v1_8000/sdl_001427.png,284,284,,1,melanoma,,,,train,3,1,0,,,,,,,,,,,,,,,13769407284592518670,,372.48100712522864,29b01bbb1d42e9567096b3b620d23f73,
Synth,sdl_001428.png,/home/marsi/TFM/data/gen/SD_E2_HOPE/v1_8000/sdl_001428.png,284,284,,1,melanoma,,,,train,3,1,0,,,,,,,,,,,,,,,16532574306788131248,,390.4756662463769,5858c05599283124190bd9b71bced352,
Synth,sdl_001429.png,/home/marsi/TFM/data/gen/SD_E2_HOPE/v1_8000/sdl_001429.png,284,284,,1,melanoma,,,,train,3,1,0,,,,,,,,,,,,,,,13219121486705073293,,396.761603936553,5c5bbe08a8fa54478eefb184ba61e79e,
Synth,sdl_001430.png,/home/marsi/TFM/data/gen/SD_E2_HOPE/v1_8000/sdl_001430.png,284,284,,1,melanoma,,,,train,3,1,0,,,,,,,,,,,,,,,17395035492483680563,,295.0500808125362,484e77fa42cdaa03ac1b05257171b2f8,
Synth,sdl_001431.png,/home/marsi/TFM/data/gen/SD_E2_HOPE/v1_8000/sdl_001431.png,284,284,,1,melanoma,,,,train,3,1,0,,,,,,,,,,,,,,,18042476347340399774,,344.9703363096341,79d59b37806470a0e26b37ef92635a04,
Synth,sdl_001432.png,/home/marsi/TFM/data/gen/SD_E2_HOPE/v1_8000/sdl_001432.png,284,284,,1,melanoma,,,,train,3,1,0,,,,,,,,,,,,,,,17417620270728432832,,2598.3021984538063,9b1154f22513b7d281eed097599f151a,
Synth,sdl_001433.png,/home/marsi/TFM/data/gen/SD_E2_HOPE/v1_8000/sdl_001433.png,284,284,,1,melanoma,,,,train,3,1,0,,,,,,,,,,,,,,,13214898940402023374,,889.2416325798258,4fe47d0cd32ff726ad03320418b41ea8,
Synth,sdl_001434.png,/home/marsi/TFM/data/gen/SD_E2_HOPE/v1_8000/sdl_001434.png,284,284,,1,melanoma,,,,train,3,1,0,,,,,,,,,,,,,,,13708840073672284804,,683.2947701280937,1e0342d0ddcd63e1462a79e4734eba90,
Synth,sdl_001435.png,/home/marsi/TFM/data/gen/SD_E2_HOPE/v1_8000/sdl_001435.png,284,284,,1,melanoma,,,,train,3,1,0,,,,,,,,,,,,,,,16175267130215590551,,1028.470954682678,4f23246a3b06378a4722220cc47de283,
Synth,sdl_001436.png,/home/marsi/TFM/data/gen/SD_E2_HOPE/v1_8000/sdl_001436.png,284,284,,1,melanoma,,,,train,3,1,0,,,,,,,,,,,,,,,13706571208894458139,,244.57730618771168,f86b2fc187523a8d47f8887c21ef52d0,
Synth,sdl_001437.png,/home/marsi/TFM/data/gen/SD_E2_HOPE/v1_8000/sdl_001437.png,284,284,,1,melanoma,,,,train,3,1,0,,,,,,,,,,,,,,,12696663089529755187,,408.0458741150797,5ed67679f8e60a8e47f3e04e950883db,
Synth,sdl_001438.png,/home/marsi/TFM/data/gen/SD_E2_HOPE/v1_8000/sdl_001438.png,284,284,,1,melanoma,,,,train,3,1,0,,,,,,,,,,,,,,,12987467503391054264,,627.8822349272668,101880f6acaf9c905063d49c31d63fa9,
Synth,sdl_001439.png,/home/marsi/TFM/data/gen/SD_E2_HOPE/v1_8000/sdl_001439.png,284,284,,1,melanoma,,,,train,3,1,0,,,,,,,,,,,,,,,12334749694107867266,,580.7101251846179,31d19c2da14604c58a6dafd976fa457a,
Synth,sdl_001440.png,/home/marsi/TFM/data/gen/SD_E2_HOPE/v1_8000/sdl_001440.png,284,284,,1,melanoma,,,,train,3,1,0,,,,,,,,,,,,,,,12771297946342658942,,333.1654508104548,2512aaae03b32c01e7d9ccc01b65fab0,
Synth,sdl_001441.png,/home/marsi/TFM/data/gen/SD_E2_HOPE/v1_8000/sdl_001441.png,284,284,,1,melanoma,,,,train,3,1,0,,,,,,,,,,,,,,,12627465313143892279,,875.5153787136078,a958a036b6b741467098a18be81c9f1e,
Synth,sdl_001442.png,/home/marsi/TFM/data/gen/SD_E2_HOPE/v1_8000/sdl_001442.png,284,284,,1,melanoma,,,,train,3,1,0,,,,,,,,,,,,,,,12625490545298320669,,433.5117108672857,1e2671ca6b46f7b75e011d6783a20851,
Synth,sdl_001443.png,/home/marsi/TFM/data/gen/SD_E2_HOPE/v1_8000/sdl_001443.png,284,284,,1,melanoma,,,,train,3,1,0,,,,,,,,,,,,,,,13936837262774465383,,457.546198210679,2dd842085e2556c16cce6cfddc64745b,
Synth,sdl_001444.png,/home/marsi/TFM/data/gen/SD_E2_HOPE/v1_8000/sdl_001444.png,284,284,,1,melanoma,,,,train,3,1,0,,,,,,,,,,,,,,,10429141925925687500,,877.8064836114645,390094b947df86c9d04e4bd26168c44f,
Synth,sdl_001445.png,/home/marsi/TFM/data/gen/SD_E2_HOPE/v1_8000/sdl_001445.png,284,284,,1,melanoma,,,,train,3,1,0,,,,,,,,,,,,,,,16224946160489347644,,496.81194395478815,e6bb608fd697496ae408fa80e6a4b505,
Synth,sdl_001447.png,/home/marsi/TFM/data/gen/SD_E2_HOPE/v1_8000/sdl_001447.png,284,284,,1,melanoma,,,,train,3,1,0,,,,,,,,,,,,,,,12436345539255022068,,274.32176062092185,72969a7bf8687bd53daa50178b5bc134,
Synth,sdl_001448.png,/home/marsi/TFM/data/gen/SD_E2_HOPE/v1_8000/sdl_001448.png,284,284,,1,melanoma,,,,train,3,1,0,,,,,,,,,,,,,,,17881410182787709007,,246.27698765601963,e6e9bc0d385d4428480215dbae695c75,
Synth,sdl_001449.png,/home/marsi/TFM/data/gen/SD_E2_HOPE/v1_8000/sdl_001449.png,284,284,,1,melanoma,,,,train,3,1,0,,,,,,,,,,,,,,,16513810067097416011,,863.9976415485144,254147c31344d6ab909503b3efbabbce,
Synth,sdl_001450.png,/home/marsi/TFM/data/gen/SD_E2_HOPE/v1_8000/sdl_001450.png,284,284,,1,melanoma,,,,train,3,1,0,,,,,,,,,,,,,,,12482806340449999434,,531.1772727966309,272c0570ec552e69eac4022e2f2b84f5,
Synth,sdl_001451.png,/home/marsi/TFM/data/gen/SD_E2_HOPE/v1_8000/sdl_001451.png,284,284,,1,melanoma,,,,train,3,1,0,,,,,,,,,,,,,,,13411106028834202781,,564.6647291919217,e95ee373260a0e3784bc0a85b6fad85a,
Synth,sdl_001452.png,/home/marsi/TFM/data/gen/SD_E2_HOPE/v1_8000/sdl_001452.png,284,284,,1,melanoma,,,,train,3,1,0,,,,,,,,,,,,,,,13060107697025652524,,272.8224727949128,1d66c83ff3ccaf67f77a4210c744c64f,
Synth,sdl_001453.png,/home/marsi/TFM/data/gen/SD_E2_HOPE/v1_8000/sdl_001453.png,284,284,,1,melanoma,,,,train,3,1,0,,,,,,,,,,,,,,,16301766097258817754,,345.4781400030479,05b302bb8941b143505cc787f7672ca5,
Synth,sdl_001454.png,/home/marsi/TFM/data/gen/SD_E2_HOPE/v1_8000/sdl_001454.png,284,284,,1,melanoma,,,,train,3,1,0,,,,,,,,,,,,,,,13851266869357851516,,666.152936603874,3ecbd6eff29bf5f7affbd209f19f6c9d,
Synth,sdl_001455.png,/home/marsi/TFM/data/gen/SD_E2_HOPE/v1_8000/sdl_001455.png,284,284,,1,melanoma,,,,train,3,1,0,,,,,,,,,,,,,,,16530676936232015815,,351.9396566748619,0e2094dee0c8c8f8ee48550d50627bf5,
Synth,sdl_001456.png,/home/marsi/TFM/data/gen/SD_E2_HOPE/v1_8000/sdl_001456.png,284,284,,1,melanoma,,,,train,3,1,0,,,,,,,,,,,,,,,12980433640168627829,,396.3573387823999,d18266af4ee9a52971a8624bce913fce,
Synth,sdl_001457.png,/home/marsi/TFM/data/gen/SD_E2_HOPE/v1_8000/sdl_001457.png,284,284,,1,melanoma,,,,train,3,1,0,,,,,,,,,,,,,,,13076290897766708109,,2824.8407595371827,eb1174bd65ae52a08035992bfa76b672,
Synth,sdl_001458.png,/home/marsi/TFM/data/gen/SD_E2_HOPE/v1_8000/sdl_001458.png,284,284,,1,melanoma,,,,train,3,1,0,,,,,,,,,,,,,,,13212671019251286731,,1482.6805638587102,f36432f564a3966c2a48fa5008dcb5d9,
Synth,sdl_001459.png,/home/marsi/TFM/data/gen/SD_E2_HOPE/v1_8000/sdl_001459.png,284,284,,1,melanoma,,,,train,3,1,0,,,,,,,,,,,,,,,13417508944503975589,,521.2189960442483,2def7c429114fc832e09c07cfbcdb01f,
Synth,sdl_001460.png,/home/marsi/TFM/data/gen/SD_E2_HOPE/v1_8000/sdl_001460.png,284,284,,1,melanoma,,,,train,3,1,0,,,,,,,,,,,,,,,14210344370160304001,,1503.4732508063316,9d583f965e8158559cf3f999b46e62d0,
Synth,sdl_001462.png,/home/marsi/TFM/data/gen/SD_E2_HOPE/v1_8000/sdl_001462.png,284,284,,1,melanoma,,,,train,3,1,0,,,,,,,,,,,,,,,17094980051205874455,,291.14599172677845,63dbcc26ad92e361c0f4f16760dd7349,
Synth,sdl_001463.png,/home/marsi/TFM/data/gen/SD_E2_HOPE/v1_8000/sdl_001463.png,284,284,,1,melanoma,,,,train,3,1,0,,,,,,,,,,,,,,,13722983739126402590,,546.5210309093818,355236c9570ab0c6590843b4b953d290,
Synth,sdl_001464.png,/home/marsi/TFM/data/gen/SD_E2_HOPE/v1_8000/sdl_001464.png,284,284,,1,melanoma,,,,train,3,1,0,,,,,,,,,,,,,,,12088669069136322998,,369.7262997031212,c96b15a5a141950620489e51080b1c92,
Synth,sdl_001466.png,/home/marsi/TFM/data/gen/SD_E2_HOPE/v1_8000/sdl_001466.png,284,284,,1,melanoma,,,,train,3,1,0,,,,,,,,,,,,,,,13344661053498824343,,340.7804612182081,ba108552cd5b688b65e0b98019379e7c,
Synth,sdl_001467.png,/home/marsi/TFM/data/gen/SD_E2_HOPE/v1_8000/sdl_001467.png,284,284,,1,melanoma,,,,train,3,1,0,,,,,,,,,,,,,,,12265227006874542537,,705.9715122580528,c1ec40516e5d6b4790b2a507ef3cedd3,
Synth,sdl_001468.png,/home/marsi/TFM/data/gen/SD_E2_HOPE/v1_8000/sdl_001468.png,284,284,,1,melanoma,,,,train,3,1,0,,,,,,,,,,,,,,,13052491160215964781,,342.9845167240128,5307892cdafd21db321ed0aaed30fdd7,
Synth,sdl_001469.png,/home/marsi/TFM/data/gen/SD_E2_HOPE/v1_8000/sdl_001469.png,284,284,,1,melanoma,,,,train,3,1,0,,,,,,,,,,,,,,,12984937399780601625,,242.22329684719443,4906d54851899abbaf068e3cdf96a804,
Synth,sdl_001470.png,/home/marsi/TFM/data/gen/SD_E2_HOPE/v1_8000/sdl_001470.png,284,284,,1,melanoma,,,,train,3,1,0,,,,,,,,,,,,,,,17452721117706807716,,506.3418435119093,1c3a9f66f21668ce369d7158e8a0cde6,
Synth,sdl_001471.png,/home/marsi/TFM/data/gen/SD_E2_HOPE/v1_8000/sdl_001471.png,284,284,,1,melanoma,,,,train,3,1,0,,,,,,,,,,,,,,,11344238549961675105,,1370.758558540605,b3941b601e44d388d5f1f9eab1b50196,
Synth,sdl_001472.png,/home/marsi/TFM/data/gen/SD_E2_HOPE/v1_8000/sdl_001472.png,284,284,,1,melanoma,,,,train,3,1,0,,,,,,,,,,,,,,,15291492577312395431,,1077.2845571851358,d1dd65742f39dad0bd95169610d55c58,
Synth,sdl_001473.png,/home/marsi/TFM/data/gen/SD_E2_HOPE/v1_8000/sdl_001473.png,284,284,,1,melanoma,,,,train,3,1,0,,,,,,,,,,,,,,,17422674569971458511,,404.8471192410216,2bd0f67fde8194f4b88a868258a4b50c,
Synth,sdl_001474.png,/home/marsi/TFM/data/gen/SD_E2_HOPE/v1_8000/sdl_001474.png,284,284,,1,melanoma,,,,train,3,1,0,,,,,,,,,,,,,,,16270544692493512135,,14485.634181976318,23b0667d3bdce80d0d3b3a6b7281b42d,
Synth,sdl_001475.png,/home/marsi/TFM/data/gen/SD_E2_HOPE/v1_8000/sdl_001475.png,284,284,,1,melanoma,,,,train,3,1,0,,,,,,,,,,,,,,,11934205847680390327,,452.27491386886686,abe8a15605362ec4f2476f9bf7084bd6,
Synth,sdl_001476.png,/home/marsi/TFM/data/gen/SD_E2_HOPE/v1_8000/sdl_001476.png,284,284,,1,melanoma,,,,train,3,1,0,,,,,,,,,,,,,,,17900337050592899117,,2195.0216547613963,459212f525c2ec2fe32f763e44a8f398,
Synth,sdl_001477.png,/home/marsi/TFM/data/gen/SD_E2_HOPE/v1_8000/sdl_001477.png,284,284,,1,melanoma,,,,train,3,1,0,,,,,,,,,,,,,,,17231851630962496030,,322.5869631981477,24e5c6ebd4a696ec6e12115879142423,
Synth,sdl_001478.png,/home/marsi/TFM/data/gen/SD_E2_HOPE/v1_8000/sdl_001478.png,284,284,,1,melanoma,,,,train,3,1,0,,,,,,,,,,,,,,,16736384731899582326,,692.0445721708238,e78397e7773cac11ade88d4a44ab5d10,
Synth,sdl_001479.png,/home/marsi/TFM/data/gen/SD_E2_HOPE/v1_8000/sdl_001479.png,284,284,,1,melanoma,,,,train,3,1,0,,,,,,,,,,,,,,,12987477257296242535,,1273.9502938650548,72a9a16ee60162014c1b6f15f9e4b95d,
Synth,sdl_001480.png,/home/marsi/TFM/data/gen/SD_E2_HOPE/v1_8000/sdl_001480.png,284,284,,1,melanoma,,,,train,3,1,0,,,,,,,,,,,,,,,10911462215426729102,,2535.117125511169,e6d402ae25ccf9abbc8f923621611c5e,
Synth,sdl_001481.png,/home/marsi/TFM/data/gen/SD_E2_HOPE/v1_8000/sdl_001481.png,284,284,,1,melanoma,,,,train,3,1,0,,,,,,,,,,,,,,,13773081865265089948,,415.3842904567719,a5b91599339089191e3ef405f891cd45,
Synth,sdl_001482.png,/home/marsi/TFM/data/gen/SD_E2_HOPE/v1_8000/sdl_001482.png,284,284,,1,melanoma,,,,train,3,1,0,,,,,,,,,,,,,,,13706355555932386102,,335.1832317551598,7a961c18eafbb3baf2cfc73a4a09accb,
Synth,sdl_001483.png,/home/marsi/TFM/data/gen/SD_E2_HOPE/v1_8000/sdl_001483.png,284,284,,1,melanoma,,,,train,3,1,0,,,,,,,,,,,,,,,12533465759836281801,,550.0504471622407,4f4b42b929a46a251a1e88d25ecdab35,
Synth,sdl_001484.png,/home/marsi/TFM/data/gen/SD_E2_HOPE/v1_8000/sdl_001484.png,284,284,,1,melanoma,,,,train,3,1,0,,,,,,,,,,,,,,,17380118612606346548,,414.2409072583541,d2cc3fe6a23d5586bc99dd88cfacb7e2,
Synth,sdl_001485.png,/home/marsi/TFM/data/gen/SD_E2_HOPE/v1_8000/sdl_001485.png,284,284,,1,melanoma,,,,train,3,1,0,,,,,,,,,,,,,,,11272089492232094078,,823.0087715648115,c69a0cf3d8c4941cc4b09755bb0e3943,
Synth,sdl_001486.png,/home/marsi/TFM/data/gen/SD_E2_HOPE/v1_8000/sdl_001486.png,284,284,,1,melanoma,,,,train,3,1,0,,,,,,,,,,,,,,,16372440936507404899,,259.04637145996094,c925eded60899e4f7c22d3b633971625,
Synth,sdl_001487.png,/home/marsi/TFM/data/gen/SD_E2_HOPE/v1_8000/sdl_001487.png,284,284,,1,melanoma,,,,train,3,1,0,,,,,,,,,,,,,,,13215462030600322507,,398.7950936844573,c8023695332071607caa7f0da9d7c09f,
Synth,sdl_001488.png,/home/marsi/TFM/data/gen/SD_E2_HOPE/v1_8000/sdl_001488.png,284,284,,1,melanoma,,,,train,3,1,0,,,,,,,,,,,,,,,13047703799403744736,,1109.9060525512325,2e16a7475492ff04264a6882a5cff650,
Synth,sdl_001489.png,/home/marsi/TFM/data/gen/SD_E2_HOPE/v1_8000/sdl_001489.png,284,284,,1,melanoma,,,,train,3,1,0,,,,,,,,,,,,,,,13725494702378522314,,285.49251502752304,c74aabc75c9b2c385dd8d05287abd82f,
Synth,sdl_001490.png,/home/marsi/TFM/data/gen/SD_E2_HOPE/v1_8000/sdl_001490.png,284,284,,1,melanoma,,,,train,3,1,0,,,,,,,,,,,,,,,13199998659180064823,,985.7505688071252,1f7075c7324c5d97427456fa83b07483,
Synth,sdl_001491.png,/home/marsi/TFM/data/gen/SD_E2_HOPE/v1_8000/sdl_001491.png,284,284,,1,melanoma,,,,train,3,1,0,,,,,,,,,,,,,,,13230661878412437980,,383.1608419418335,28d7c765aff4ec28244bb9899572f898,
Synth,sdl_001492.png,/home/marsi/TFM/data/gen/SD_E2_HOPE/v1_8000/sdl_001492.png,284,284,,1,melanoma,,,,train,3,1,0,,,,,,,,,,,,,,,12841879451026078926,,346.5274787312373,31487808374e3c8afd8625ec073de3e9,
Synth,sdl_001493.png,/home/marsi/TFM/data/gen/SD_E2_HOPE/v1_8000/sdl_001493.png,284,284,,1,melanoma,,,,train,3,1,0,,,,,,,,,,,,,,,16830942931726054364,,324.02116647269577,5b37af599e5bc5af94623d769be2a82a,
Synth,sdl_001494.png,/home/marsi/TFM/data/gen/SD_E2_HOPE/v1_8000/sdl_001494.png,284,284,,1,melanoma,,,,train,3,1,0,,,,,,,,,,,,,,,12788136907419276997,,238.33967107534409,ffb6f34fb0056ec26b4bef5ad009720d,
Synth,sdl_001495.png,/home/marsi/TFM/data/gen/SD_E2_HOPE/v1_8000/sdl_001495.png,284,284,,1,melanoma,,,,train,3,1,0,,,,,,,,,,,,,,,16318671514442230903,,345.4454332506284,e0dab87ebefac51edc1b425f12cec092,
Synth,sdl_001496.png,/home/marsi/TFM/data/gen/SD_E2_HOPE/v1_8000/sdl_001496.png,284,284,,1,melanoma,,,,train,3,1,0,,,,,,,,,,,,,,,13505101883772317794,,259.30779532995075,f0af00fb14f9095cf144a5b6c07aa2be,
Synth,sdl_001497.png,/home/marsi/TFM/data/gen/SD_E2_HOPE/v1_8000/sdl_001497.png,284,284,,1,melanoma,,,,train,3,1,0,,,,,,,,,,,,,,,13777567661146590757,,364.338298406452,516ca128263c214e12e989c393a194cb,
Synth,sdl_001498.png,/home/marsi/TFM/data/gen/SD_E2_HOPE/v1_8000/sdl_001498.png,284,284,,1,melanoma,,,,train,3,1,0,,,,,,,,,,,,,,,13056711414004927950,,278.9533805511892,7de0caa3e78145eeb045831dea731bbe,
Synth,sdl_001499.png,/home/marsi/TFM/data/gen/SD_E2_HOPE/v1_8000/sdl_001499.png,284,284,,1,melanoma,,,,train,3,1,0,,,,,,,,,,,,,,,13274506709491701550,,415.451195194386,81b1fbc07502c90cc438c733bb0c06e1,
Synth,sdl_001500.png,/home/marsi/TFM/data/gen/SD_E2_HOPE/v1_8000/sdl_001500.png,284,284,,1,melanoma,,,,train,3,1,0,,,,,,,,,,,,,,,17089401825209506010,,336.8399381255731,a3b882283515639c7a80578e5ad6100e,
Synth,sdl_001501.png,/home/marsi/TFM/data/gen/SD_E2_HOPE/v1_8000/sdl_001501.png,284,284,,1,melanoma,,,,train,3,1,0,,,,,,,,,,,,,,,12711919671584645985,,308.0243184417486,a0b6e3f8311848450c217a3feb678aac,
Synth,sdl_001502.png,/home/marsi/TFM/data/gen/SD_E2_HOPE/v1_8000/sdl_001502.png,284,284,,1,melanoma,,,,train,3,1,0,,,,,,,,,,,,,,,12685953481194157131,,304.34513913095,25f18e0dfdfed4706eb9000ab66040c5,
Synth,sdl_001503.png,/home/marsi/TFM/data/gen/SD_E2_HOPE/v1_8000/sdl_001503.png,284,284,,1,melanoma,,,,train,3,1,0,,,,,,,,,,,,,,,13059758257730704300,,689.2789221098647,2ba63d9cca0e91ec101b96164f504346,
Synth,sdl_001504.png,/home/marsi/TFM/data/gen/SD_E2_HOPE/v1_8000/sdl_001504.png,284,284,,1,melanoma,,,,train,3,1,0,,,,,,,,,,,,,,,16244155033434409443,,465.6607958590612,6798e3fb3fe2089eb46c8b3bf87f890f,
Synth,sdl_001505.png,/home/marsi/TFM/data/gen/SD_E2_HOPE/v1_8000/sdl_001505.png,284,284,,1,melanoma,,,,train,3,1,0,,,,,,,,,,,,,,,13060089144801125826,,328.49446700513363,609c55a69242a2939195e21984af7103,
Synth,sdl_001506.png,/home/marsi/TFM/data/gen/SD_E2_HOPE/v1_8000/sdl_001506.png,284,284,,1,melanoma,,,,train,3,1,0,,,,,,,,,,,,,,,14211412528867004364,,435.4235137244687,c0de785946257a6e3a3b03064028703d,
Synth,sdl_001507.png,/home/marsi/TFM/data/gen/SD_E2_HOPE/v1_8000/sdl_001507.png,284,284,,1,melanoma,,,,train,3,1,0,,,,,,,,,,,,,,,13134125518212129462,,523.4705738425255,bab800448b87501b338567eaf9fc654f,
Synth,sdl_001508.png,/home/marsi/TFM/data/gen/SD_E2_HOPE/v1_8000/sdl_001508.png,284,284,,1,melanoma,,,,train,3,1,0,,,,,,,,,,,,,,,17309750471619726492,,289.07795866951346,5cbfdec10756f101367268cfb3154e91,
Synth,sdl_001509.png,/home/marsi/TFM/data/gen/SD_E2_HOPE/v1_8000/sdl_001509.png,284,284,,1,melanoma,,,,train,3,1,0,,,,,,,,,,,,,,,16242678008263488741,,616.0111605189741,cb2b652a4815179b71d860343ff4d67c,
Synth,sdl_001510.png,/home/marsi/TFM/data/gen/SD_E2_HOPE/v1_8000/sdl_001510.png,284,284,,1,melanoma,,,,train,3,1,0,,,,,,,,,,,,,,,16312767086803122522,,345.5287384307012,bd0685aa9f7c64a9b6df941141dbee18,
Synth,sdl_001511.png,/home/marsi/TFM/data/gen/SD_E2_HOPE/v1_8000/sdl_001511.png,284,284,,1,melanoma,,,,train,3,1,0,,,,,,,,,,,,,,,17179685254690257096,,319.58994686231017,a114cebba9586f6baa088b941682db05,
Synth,sdl_001512.png,/home/marsi/TFM/data/gen/SD_E2_HOPE/v1_8000/sdl_001512.png,284,284,,1,melanoma,,,,train,3,1,0,,,,,,,,,,,,,,,17376179680989366340,,459.8240664741024,15c10cc7eb868c08fd914d9b7509a840,
Synth,sdl_001513.png,/home/marsi/TFM/data/gen/SD_E2_HOPE/v1_8000/sdl_001513.png,284,284,,1,melanoma,,,,train,3,1,0,,,,,,,,,,,,,,,17170752293959670147,,516.4584035538137,d6617e169f0ca0989f88103e24505a55,
Synth,sdl_001514.png,/home/marsi/TFM/data/gen/SD_E2_HOPE/v1_8000/sdl_001514.png,284,284,,1,melanoma,,,,train,3,1,0,,,,,,,,,,,,,,,13059542681263499023,,335.0130253424868,266b906b1cec7e4f835a5feb6d15be31,
Synth,sdl_001515.png,/home/marsi/TFM/data/gen/SD_E2_HOPE/v1_8000/sdl_001515.png,284,284,,1,melanoma,,,,train,3,1,0,,,,,,,,,,,,,,,17027214867537412683,,657.7028923844919,ddc6b7860bf6067d311c511f2053f222,
Synth,sdl_001516.png,/home/marsi/TFM/data/gen/SD_E2_HOPE/v1_8000/sdl_001516.png,284,284,,1,melanoma,,,,train,3,1,0,,,,,,,,,,,,,,,16893988733031141576,,528.9614535486326,9c3f9d1de283106362fd907d874cc2ac,
Synth,sdl_001517.png,/home/marsi/TFM/data/gen/SD_E2_HOPE/v1_8000/sdl_001517.png,284,284,,1,melanoma,,,,train,3,1,0,,,,,,,,,,,,,,,10742063455510436666,,2466.0990245109424,3d2385713ad4b536cf858ea8502f44cf,
Synth,sdl_001518.png,/home/marsi/TFM/data/gen/SD_E2_HOPE/v1_8000/sdl_001518.png,284,284,,1,melanoma,,,,train,3,1,0,,,,,,,,,,,,,,,10975225724829780637,,831.0625894330442,8bd9a5b2b4069e09884a96c41cbb00a1,
Synth,sdl_001519.png,/home/marsi/TFM/data/gen/SD_E2_HOPE/v1_8000/sdl_001519.png,284,284,,1,melanoma,,,,train,3,1,0,,,,,,,,,,,,,,,11629302062311483197,,245.31899431254715,c5372e0075fcb2a8c476bb7703e08f02,
Synth,sdl_001520.png,/home/marsi/TFM/data/gen/SD_E2_HOPE/v1_8000/sdl_001520.png,284,284,,1,melanoma,,,,train,3,1,0,,,,,,,,,,,,,,,18392086090426292548,,8510.762763615698,179270112a1ecb85b5796021a8459100,
Synth,sdl_001521.png,/home/marsi/TFM/data/gen/SD_E2_HOPE/v1_8000/sdl_001521.png,284,284,,1,melanoma,,,,train,3,1,0,,,,,,,,,,,,,,,13204137106994141792,,365.1059679053724,863ed5dc0237c38ab713c70007d38258,
Synth,sdl_001522.png,/home/marsi/TFM/data/gen/SD_E2_HOPE/v1_8000/sdl_001522.png,284,284,,1,melanoma,,,,train,3,1,0,,,,,,,,,,,,,,,13461423181548506165,,647.8219868503511,933098848c9775d302323ae3fbedf749,
Synth,sdl_001523.png,/home/marsi/TFM/data/gen/SD_E2_HOPE/v1_8000/sdl_001523.png,284,284,,1,melanoma,,,,train,3,1,0,,,,,,,,,,,,,,,12854264667821728233,,281.1823194026947,18ad564f1f18f2d436646f9b46d04281,
Synth,sdl_001524.png,/home/marsi/TFM/data/gen/SD_E2_HOPE/v1_8000/sdl_001524.png,284,284,,1,melanoma,,,,train,3,1,0,,,,,,,,,,,,,,,17179140845164187365,,420.5530962795019,f26088000e596c8416b1f3bc35e3d584,
Synth,sdl_001525.png,/home/marsi/TFM/data/gen/SD_E2_HOPE/v1_8000/sdl_001525.png,284,284,,1,melanoma,,,,train,3,1,0,,,,,,,,,,,,,,,9592137545713110334,,2028.413893676363,423accfca7c98c5f0fa8f02a96163c2e,
Synth,sdl_001526.png,/home/marsi/TFM/data/gen/SD_E2_HOPE/v1_8000/sdl_001526.png,284,284,,1,melanoma,,,,train,3,1,0,,,,,,,,,,,,,,,12762586689275872405,,887.5802309056744,3eb6f7d4b4c9ac22b2e4373866356cf1,
Synth,sdl_001527.png,/home/marsi/TFM/data/gen/SD_E2_HOPE/v1_8000/sdl_001527.png,284,284,,1,melanoma,,,,train,3,1,0,,,,,,,,,,,,,,,13843237029315354598,,693.251676902175,e0742fae2f26dcd9f4fc82e6f8ba0dcd,
Synth,sdl_001528.png,/home/marsi/TFM/data/gen/SD_E2_HOPE/v1_8000/sdl_001528.png,284,284,,1,melanoma,,,,train,3,1,0,,,,,,,,,,,,,,,13818385128666174590,,551.3249302171171,1e90c25997ce749b46f7b8e29ea2844b,
Synth,sdl_001529.png,/home/marsi/TFM/data/gen/SD_E2_HOPE/v1_8000/sdl_001529.png,284,284,,1,melanoma,,,,train,3,1,0,,,,,,,,,,,,,,,12119898858936299315,,296.7288607200608,9be5d74a412ee97f9b1332bafcb27e93,
Synth,sdl_001530.png,/home/marsi/TFM/data/gen/SD_E2_HOPE/v1_8000/sdl_001530.png,284,284,,1,melanoma,,,,train,3,1,0,,,,,,,,,,,,,,,13655132863361947520,,414.6231094514951,a2f7b6a5669bc2e9836e7bfb5d4a3786,
Synth,sdl_001531.png,/home/marsi/TFM/data/gen/SD_E2_HOPE/v1_8000/sdl_001531.png,284,284,,1,melanoma,,,,train,3,1,0,,,,,,,,,,,,,,,12469553653691404746,,475.2834966173396,a8f37becbc38840a61a30067db474a55,
Synth,sdl_001532.png,/home/marsi/TFM/data/gen/SD_E2_HOPE/v1_8000/sdl_001532.png,284,284,,1,melanoma,,,,train,3,1,0,,,,,,,,,,,,,,,12695871406955468361,,402.4297568164766,b6ef4ea3213796a121760afd827edbb2,
Synth,sdl_001533.png,/home/marsi/TFM/data/gen/SD_E2_HOPE/v1_8000/sdl_001533.png,284,284,,1,melanoma,,,,train,3,1,0,,,,,,,,,,,,,,,17885066573586997692,,266.2056948756799,f64795f113f1185c49e083832b43ab95,
Synth,sdl_001535.png,/home/marsi/TFM/data/gen/SD_E2_HOPE/v1_8000/sdl_001535.png,284,284,,1,melanoma,,,,train,3,1,0,,,,,,,,,,,,,,,16748189842622782385,,461.3758049076423,612f9bff4005bf5ea98ff867c9d05fa9,
Synth,sdl_001536.png,/home/marsi/TFM/data/gen/SD_E2_HOPE/v1_8000/sdl_001536.png,284,284,,1,melanoma,,,,train,3,1,0,,,,,,,,,,,,,,,17881684524789882327,,737.8506698003039,d5fe944f0f9868cf5bcf570ff930288c,
Synth,sdl_001537.png,/home/marsi/TFM/data/gen/SD_E2_HOPE/v1_8000/sdl_001537.png,284,284,,1,melanoma,,,,train,3,1,0,,,,,,,,,,,,,,,14352713156377303405,,1062.071558892727,a916c10e7620321aca2f10ac94f56851,
Synth,sdl_001538.png,/home/marsi/TFM/data/gen/SD_E2_HOPE/v1_8000/sdl_001538.png,284,284,,1,melanoma,,,,train,3,1,0,,,,,,,,,,,,,,,16754731443497167500,,250.74821093585345,960c79dbedda798500d89e4de77e560a,
Synth,sdl_001539.png,/home/marsi/TFM/data/gen/SD_E2_HOPE/v1_8000/sdl_001539.png,284,284,,1,melanoma,,,,train,3,1,0,,,,,,,,,,,,,,,13575189131064522807,,608.4962998889387,876646f64e73f8f32cee8bd13815cad6,
Synth,sdl_001540.png,/home/marsi/TFM/data/gen/SD_E2_HOPE/v1_8000/sdl_001540.png,284,284,,1,melanoma,,,,train,3,1,0,,,,,,,,,,,,,,,13434734797889790353,,288.0672015994787,a5afdee3e796dd224bd4d908a31cb46c,
Synth,sdl_001541.png,/home/marsi/TFM/data/gen/SD_E2_HOPE/v1_8000/sdl_001541.png,284,284,,1,melanoma,,,,train,3,1,0,,,,,,,,,,,,,,,13489272438622467428,,301.5994800925255,57188ad17c0c0bdd7cde22d4153ef731,
Synth,sdl_001542.png,/home/marsi/TFM/data/gen/SD_E2_HOPE/v1_8000/sdl_001542.png,284,284,,1,melanoma,,,,train,3,1,0,,,,,,,,,,,,,,,13772240919537503133,,791.7848746739328,7107961d1b342f23ebd671fb0ee9c581,
Synth,sdl_001543.png,/home/marsi/TFM/data/gen/SD_E2_HOPE/v1_8000/sdl_001543.png,284,284,,1,melanoma,,,,train,3,1,0,,,,,,,,,,,,,,,15001074646062487703,,947.1604420803488,1acb9addf534ccfa166e128667fa5abc,
Synth,sdl_001544.png,/home/marsi/TFM/data/gen/SD_E2_HOPE/v1_8000/sdl_001544.png,284,284,,1,melanoma,,,,train,3,1,0,,,,,,,,,,,,,,,13181403985571501733,,408.2467302680016,3cf1f8982dfa821c0f68d771ef3fe9e5,
Synth,sdl_001545.png,/home/marsi/TFM/data/gen/SD_E2_HOPE/v1_8000/sdl_001545.png,284,284,,1,melanoma,,,,train,3,1,0,,,,,,,,,,,,,,,16172293643172580827,,525.286052044481,17a6061af98f2d5ca4a834dfe97189fa,
Synth,sdl_001546.png,/home/marsi/TFM/data/gen/SD_E2_HOPE/v1_8000/sdl_001546.png,284,284,,1,melanoma,,,,train,3,1,0,,,,,,,,,,,,,,,14832941155013301156,,2940.604644238949,8c05d21c657f67ac2dca36bcf436a0f5,
Synth,sdl_001547.png,/home/marsi/TFM/data/gen/SD_E2_HOPE/v1_8000/sdl_001547.png,284,284,,1,melanoma,,,,train,3,1,0,,,,,,,,,,,,,,,16746784299630541914,,361.9797159284353,78f27dd16b9a2490868aef74caa07ac2,
Synth,sdl_001548.png,/home/marsi/TFM/data/gen/SD_E2_HOPE/v1_8000/sdl_001548.png,284,284,,1,melanoma,,,,train,3,1,0,,,,,,,,,,,,,,,17177227324313311889,,862.1434936523438,78d81d5848c1234ee5c1ef95fdbbc170,
Synth,sdl_001549.png,/home/marsi/TFM/data/gen/SD_E2_HOPE/v1_8000/sdl_001549.png,284,284,,1,melanoma,,,,train,3,1,0,,,,,,,,,,,,,,,16961330719362989205,,234.9317607283592,a1df626a4c94477d2ef6a629b7e67cc7,
Synth,sdl_001550.png,/home/marsi/TFM/data/gen/SD_E2_HOPE/v1_8000/sdl_001550.png,284,284,,1,melanoma,,,,train,3,1,0,,,,,,,,,,,,,,,12840771753408822408,,1409.9870843738315,25e6e9925a8c2b08c4db4b107e1eea92,
Synth,sdl_001551.png,/home/marsi/TFM/data/gen/SD_E2_HOPE/v1_8000/sdl_001551.png,284,284,,1,melanoma,,,,train,3,1,0,,,,,,,,,,,,,,,11462860471157902354,,765.4542825222015,e048a2c970f8e994e4e991d0a8f394db,
Synth,sdl_001552.png,/home/marsi/TFM/data/gen/SD_E2_HOPE/v1_8000/sdl_001552.png,284,284,,1,melanoma,,,,train,3,1,0,,,,,,,,,,,,,,,13360077377436678221,,287.4313674410805,5fb70190e7d302be1bc144a58247a8bc,
Synth,sdl_001553.png,/home/marsi/TFM/data/gen/SD_E2_HOPE/v1_8000/sdl_001553.png,284,284,,1,melanoma,,,,train,3,1,0,,,,,,,,,,,,,,,16386784397649331762,,368.5829776069149,2fbfbf269bbf992a4bd746e2f2f69db8,
Synth,sdl_001554.png,/home/marsi/TFM/data/gen/SD_E2_HOPE/v1_8000/sdl_001554.png,284,284,,1,melanoma,,,,train,3,1,0,,,,,,,,,,,,,,,13562523107147331605,,371.59408952947706,03fe5cdc2a010a4f380b9005a1bae0f2,
Synth,sdl_001555.png,/home/marsi/TFM/data/gen/SD_E2_HOPE/v1_8000/sdl_001555.png,284,284,,1,melanoma,,,,train,3,1,0,,,,,,,,,,,,,,,10856610082144494653,,1301.7478755675256,0725b91c2962c09c8ccdce2c8f978c50,
Synth,sdl_001556.png,/home/marsi/TFM/data/gen/SD_E2_HOPE/v1_8000/sdl_001556.png,284,284,,1,melanoma,,,,train,3,1,0,,,,,,,,,,,,,,,12498635540063670091,,2598.45962704625,fdd0d1da159a6aa3856b1a362377cec6,
Synth,sdl_001557.png,/home/marsi/TFM/data/gen/SD_E2_HOPE/v1_8000/sdl_001557.png,284,284,,1,melanoma,,,,train,3,1,0,,,,,,,,,,,,,,,16534005931037976353,,436.1770835965872,1eb4f13b00a680001f8ddbc38e429c63,
Synth,sdl_001559.png,/home/marsi/TFM/data/gen/SD_E2_HOPE/v1_8000/sdl_001559.png,284,284,,1,melanoma,,,,train,3,1,0,,,,,,,,,,,,,,,11636124074217117383,,1131.28271484375,38654e81f468e7d3a9010112f1553fd0,
Synth,sdl_001560.png,/home/marsi/TFM/data/gen/SD_E2_HOPE/v1_8000/sdl_001560.png,284,284,,1,melanoma,,,,train,3,1,0,,,,,,,,,,,,,,,13705511157342481692,,356.1369110196829,b40ef59abb3635128e9deedc77110688,
Synth,sdl_001561.png,/home/marsi/TFM/data/gen/SD_E2_HOPE/v1_8000/sdl_001561.png,284,284,,1,melanoma,,,,train,3,1,0,,,,,,,,,,,,,,,16244365783540648556,,342.20170187950134,e520096de5380124816540e98babc150,
Synth,sdl_001562.png,/home/marsi/TFM/data/gen/SD_E2_HOPE/v1_8000/sdl_001562.png,284,284,,1,melanoma,,,,train,3,1,0,,,,,,,,,,,,,,,13005203613877608248,,436.2595161786303,03e7ff7c00398db8d91bca77585a6270,
Synth,sdl_001563.png,/home/marsi/TFM/data/gen/SD_E2_HOPE/v1_8000/sdl_001563.png,284,284,,1,melanoma,,,,train,3,1,0,,,,,,,,,,,,,,,17326709835005957692,,317.5655785165727,cb505a2c970de112327b5b7a405ec667,
Synth,sdl_001564.png,/home/marsi/TFM/data/gen/SD_E2_HOPE/v1_8000/sdl_001564.png,284,284,,1,melanoma,,,,train,3,1,0,,,,,,,,,,,,,,,13775601666781914689,,597.1893363855779,83bf4bf3d3ab1b4227d95178c03a55d4,
Synth,sdl_001565.png,/home/marsi/TFM/data/gen/SD_E2_HOPE/v1_8000/sdl_001565.png,284,284,,1,melanoma,,,,train,3,1,0,,,,,,,,,,,,,,,17925317449921942448,,1359.5295678637922,b9f9a25929d755ad018cd575c3bc92db,
Synth,sdl_001566.png,/home/marsi/TFM/data/gen/SD_E2_HOPE/v1_8000/sdl_001566.png,284,284,,1,melanoma,,,,train,3,1,0,,,,,,,,,,,,,,,17310858143971044249,,263.87729265447706,bb694d2b20a4468a1eba1ec08113c426,
Synth,sdl_001567.png,/home/marsi/TFM/data/gen/SD_E2_HOPE/v1_8000/sdl_001567.png,284,284,,1,melanoma,,,,train,3,1,0,,,,,,,,,,,,,,,13201898754050891232,,337.88667464256287,a7db3a785584df9b8a6ae7d33b210291,
Synth,sdl_001568.png,/home/marsi/TFM/data/gen/SD_E2_HOPE/v1_8000/sdl_001568.png,284,284,,1,melanoma,,,,train,3,1,0,,,,,,,,,,,,,,,17610982853786027558,,285.7419038480148,178a7b56149257dbc405d1bdd219899c,
Synth,sdl_001569.png,/home/marsi/TFM/data/gen/SD_E2_HOPE/v1_8000/sdl_001569.png,284,284,,1,melanoma,,,,train,3,1,0,,,,,,,,,,,,,,,13630074937682902172,,253.8907789280638,84ed91b35bdae2da13e67f6bad046026,
Synth,sdl_001570.png,/home/marsi/TFM/data/gen/SD_E2_HOPE/v1_8000/sdl_001570.png,284,284,,1,melanoma,,,,train,3,1,0,,,,,,,,,,,,,,,13009715391673554829,,299.87939999904484,fcb20077ce9551bd1cc94eef7cc1ef10,
Synth,sdl_001571.png,/home/marsi/TFM/data/gen/SD_E2_HOPE/v1_8000/sdl_001571.png,284,284,,1,melanoma,,,,train,3,1,0,,,,,,,,,,,,,,,9328175532167099727,,2152.2237396240234,b7ecaeeada0b3e586df8dc37854c2b60,
Synth,sdl_001572.png,/home/marsi/TFM/data/gen/SD_E2_HOPE/v1_8000/sdl_001572.png,284,284,,1,melanoma,,,,train,3,1,0,,,,,,,,,,,,,,,13951537989514877465,,599.2997693866491,bf5556e5641d44d9e623418367146688,
Synth,sdl_001573.png,/home/marsi/TFM/data/gen/SD_E2_HOPE/v1_8000/sdl_001573.png,284,284,,1,melanoma,,,,train,3,1,0,,,,,,,,,,,,,,,13217432236604537929,,344.2743629580364,af1cbe737d3335f5e35ce87848aafe01,
Synth,sdl_001574.png,/home/marsi/TFM/data/gen/SD_E2_HOPE/v1_8000/sdl_001574.png,284,284,,1,melanoma,,,,train,3,1,0,,,,,,,,,,,,,,,16948032694054261834,,1481.9940356612206,d90b4e800e04f3d4359cd151b411fd9b,
Synth,sdl_001575.png,/home/marsi/TFM/data/gen/SD_E2_HOPE/v1_8000/sdl_001575.png,284,284,,1,melanoma,,,,train,3,1,0,,,,,,,,,,,,,,,17875515962788105882,,642.3393344730139,d6d6086a65065fe00e95cb262267f40f,
Synth,sdl_001576.png,/home/marsi/TFM/data/gen/SD_E2_HOPE/v1_8000/sdl_001576.png,284,284,,1,melanoma,,,,train,3,1,0,,,,,,,,,,,,,,,17239393864907757383,,465.963785585016,cd22a5a8b24bd59669461d078a47c4be,
Synth,sdl_001578.png,/home/marsi/TFM/data/gen/SD_E2_HOPE/v1_8000/sdl_001578.png,284,284,,1,melanoma,,,,train,3,1,0,,,,,,,,,,,,,,,16739479250151827301,,258.44808381423354,0cacfc11d462c76ab88c9973f1965420,
Synth,sdl_001579.png,/home/marsi/TFM/data/gen/SD_E2_HOPE/v1_8000/sdl_001579.png,284,284,,1,melanoma,,,,train,3,1,0,,,,,,,,,,,,,,,12569204183314556963,,363.4811061611399,c8c5e8015dce884598de99b1b72dcdad,
Synth,sdl_001580.png,/home/marsi/TFM/data/gen/SD_E2_HOPE/v1_8000/sdl_001580.png,284,284,,1,melanoma,,,,train,3,1,0,,,,,,,,,,,,,,,17521753215477425681,,1136.7385675273836,f8a2a4c5f32263c843f67eb0c05af4ad,
Synth,sdl_001581.png,/home/marsi/TFM/data/gen/SD_E2_HOPE/v1_8000/sdl_001581.png,284,284,,1,melanoma,,,,train,3,1,0,,,,,,,,,,,,,,,16224664623653874539,,427.3984037628397,8144ae519a9042be46d964ae010c07cd,
Synth,sdl_001582.png,/home/marsi/TFM/data/gen/SD_E2_HOPE/v1_8000/sdl_001582.png,284,284,,1,melanoma,,,,train,3,1,0,,,,,,,,,,,,,,,12640127190417161624,,617.9266787832603,684fb7cc43cc219fcdcf9bbcf90c441e,
Synth,sdl_001583.png,/home/marsi/TFM/data/gen/SD_E2_HOPE/v1_8000/sdl_001583.png,284,284,,1,melanoma,,,,train,3,1,0,,,,,,,,,,,,,,,16360332955367492923,,371.88583498355,a99159ab2751189d1729ea406faeb77a,
Synth,sdl_001584.png,/home/marsi/TFM/data/gen/SD_E2_HOPE/v1_8000/sdl_001584.png,284,284,,1,melanoma,,,,train,3,1,0,,,,,,,,,,,,,,,13856766683059337671,,1620.756284262985,4056e824075b0f1056d2e4c6ee32371f,
Synth,sdl_001585.png,/home/marsi/TFM/data/gen/SD_E2_HOPE/v1_8000/sdl_001585.png,284,284,,1,melanoma,,,,train,3,1,0,,,,,,,,,,,,,,,13265288900056047816,,327.9391187718138,6613a2891cfdd1ac8a77c79eb630a4de,
Synth,sdl_001586.png,/home/marsi/TFM/data/gen/SD_E2_HOPE/v1_8000/sdl_001586.png,284,284,,1,melanoma,,,,train,3,1,0,,,,,,,,,,,,,,,14373119512189983116,,654.5378881543875,a2eae8c677f9730685cf790ab430a6a2,
Synth,sdl_001587.png,/home/marsi/TFM/data/gen/SD_E2_HOPE/v1_8000/sdl_001587.png,284,284,,1,melanoma,,,,train,3,1,0,,,,,,,,,,,,,,,9609398218571042027,,1353.4788298010826,b2d72f0622081da835466f948344a8ec,
Synth,sdl_001588.png,/home/marsi/TFM/data/gen/SD_E2_HOPE/v1_8000/sdl_001588.png,284,284,,1,melanoma,,,,train,3,1,0,,,,,,,,,,,,,,,10681634543515422687,,881.0830086907372,b91c7432e2aa38811fecd563ecfcfe01,
Synth,sdl_001589.png,/home/marsi/TFM/data/gen/SD_E2_HOPE/v1_8000/sdl_001589.png,284,284,,1,melanoma,,,,train,3,1,0,,,,,,,,,,,,,,,13067691325236131550,,10501.07205660548,287dd9e2dba3fa3e459cf389d636ec3d,
Synth,sdl_001592.png,/home/marsi/TFM/data/gen/SD_E2_HOPE/v1_8000/sdl_001592.png,284,284,,1,melanoma,,,,train,3,1,0,,,,,,,,,,,,,,,12698252332102520281,,396.789794921875,a6f7ea303584ae0efd27ce9b0d56ff63,
Synth,sdl_001593.png,/home/marsi/TFM/data/gen/SD_E2_HOPE/v1_8000/sdl_001593.png,284,284,,1,melanoma,,,,train,3,1,0,,,,,,,,,,,,,,,16747347407076340459,,680.9015787011012,2bd5c71a9393412cd1023c1a41e8e533,
Synth,sdl_001594.png,/home/marsi/TFM/data/gen/SD_E2_HOPE/v1_8000/sdl_001594.png,284,284,,1,melanoma,,,,train,3,1,0,,,,,,,,,,,,,,,13702132427921111059,,410.09389877319336,bf48faff4fb291cd93ccdc6a09cf189c,
Synth,sdl_001595.png,/home/marsi/TFM/data/gen/SD_E2_HOPE/v1_8000/sdl_001595.png,284,284,,1,melanoma,,,,train,3,1,0,,,,,,,,,,,,,,,16877685759649538142,,237.34307834412903,5ea2381642520b400b9c6d31dbebbe8a,
Synth,sdl_001596.png,/home/marsi/TFM/data/gen/SD_E2_HOPE/v1_8000/sdl_001596.png,284,284,,1,melanoma,,,,train,3,1,0,,,,,,,,,,,,,,,18069428235731785314,,268.2588407956064,3d3a697dae69c14f9ba83147b26d7b90,
Synth,sdl_001597.png,/home/marsi/TFM/data/gen/SD_E2_HOPE/v1_8000/sdl_001597.png,284,284,,1,melanoma,,,,train,3,1,0,,,,,,,,,,,,,,,18042143455196991893,,3180.262190564536,33ddf11c1ead13b69685ef051f0a1f12,
Synth,sdl_001598.png,/home/marsi/TFM/data/gen/SD_E2_HOPE/v1_8000/sdl_001598.png,284,284,,1,melanoma,,,,train,3,1,0,,,,,,,,,,,,,,,9922276020240725978,,2625.911618914455,e389384dfa6459508692a42bf7dd8b21,
Synth,sdl_001599.png,/home/marsi/TFM/data/gen/SD_E2_HOPE/v1_8000/sdl_001599.png,284,284,,1,melanoma,,,,train,3,1,0,,,,,,,,,,,,,,,15380432797211464508,,1659.1732276445257,e9d1fcd0835599fbb83e3bac3d5b8f27,
Synth,sdl_001600.png,/home/marsi/TFM/data/gen/SD_E2_HOPE/v1_8000/sdl_001600.png,284,284,,1,melanoma,,,,train,3,1,0,,,,,,,,,,,,,,,16304021503733488075,,593.9011155217886,5f5274c1ba8dcd57459e3d88230501a7,
Synth,sdl_001601.png,/home/marsi/TFM/data/gen/SD_E2_HOPE/v1_8000/sdl_001601.png,284,284,,1,melanoma,,,,train,3,1,0,,,,,,,,,,,,,,,10481925668966122289,,419.0632792031393,6a2d30b525c93e63f9064b990c715e78,
Synth,sdl_001602.png,/home/marsi/TFM/data/gen/SD_E2_HOPE/v1_8000/sdl_001602.png,284,284,,1,melanoma,,,,train,3,1,0,,,,,,,,,,,,,,,16503604332752160749,,771.9982155412436,94979b0d92c5406e8ac7f5f02cd5d34a,
Synth,sdl_001604.png,/home/marsi/TFM/data/gen/SD_E2_HOPE/v1_8000/sdl_001604.png,284,284,,1,melanoma,,,,train,3,1,0,,,,,,,,,,,,,,,16966116038683147404,,562.1634813090786,88339c92d7c6e8181f3790cc5f4c2947,
Synth,sdl_001605.png,/home/marsi/TFM/data/gen/SD_E2_HOPE/v1_8000/sdl_001605.png,284,284,,1,melanoma,,,,train,3,1,0,,,,,,,,,,,,,,,13503640742519326057,,3024.6655758284032,8a67bb600e2639213a39bcdc59a556e7,
Synth,sdl_001606.png,/home/marsi/TFM/data/gen/SD_E2_HOPE/v1_8000/sdl_001606.png,284,284,,1,melanoma,,,,train,3,1,0,,,,,,,,,,,,,,,13194642979931058191,,494.46842239703983,b0b0d8b578ee16648426db939152f37c,
Synth,sdl_001608.png,/home/marsi/TFM/data/gen/SD_E2_HOPE/v1_8000/sdl_001608.png,284,284,,1,melanoma,,,,train,3,1,0,,,,,,,,,,,,,,,12834930505475244260,,914.3542119553312,c163e94b6c1a96804be601c97b8fd267,
Synth,sdl_001609.png,/home/marsi/TFM/data/gen/SD_E2_HOPE/v1_8000/sdl_001609.png,284,284,,1,melanoma,,,,train,3,1,0,,,,,,,,,,,,,,,13485967316185806985,,733.9852176150307,0b28640926a8e2f54e125ea4dc0f2965,
Synth,sdl_001610.png,/home/marsi/TFM/data/gen/SD_E2_HOPE/v1_8000/sdl_001610.png,284,284,,1,melanoma,,,,train,3,1,0,,,,,,,,,,,,,,,17371674947790293468,,691.2355757802725,0479feda9de57ed4199822d9e5c900f7,
Synth,sdl_001611.png,/home/marsi/TFM/data/gen/SD_E2_HOPE/v1_8000/sdl_001611.png,284,284,,1,melanoma,,,,train,3,1,0,,,,,,,,,,,,,,,14209863480068749111,,228.0932845911011,5b5d18f547d7585bf2787f3a53942069,
Synth,sdl_001612.png,/home/marsi/TFM/data/gen/SD_E2_HOPE/v1_8000/sdl_001612.png,284,284,,1,melanoma,,,,train,3,1,0,,,,,,,,,,,,,,,10682188410356881888,,475.2935017943382,4bfd97d310c19f73b30b2efea98cc068,
Synth,sdl_001613.png,/home/marsi/TFM/data/gen/SD_E2_HOPE/v1_8000/sdl_001613.png,284,284,,1,melanoma,,,,train,3,1,0,,,,,,,,,,,,,,,13435511512544254382,,691.1954799257219,188105e0f1a5a02c9953182aa4345ea3,
Synth,sdl_001614.png,/home/marsi/TFM/data/gen/SD_E2_HOPE/v1_8000/sdl_001614.png,284,284,,1,melanoma,,,,train,3,1,0,,,,,,,,,,,,,,,16385675280560253288,,264.41798008885235,6eea359726b4b3b1ca06fe6100170d29,
Synth,sdl_001615.png,/home/marsi/TFM/data/gen/SD_E2_HOPE/v1_8000/sdl_001615.png,284,284,,1,melanoma,,,,train,3,1,0,,,,,,,,,,,,,,,13769618811530030284,,497.9553251778707,f79067eccd47c00fd7fa478cf4150508,
Synth,sdl_001616.png,/home/marsi/TFM/data/gen/SD_E2_HOPE/v1_8000/sdl_001616.png,284,284,,1,melanoma,,,,train,3,1,0,,,,,,,,,,,,,,,12338619124771727493,,388.515787771903,4914af93b3945f6b5fa6eee72ebafeca,
Synth,sdl_001617.png,/home/marsi/TFM/data/gen/SD_E2_HOPE/v1_8000/sdl_001617.png,284,284,,1,melanoma,,,,train,3,1,0,,,,,,,,,,,,,,,11901820596379149619,,451.669404915534,8aff579f867aef5d4a0b0a43bb9ae416,
Synth,sdl_001618.png,/home/marsi/TFM/data/gen/SD_E2_HOPE/v1_8000/sdl_001618.png,284,284,,1,melanoma,,,,train,3,1,0,,,,,,,,,,,,,,,16173435536701934985,,493.7945003500208,6e821e2a5e1b23f3fcb9e1d923f1bd67,
Synth,sdl_001619.png,/home/marsi/TFM/data/gen/SD_E2_HOPE/v1_8000/sdl_001619.png,284,284,,1,melanoma,,,,train,3,1,0,,,,,,,,,,,,,,,13701853190257032474,,300.8085710471496,8a5ae85a909bc68fa2a3d79b6217c26c,
Synth,sdl_001620.png,/home/marsi/TFM/data/gen/SD_E2_HOPE/v1_8000/sdl_001620.png,284,284,,1,melanoma,,,,train,3,1,0,,,,,,,,,,,,,,,13053342225686815022,,311.8741528606042,c11484b618e49f089cfa10206c98d085,
Synth,sdl_001621.png,/home/marsi/TFM/data/gen/SD_E2_HOPE/v1_8000/sdl_001621.png,284,284,,1,melanoma,,,,train,3,1,0,,,,,,,,,,,,,,,17887613208685104326,,456.8576135896146,df75bd72f8f680e9d430b94892b3c79c,
Synth,sdl_001622.png,/home/marsi/TFM/data/gen/SD_E2_HOPE/v1_8000/sdl_001622.png,284,284,,1,melanoma,,,,train,3,1,0,,,,,,,,,,,,,,,17162819951910652265,,457.1074750088155,9c82d179270ec07508c71c7a30556015,
Synth,sdl_001623.png,/home/marsi/TFM/data/gen/SD_E2_HOPE/v1_8000/sdl_001623.png,284,284,,1,melanoma,,,,train,3,1,0,,,,,,,,,,,,,,,17036773879669541736,,330.8108292669058,fcf8e0f1a4c6869a719f0ab7a29ca2b2,
Synth,sdl_001624.png,/home/marsi/TFM/data/gen/SD_E2_HOPE/v1_8000/sdl_001624.png,284,284,,1,melanoma,,,,train,3,1,0,,,,,,,,,,,,,,,16748823111916656788,,414.98390328045934,4bd8d1d7a3edafd6f5bbf5be33c332bd,
Synth,sdl_001625.png,/home/marsi/TFM/data/gen/SD_E2_HOPE/v1_8000/sdl_001625.png,284,284,,1,melanoma,,,,train,3,1,0,,,,,,,,,,,,,,,16147803573507660278,,1537.7088160729036,86f24fb9528f4c4b4854f488a158f7e5,
Synth,sdl_001626.png,/home/marsi/TFM/data/gen/SD_E2_HOPE/v1_8000/sdl_001626.png,284,284,,1,melanoma,,,,train,3,1,0,,,,,,,,,,,,,,,11329861270068488045,,1164.8863947382197,ae15c876c30450142b6197c6ab07c1c1,
Synth,sdl_001627.png,/home/marsi/TFM/data/gen/SD_E2_HOPE/v1_8000/sdl_001627.png,284,284,,1,melanoma,,,,train,3,1,0,,,,,,,,,,,,,,,13856509062007262835,,798.8678610166535,28c49eb904a18812374ba8fb56895b8a,
Synth,sdl_001628.png,/home/marsi/TFM/data/gen/SD_E2_HOPE/v1_8000/sdl_001628.png,284,284,,1,melanoma,,,,train,3,1,0,,,,,,,,,,,,,,,16313310362585356957,,548.0729347756132,932e2318ca0329b731b422a12847a3cb,
Synth,sdl_001629.png,/home/marsi/TFM/data/gen/SD_E2_HOPE/v1_8000/sdl_001629.png,284,284,,1,melanoma,,,,train,3,1,0,,,,,,,,,,,,,,,13056147289801649453,,311.86767515167594,af3bd890abaad8d286e823f1db42fd22,
Synth,sdl_001630.png,/home/marsi/TFM/data/gen/SD_E2_HOPE/v1_8000/sdl_001630.png,284,284,,1,melanoma,,,,train,3,1,0,,,,,,,,,,,,,,,16457719388403636924,,262.5644034743309,95ced25a4ffe3552f271c4885718657a,
Synth,sdl_001631.png,/home/marsi/TFM/data/gen/SD_E2_HOPE/v1_8000/sdl_001631.png,284,284,,1,melanoma,,,,train,3,1,0,,,,,,,,,,,,,,,11690948740969359832,,240.46297727525237,1729af773b7380f8e2d2865ccb0a1b6a,
Synth,sdl_001632.png,/home/marsi/TFM/data/gen/SD_E2_HOPE/v1_8000/sdl_001632.png,284,284,,1,melanoma,,,,train,3,1,0,,,,,,,,,,,,,,,12397799402581312417,,446.0437337523326,2d3c54a0ba0bda2f2753ba99fdf09be7,
Synth,sdl_001633.png,/home/marsi/TFM/data/gen/SD_E2_HOPE/v1_8000/sdl_001633.png,284,284,,1,melanoma,,,,train,3,1,0,,,,,,,,,,,,,,,15589704603465293540,,739.5686353733763,33c96754b4a5ba1ba3e567a9ab722b53,
Synth,sdl_001634.png,/home/marsi/TFM/data/gen/SD_E2_HOPE/v1_8000/sdl_001634.png,284,284,,1,melanoma,,,,train,3,1,0,,,,,,,,,,,,,,,16819130155633500828,,581.6096989428625,e9fddb70717f829b8114978ac981095b,
Synth,sdl_001635.png,/home/marsi/TFM/data/gen/SD_E2_HOPE/v1_8000/sdl_001635.png,284,284,,1,melanoma,,,,train,3,1,0,,,,,,,,,,,,,,,16162738702104291308,,322.0015504946932,8bbd0f5ed18265c34cb46d98fb95215c,
Synth,sdl_001636.png,/home/marsi/TFM/data/gen/SD_E2_HOPE/v1_8000/sdl_001636.png,284,284,,1,melanoma,,,,train,3,1,0,,,,,,,,,,,,,,,16512899513827544166,,269.23070283140987,32d077aa1505789967a958d3a43f9f41,
Synth,sdl_001637.png,/home/marsi/TFM/data/gen/SD_E2_HOPE/v1_8000/sdl_001637.png,284,284,,1,melanoma,,,,train,3,1,0,,,,,,,,,,,,,,,9618091846670524205,,2624.512035474181,488dd4460f9d6dee227c527d7de4dbbf,
Synth,sdl_001638.png,/home/marsi/TFM/data/gen/SD_E2_HOPE/v1_8000/sdl_001638.png,284,284,,1,melanoma,,,,train,3,1,0,,,,,,,,,,,,,,,16315571222143985188,,287.9626646600664,00f1bc9eb2252089ecc05a378566022c,
Synth,sdl_001639.png,/home/marsi/TFM/data/gen/SD_E2_HOPE/v1_8000/sdl_001639.png,284,284,,1,melanoma,,,,train,3,1,0,,,,,,,,,,,,,,,13768514490874742829,,2447.49283043202,a1b89b814aa3de30775487d829031b32,
Synth,sdl_001640.png,/home/marsi/TFM/data/gen/SD_E2_HOPE/v1_8000/sdl_001640.png,284,284,,1,melanoma,,,,train,3,1,0,,,,,,,,,,,,,,,12482172725269371781,,3958.5671953773126,148b09a0e289ceae1380dce8c927e40a,
Synth,sdl_001641.png,/home/marsi/TFM/data/gen/SD_E2_HOPE/v1_8000/sdl_001641.png,284,284,,1,melanoma,,,,train,3,1,0,,,,,,,,,,,,,,,12997607994147235110,,432.60374131426215,cd6747b1b0fd1ee662b64a2739aabc94,
Synth,sdl_001642.png,/home/marsi/TFM/data/gen/SD_E2_HOPE/v1_8000/sdl_001642.png,284,284,,1,melanoma,,,,train,3,1,0,,,,,,,,,,,,,,,12981277695812377759,,310.5780862560496,030bed4f7eb7fea0c19d910aaf4d4165,
Synth,sdl_001643.png,/home/marsi/TFM/data/gen/SD_E2_HOPE/v1_8000/sdl_001643.png,284,284,,1,melanoma,,,,train,3,1,0,,,,,,,,,,,,,,,17108267694477176856,,681.0663321875036,9168062aed337925e9941bcec28d43f6,
Synth,sdl_001644.png,/home/marsi/TFM/data/gen/SD_E2_HOPE/v1_8000/sdl_001644.png,284,284,,1,melanoma,,,,train,3,1,0,,,,,,,,,,,,,,,17105463153679562483,,970.4622533880174,5652d08b1c1d30947c19d4ec835f6c70,
Synth,sdl_001645.png,/home/marsi/TFM/data/gen/SD_E2_HOPE/v1_8000/sdl_001645.png,284,284,,1,melanoma,,,,train,3,1,0,,,,,,,,,,,,,,,18026928297398378809,,413.4059452861548,2c2793e43d05424c7346d1755e2d78ce,
Synth,sdl_001646.png,/home/marsi/TFM/data/gen/SD_E2_HOPE/v1_8000/sdl_001646.png,284,284,,1,melanoma,,,,train,3,1,0,,,,,,,,,,,,,,,10770852078403924920,,302.8216020911932,be8d1f250d0814fdb20d1768058caecf,
Synth,sdl_001647.png,/home/marsi/TFM/data/gen/SD_E2_HOPE/v1_8000/sdl_001647.png,284,284,,1,melanoma,,,,train,3,1,0,,,,,,,,,,,,,,,14212824803312559795,,467.6062850020826,90833b7f4aa501014c552fdcddcd072d,
Synth,sdl_001648.png,/home/marsi/TFM/data/gen/SD_E2_HOPE/v1_8000/sdl_001648.png,284,284,,1,melanoma,,,,train,3,1,0,,,,,,,,,,,,,,,16241832471561934521,,986.5003083189948,6349bd5cecfa3d765f1d86fd31ac3629,
Synth,sdl_001649.png,/home/marsi/TFM/data/gen/SD_E2_HOPE/v1_8000/sdl_001649.png,284,284,,1,melanoma,,,,train,3,1,0,,,,,,,,,,,,,,,16886952301112570908,,452.8215777566657,df1c56adcaa28bd41e2c0577186a2e1d,
Synth,sdl_001650.png,/home/marsi/TFM/data/gen/SD_E2_HOPE/v1_8000/sdl_001650.png,284,284,,1,melanoma,,,,train,3,1,0,,,,,,,,,,,,,,,13621015004654945784,,416.3418424269185,416ac79b34720513d707e92612a826dd,
Synth,sdl_001651.png,/home/marsi/TFM/data/gen/SD_E2_HOPE/v1_8000/sdl_001651.png,284,284,,1,melanoma,,,,train,3,1,0,,,,,,,,,,,,,,,16911445168138903612,,270.91374084260315,f553f0b0ae9cfc9637c1cebf6f16c2ed,
Synth,sdl_001652.png,/home/marsi/TFM/data/gen/SD_E2_HOPE/v1_8000/sdl_001652.png,284,284,,1,melanoma,,,,train,3,1,0,,,,,,,,,,,,,,,17758679795819965468,,497.1519315456972,3f6e734775ebee8122c6846c28fc49c6,
Synth,sdl_001653.png,/home/marsi/TFM/data/gen/SD_E2_HOPE/v1_8000/sdl_001653.png,284,284,,1,melanoma,,,,train,3,1,0,,,,,,,,,,,,,,,13815566366411269722,,544.4228293290362,b696fea3413030900f7f745d5cda574b,
Synth,sdl_001654.png,/home/marsi/TFM/data/gen/SD_E2_HOPE/v1_8000/sdl_001654.png,284,284,,1,melanoma,,,,train,3,1,0,,,,,,,,,,,,,,,13779837146650009720,,363.1588705768809,97c8575452c881b768de3c94f273a17d,
Synth,sdl_001655.png,/home/marsi/TFM/data/gen/SD_E2_HOPE/v1_8000/sdl_001655.png,284,284,,1,melanoma,,,,train,3,1,0,,,,,,,,,,,,,,,11852495392427810704,,770.7420067191124,4fbe2248390fead9c1df431944bb0f63,
Synth,sdl_001656.png,/home/marsi/TFM/data/gen/SD_E2_HOPE/v1_8000/sdl_001656.png,284,284,,1,melanoma,,,,train,3,1,0,,,,,,,,,,,,,,,13058681626220259102,,397.40442528482527,0740b2ceb64b979eb3f635867e219e2e,
Synth,sdl_001657.png,/home/marsi/TFM/data/gen/SD_E2_HOPE/v1_8000/sdl_001657.png,284,284,,1,melanoma,,,,train,3,1,0,,,,,,,,,,,,,,,12468450029888788998,,961.9336067400872,f2af921fc8a477b11c962554ece3f16c,
Synth,sdl_001658.png,/home/marsi/TFM/data/gen/SD_E2_HOPE/v1_8000/sdl_001658.png,284,284,,1,melanoma,,,,train,3,1,0,,,,,,,,,,,,,,,14068151020371720604,,1074.302678107284,1df6237383c4ccc5ebbe1fb98a5b6471,
Synth,sdl_001659.png,/home/marsi/TFM/data/gen/SD_E2_HOPE/v1_8000/sdl_001659.png,284,284,,1,melanoma,,,,train,3,1,0,,,,,,,,,,,,,,,9606274000978671771,,704.6428234837949,b8cc85a28a3a253f994caacee4ebabd6,
Synth,sdl_001660.png,/home/marsi/TFM/data/gen/SD_E2_HOPE/v1_8000/sdl_001660.png,284,284,,1,melanoma,,,,train,3,1,0,,,,,,,,,,,,,,,14083483693896767716,,558.4483785172924,8b3432e85e0f94e574444dbd15cc44bb,
Synth,sdl_001661.png,/home/marsi/TFM/data/gen/SD_E2_HOPE/v1_8000/sdl_001661.png,284,284,,1,melanoma,,,,train,3,1,0,,,,,,,,,,,,,,,13564784425300054567,,331.46946090459824,38df89cfd52ff2bd4b388e1d8bb1abb3,
Synth,sdl_001663.png,/home/marsi/TFM/data/gen/SD_E2_HOPE/v1_8000/sdl_001663.png,284,284,,1,melanoma,,,,train,3,1,0,,,,,,,,,,,,,,,16193691768386793840,,458.4646710716188,0ccb8aac9e1b87e09b561f593bd545b9,
Synth,sdl_001664.png,/home/marsi/TFM/data/gen/SD_E2_HOPE/v1_8000/sdl_001664.png,284,284,,1,melanoma,,,,train,3,1,0,,,,,,,,,,,,,,,12984937540192463948,,281.96745324041694,39002dbedb6b6732facdfab91d46249e,
Synth,sdl_001665.png,/home/marsi/TFM/data/gen/SD_E2_HOPE/v1_8000/sdl_001665.png,284,284,,1,melanoma,,,,train,3,1,0,,,,,,,,,,,,,,,16876560098980318603,,288.56822818517685,85b07855fae5d17b1749eeefec585ec2,
Synth,sdl_001667.png,/home/marsi/TFM/data/gen/SD_E2_HOPE/v1_8000/sdl_001667.png,284,284,,1,melanoma,,,,train,3,1,0,,,,,,,,,,,,,,,17018143542471106204,,422.9563622763381,6adcf6e356914eb1f4c7e73fc0e19315,
Synth,sdl_001669.png,/home/marsi/TFM/data/gen/SD_E2_HOPE/v1_8000/sdl_001669.png,284,284,,1,melanoma,,,,train,3,1,0,,,,,,,,,,,,,,,17286082207342448851,,583.9555610269308,5e74aba2dce64cbe874e592bef8d9acc,
Synth,sdl_001670.png,/home/marsi/TFM/data/gen/SD_E2_HOPE/v1_8000/sdl_001670.png,284,284,,1,melanoma,,,,train,3,1,0,,,,,,,,,,,,,,,11618898787692139208,,562.1607023142278,0afc8a9a523f48364cae6a9feb8ef061,
Synth,sdl_001671.png,/home/marsi/TFM/data/gen/SD_E2_HOPE/v1_8000/sdl_001671.png,284,284,,1,melanoma,,,,train,3,1,0,,,,,,,,,,,,,,,13632627312106549136,,389.7599487295374,7a6e5cc52581e5e023ab850b0cbefc92,
Synth,sdl_001672.png,/home/marsi/TFM/data/gen/SD_E2_HOPE/v1_8000/sdl_001672.png,284,284,,1,melanoma,,,,train,3,1,0,,,,,,,,,,,,,,,12638442069629219800,,509.41256745066494,84391c9ef229dada576a061e2ffe251e,
Synth,sdl_001674.png,/home/marsi/TFM/data/gen/SD_E2_HOPE/v1_8000/sdl_001674.png,284,284,,1,melanoma,,,,train,3,1,0,,,,,,,,,,,,,,,14303781357180411174,,1298.3480139067397,da6f16a24584772213147198353f86cf,
Synth,sdl_001675.png,/home/marsi/TFM/data/gen/SD_E2_HOPE/v1_8000/sdl_001675.png,284,284,,1,melanoma,,,,train,3,1,0,,,,,,,,,,,,,,,17036769739459666547,,244.4802288254723,cf7c9f1b75ff294ff39c0b7af54e218b,
Synth,sdl_001677.png,/home/marsi/TFM/data/gen/SD_E2_HOPE/v1_8000/sdl_001677.png,284,284,,1,melanoma,,,,train,3,1,0,,,,,,,,,,,,,,,12698123228243452867,,319.0441751331091,8459635bffda3320acda9fcd79cec2f8,
Synth,sdl_001678.png,/home/marsi/TFM/data/gen/SD_E2_HOPE/v1_8000/sdl_001678.png,284,284,,1,melanoma,,,,train,3,1,0,,,,,,,,,,,,,,,12699451416261715406,,295.4582440853119,6cd1acbbf23966a8ee640b10d983475d,
Synth,sdl_001679.png,/home/marsi/TFM/data/gen/SD_E2_HOPE/v1_8000/sdl_001679.png,284,284,,1,melanoma,,,,train,3,1,0,,,,,,,,,,,,,,,12913725350115305837,,388.4769873237237,c656fdb2536f0734d556edc055678793,
Synth,sdl_001680.png,/home/marsi/TFM/data/gen/SD_E2_HOPE/v1_8000/sdl_001680.png,284,284,,1,melanoma,,,,train,3,1,0,,,,,,,,,,,,,,,16892584886544128923,,240.31408022344112,98e668e907042d958a5665a025b21078,
Synth,sdl_001681.png,/home/marsi/TFM/data/gen/SD_E2_HOPE/v1_8000/sdl_001681.png,284,284,,1,melanoma,,,,train,3,1,0,,,,,,,,,,,,,,,13502026528457629516,,2087.6454669088125,e20cbdc240fe8a87945c9b1149d2261f,
Synth,sdl_001682.png,/home/marsi/TFM/data/gen/SD_E2_HOPE/v1_8000/sdl_001682.png,284,284,,1,melanoma,,,,train,3,1,0,,,,,,,,,,,,,,,16774998450800523399,,535.596801623702,bbdbfc625ad7a1324d4851dd6779e2de,
Synth,sdl_001683.png,/home/marsi/TFM/data/gen/SD_E2_HOPE/v1_8000/sdl_001683.png,284,284,,1,melanoma,,,,train,3,1,0,,,,,,,,,,,,,,,18174699352062109470,,275.22085531707853,5629572a7d3be4826f764cf30ecaed1a,
Synth,sdl_001684.png,/home/marsi/TFM/data/gen/SD_E2_HOPE/v1_8000/sdl_001684.png,284,284,,1,melanoma,,,,train,3,1,0,,,,,,,,,,,,,,,10471376894072969529,,374.7240958474577,2667ab101c2f51f77611e9ee1f3d19d7,
Synth,sdl_001685.png,/home/marsi/TFM/data/gen/SD_E2_HOPE/v1_8000/sdl_001685.png,284,284,,1,melanoma,,,,train,3,1,0,,,,,,,,,,,,,,,13430514318203056188,,378.5610217452049,859b0a0e8ccc48ed67527667b179c3c7,
Synth,sdl_001686.png,/home/marsi/TFM/data/gen/SD_E2_HOPE/v1_8000/sdl_001686.png,284,284,,1,melanoma,,,,train,3,1,0,,,,,,,,,,,,,,,14294725511818198941,,1915.1332181831824,3f3321be0098345d45bacb9be816a915,
Synth,sdl_001687.png,/home/marsi/TFM/data/gen/SD_E2_HOPE/v1_8000/sdl_001687.png,284,284,,1,melanoma,,,,train,3,1,0,,,,,,,,,,,,,,,16877381393474623287,,2562.5522760748863,144c33877982d1606c985fa508b1a6b6,
Synth,sdl_001688.png,/home/marsi/TFM/data/gen/SD_E2_HOPE/v1_8000/sdl_001688.png,284,284,,1,melanoma,,,,train,3,1,0,,,,,,,,,,,,,,,16253423798427000343,,742.6922978078946,ad8117f6a98c0e47af4c57dc5bc0c7c9,
Synth,sdl_001689.png,/home/marsi/TFM/data/gen/SD_E2_HOPE/v1_8000/sdl_001689.png,284,284,,1,melanoma,,,,train,3,1,0,,,,,,,,,,,,,,,16243236378774424786,,1092.9938325546682,a82004f1274262454c356ec1866c0303,
Synth,sdl_001690.png,/home/marsi/TFM/data/gen/SD_E2_HOPE/v1_8000/sdl_001690.png,284,284,,1,melanoma,,,,train,3,1,0,,,,,,,,,,,,,,,18186262335922389466,,464.6831829808653,bac246565d1bc8954d297f927f877771,
Synth,sdl_001691.png,/home/marsi/TFM/data/gen/SD_E2_HOPE/v1_8000/sdl_001691.png,284,284,,1,melanoma,,,,train,3,1,0,,,,,,,,,,,,,,,17434151929494124128,,278.56931082811207,081152668cea57a582f4435b0107867b,
Synth,sdl_001692.png,/home/marsi/TFM/data/gen/SD_E2_HOPE/v1_8000/sdl_001692.png,284,284,,1,melanoma,,,,train,3,1,0,,,,,,,,,,,,,,,16792963631146453915,,4880.609478589147,c9bd6f9d8e30c02dfa58e94e670fb95b,
Synth,sdl_001693.png,/home/marsi/TFM/data/gen/SD_E2_HOPE/v1_8000/sdl_001693.png,284,284,,1,melanoma,,,,train,3,1,0,,,,,,,,,,,,,,,16441197113386886693,,576.3501222273335,e6cf9f188d3a72f0b3adaca8c1a79dc0,
Synth,sdl_001694.png,/home/marsi/TFM/data/gen/SD_E2_HOPE/v1_8000/sdl_001694.png,284,284,,1,melanoma,,,,train,3,1,0,,,,,,,,,,,,,,,16505575198796756249,,492.08332322444767,8ba4a2de2f41aa5359e7193e3afc5a23,
Synth,sdl_001695.png,/home/marsi/TFM/data/gen/SD_E2_HOPE/v1_8000/sdl_001695.png,284,284,,1,melanoma,,,,train,3,1,0,,,,,,,,,,,,,,,13993842602785471943,,1031.7493475042284,221a6e4fab43c1a87e5a6b698d9e2065,
Synth,sdl_001696.png,/home/marsi/TFM/data/gen/SD_E2_HOPE/v1_8000/sdl_001696.png,284,284,,1,melanoma,,,,train,3,1,0,,,,,,,,,,,,,,,17324949405473571749,,740.3606774806976,383e297a6bc53900ebe4a449635c05c3,
Synth,sdl_001697.png,/home/marsi/TFM/data/gen/SD_E2_HOPE/v1_8000/sdl_001697.png,284,284,,1,melanoma,,,,train,3,1,0,,,,,,,,,,,,,,,16371601522700536496,,370.0499718105421,86e33d5bbfd3f34ccc1762a7411ff702,
Synth,sdl_001698.png,/home/marsi/TFM/data/gen/SD_E2_HOPE/v1_8000/sdl_001698.png,284,284,,1,melanoma,,,,train,3,1,0,,,,,,,,,,,,,,,13196893570413337456,,233.57258807122707,92467e5f8d4d8d2c081a37f318db7835,
Synth,sdl_001699.png,/home/marsi/TFM/data/gen/SD_E2_HOPE/v1_8000/sdl_001699.png,284,284,,1,melanoma,,,,train,3,1,0,,,,,,,,,,,,,,,16314454118302766699,,755.3026840975508,f1d6c03177a3f35354f4f423232de6c4,
Synth,sdl_001700.png,/home/marsi/TFM/data/gen/SD_E2_HOPE/v1_8000/sdl_001700.png,284,284,,1,melanoma,,,,train,3,1,0,,,,,,,,,,,,,,,11846378087684599966,,244.462811216712,e2ffae6298a4cae3145914119fcefccf,
Synth,sdl_001701.png,/home/marsi/TFM/data/gen/SD_E2_HOPE/v1_8000/sdl_001701.png,284,284,,1,melanoma,,,,train,3,1,0,,,,,,,,,,,,,,,9600083307469559444,,1240.800674200058,c93a615441c9546e57585d7448659419,
Synth,sdl_001702.png,/home/marsi/TFM/data/gen/SD_E2_HOPE/v1_8000/sdl_001702.png,284,284,,1,melanoma,,,,train,3,1,0,,,,,,,,,,,,,,,17926164043131463142,,594.8070617532358,cf5527da5e05d964795b55a89fa3951f,
Synth,sdl_001703.png,/home/marsi/TFM/data/gen/SD_E2_HOPE/v1_8000/sdl_001703.png,284,284,,1,melanoma,,,,train,3,1,0,,,,,,,,,,,,,,,13511808164267608168,,442.8073998084292,ad3ee39f3d443f919c074cab06070c8c,
Synth,sdl_001704.png,/home/marsi/TFM/data/gen/SD_E2_HOPE/v1_8000/sdl_001704.png,284,284,,1,melanoma,,,,train,3,1,0,,,,,,,,,,,,,,,16240436134418340134,,491.3951596459374,0b0e8ec647feadf1a885b3469472fedf,
Synth,sdl_001705.png,/home/marsi/TFM/data/gen/SD_E2_HOPE/v1_8000/sdl_001705.png,284,284,,1,melanoma,,,,train,3,1,0,,,,,,,,,,,,,,,13817558858686961196,,292.91748094465584,2a1b3743f57edb7f40d2e7522d7ffe2a,
Synth,sdl_001706.png,/home/marsi/TFM/data/gen/SD_E2_HOPE/v1_8000/sdl_001706.png,284,284,,1,melanoma,,,,train,3,1,0,,,,,,,,,,,,,,,10823919918288323341,,2724.6015242934227,b89cab0c0a760d215a10bb09ab14ee38,
Synth,sdl_001707.png,/home/marsi/TFM/data/gen/SD_E2_HOPE/v1_8000/sdl_001707.png,284,284,,1,melanoma,,,,train,3,1,0,,,,,,,,,,,,,,,12411803682725836233,,831.7678062608466,65a4b8f65ad8c489dfff2b5cbb30c192,
Synth,sdl_001708.png,/home/marsi/TFM/data/gen/SD_E2_HOPE/v1_8000/sdl_001708.png,284,284,,1,melanoma,,,,train,3,1,0,,,,,,,,,,,,,,,13126116338851725942,,1281.9069406604394,b995d66066a5d47a36856249d987465e,
Synth,sdl_001709.png,/home/marsi/TFM/data/gen/SD_E2_HOPE/v1_8000/sdl_001709.png,284,284,,1,melanoma,,,,train,3,1,0,,,,,,,,,,,,,,,17204754690966317477,,509.4339588843286,52e86b046663a2110b2d7b86b3ba4660,
Synth,sdl_001710.png,/home/marsi/TFM/data/gen/SD_E2_HOPE/v1_8000/sdl_001710.png,284,284,,1,melanoma,,,,train,3,1,0,,,,,,,,,,,,,,,12329968351751520690,,533.5193184157833,71472b0e9af8026571b6fdf7ad5da873,
Synth,sdl_001711.png,/home/marsi/TFM/data/gen/SD_E2_HOPE/v1_8000/sdl_001711.png,284,284,,1,melanoma,,,,train,3,1,0,,,,,,,,,,,,,,,13636639020024884624,,1155.4550694823265,17c168bab2e1e8daa02fc88258b0c489,
Synth,sdl_001712.png,/home/marsi/TFM/data/gen/SD_E2_HOPE/v1_8000/sdl_001712.png,284,284,,1,melanoma,,,,train,3,1,0,,,,,,,,,,,,,,,12768157716390399078,,238.94626162946224,485c169627efcbc3b8340ed5d17a1b05,
Synth,sdl_001713.png,/home/marsi/TFM/data/gen/SD_E2_HOPE/v1_8000/sdl_001713.png,284,284,,1,melanoma,,,,train,3,1,0,,,,,,,,,,,,,,,14079251790798020481,,556.551021671854,cdce53b91486c925f28c089df41bfb14,
Synth,sdl_001714.png,/home/marsi/TFM/data/gen/SD_E2_HOPE/v1_8000/sdl_001714.png,284,284,,1,melanoma,,,,train,3,1,0,,,,,,,,,,,,,,,16487277125830929498,,289.1540513895452,37d870d27e7e2deff12fe3aa2dfc6069,
Synth,sdl_001715.png,/home/marsi/TFM/data/gen/SD_E2_HOPE/v1_8000/sdl_001715.png,284,284,,1,melanoma,,,,train,3,1,0,,,,,,,,,,,,,,,15147549041858190158,,464.6627144217491,1de27d89213a5c565d8484b6448346a4,
Synth,sdl_001716.png,/home/marsi/TFM/data/gen/SD_E2_HOPE/v1_8000/sdl_001716.png,284,284,,1,melanoma,,,,train,3,1,0,,,,,,,,,,,,,,,17452169574916859708,,318.03416999801993,d3d9d7a4736d6047741659ff28c6d375,
Synth,sdl_001717.png,/home/marsi/TFM/data/gen/SD_E2_HOPE/v1_8000/sdl_001717.png,284,284,,1,melanoma,,,,train,3,1,0,,,,,,,,,,,,,,,13791641210387478823,,270.6392802596092,458f8a134af8586612ae7595a1df2b15,
Synth,sdl_001718.png,/home/marsi/TFM/data/gen/SD_E2_HOPE/v1_8000/sdl_001718.png,284,284,,1,melanoma,,,,train,3,1,0,,,,,,,,,,,,,,,12625512561031997880,,598.0319125019014,b513a40ce9a1e8289b445daf55b27e11,
Synth,sdl_001719.png,/home/marsi/TFM/data/gen/SD_E2_HOPE/v1_8000/sdl_001719.png,284,284,,1,melanoma,,,,train,3,1,0,,,,,,,,,,,,,,,16226915639498852234,,341.1924802949652,17c280bf6c7d112dfdb67f0fc5939e47,
Synth,sdl_001720.png,/home/marsi/TFM/data/gen/SD_E2_HOPE/v1_8000/sdl_001720.png,284,284,,1,melanoma,,,,train,3,1,0,,,,,,,,,,,,,,,12714655248556891196,,917.9632176421584,68b691f65f8a84f5d6f02f869ec77e23,
Synth,sdl_001721.png,/home/marsi/TFM/data/gen/SD_E2_HOPE/v1_8000/sdl_001721.png,284,284,,1,melanoma,,,,train,3,1,0,,,,,,,,,,,,,,,16514027595242234471,,391.4564414685592,2eb7c20e6ce2572d48b068e454f99e2c,
Synth,sdl_001722.png,/home/marsi/TFM/data/gen/SD_E2_HOPE/v1_8000/sdl_001722.png,284,284,,1,melanoma,,,,train,3,1,0,,,,,,,,,,,,,,,13721559482533351899,,479.62177330162376,4dade530de668baaaf8acbb6bf8b409f,
Synth,sdl_001723.png,/home/marsi/TFM/data/gen/SD_E2_HOPE/v1_8000/sdl_001723.png,284,284,,1,melanoma,,,,train,3,1,0,,,,,,,,,,,,,,,16586916202338212761,,562.1516841314733,5569a322dcef8b72d92fb2c2a6328853,
Synth,sdl_001724.png,/home/marsi/TFM/data/gen/SD_E2_HOPE/v1_8000/sdl_001724.png,284,284,,1,melanoma,,,,train,3,1,0,,,,,,,,,,,,,,,17107137134563832638,,348.37636481877416,92aa1fed38717493523cbccd0675cb56,
Synth,sdl_001725.png,/home/marsi/TFM/data/gen/SD_E2_HOPE/v1_8000/sdl_001725.png,284,284,,1,melanoma,,,,train,3,1,0,,,,,,,,,,,,,,,12781432480752415804,,311.3327670088038,a44a8c37ddcdf1e56aa337e2693b4eca,
Synth,sdl_001727.png,/home/marsi/TFM/data/gen/SD_E2_HOPE/v1_8000/sdl_001727.png,284,284,,1,melanoma,,,,train,3,1,0,,,,,,,,,,,,,,,9613030734920252310,,1128.168404332362,9c71079ff721cb24be5f0e77cd2fcab8,
Synth,sdl_001728.png,/home/marsi/TFM/data/gen/SD_E2_HOPE/v1_8000/sdl_001728.png,284,284,,1,melanoma,,,,train,3,1,0,,,,,,,,,,,,,,,12987477402435179464,,508.7824958823621,c0b5c58f28c76f621de4f8c22aa51a83,
Synth,sdl_001729.png,/home/marsi/TFM/data/gen/SD_E2_HOPE/v1_8000/sdl_001729.png,284,284,,1,melanoma,,,,train,3,1,0,,,,,,,,,,,,,,,12466476208822804888,,936.8485258482395,bb8a1f82581a9d3beab77a248db7059a,
Synth,sdl_001730.png,/home/marsi/TFM/data/gen/SD_E2_HOPE/v1_8000/sdl_001730.png,284,284,,1,melanoma,,,,train,3,1,0,,,,,,,,,,,,,,,12855179449314522918,,374.2556138895452,3383340774215b6636191f9189594eb1,
Synth,sdl_001732.png,/home/marsi/TFM/data/gen/SD_E2_HOPE/v1_8000/sdl_001732.png,284,284,,1,melanoma,,,,train,3,1,0,,,,,,,,,,,,,,,16583872653716837371,,509.1308834245429,903426103eac563dcd3b600f135c446b,
Synth,sdl_001733.png,/home/marsi/TFM/data/gen/SD_E2_HOPE/v1_8000/sdl_001733.png,284,284,,1,melanoma,,,,train,3,1,0,,,,,,,,,,,,,,,11919286819594844009,,711.451361595653,ffeb809f16bcfd005d8e247e8d67285f,
Synth,sdl_001734.png,/home/marsi/TFM/data/gen/SD_E2_HOPE/v1_8000/sdl_001734.png,284,284,,1,melanoma,,,,train,3,1,0,,,,,,,,,,,,,,,13580188768079331762,,1631.561266362667,a3fd463da2b50fd8cbf2396886233017,
Synth,sdl_001735.png,/home/marsi/TFM/data/gen/SD_E2_HOPE/v1_8000/sdl_001735.png,284,284,,1,melanoma,,,,train,3,1,0,,,,,,,,,,,,,,,17194889984195809563,,245.15857344772667,f5c3fa7f6465b4a2b07837a1da947d26,
Synth,sdl_001736.png,/home/marsi/TFM/data/gen/SD_E2_HOPE/v1_8000/sdl_001736.png,284,284,,1,melanoma,,,,train,3,1,0,,,,,,,,,,,,,,,17098427886208513076,,420.8750308742746,0e203ed29a7db9df1c70831040d41318,
Synth,sdl_001737.png,/home/marsi/TFM/data/gen/SD_E2_HOPE/v1_8000/sdl_001737.png,284,284,,1,melanoma,,,,train,3,1,0,,,,,,,,,,,,,,,13046314534447444196,,548.4689331045374,98310ffec77e3d86bc2c2778aab52784,
Synth,sdl_001738.png,/home/marsi/TFM/data/gen/SD_E2_HOPE/v1_8000/sdl_001738.png,284,284,,1,melanoma,,,,train,3,1,0,,,,,,,,,,,,,,,16748191658324433049,,413.9871126851067,c5799a8ab5d358174f1b3ef6259982f4,
Synth,sdl_001739.png,/home/marsi/TFM/data/gen/SD_E2_HOPE/v1_8000/sdl_001739.png,284,284,,1,melanoma,,,,train,3,1,0,,,,,,,,,,,,,,,13843510246263162751,,1489.3886468671262,1d9e6c80b14b2e8e51a65a180c063333,
Synth,sdl_001740.png,/home/marsi/TFM/data/gen/SD_E2_HOPE/v1_8000/sdl_001740.png,284,284,,1,melanoma,,,,train,3,1,0,,,,,,,,,,,,,,,13361828882168699641,,852.3991996860132,e87da86e73a5e2bd2cc978d9d30ef37a,
Synth,sdl_001741.png,/home/marsi/TFM/data/gen/SD_E2_HOPE/v1_8000/sdl_001741.png,284,284,,1,melanoma,,,,train,3,1,0,,,,,,,,,,,,,,,18082146050814746810,,681.8534049391747,531783749a1b17ac7f7367de438eefbe,
Synth,sdl_001742.png,/home/marsi/TFM/data/gen/SD_E2_HOPE/v1_8000/sdl_001742.png,284,284,,1,melanoma,,,,train,3,1,0,,,,,,,,,,,,,,,16370757609504712247,,383.5399556001648,98cec501e624f0a8b950f24395608ae1,
Synth,sdl_001743.png,/home/marsi/TFM/data/gen/SD_E2_HOPE/v1_8000/sdl_001743.png,284,284,,1,melanoma,,,,train,3,1,0,,,,,,,,,,,,,,,13629252136020810931,,947.2763862460852,2b784c4233fb1d8b7782420a4ba28020,
Synth,sdl_001744.png,/home/marsi/TFM/data/gen/SD_E2_HOPE/v1_8000/sdl_001744.png,284,284,,1,melanoma,,,,train,3,1,0,,,,,,,,,,,,,,,12986342398050463803,,300.832074996084,35565957e507ff93220a4d5803804747,
Synth,sdl_001745.png,/home/marsi/TFM/data/gen/SD_E2_HOPE/v1_8000/sdl_001745.png,284,284,,1,melanoma,,,,train,3,1,0,,,,,,,,,,,,,,,11959476701625214256,,311.2793697779998,8bfb53b03e0d43d667922e0e8e26df12,
Synth,sdl_001746.png,/home/marsi/TFM/data/gen/SD_E2_HOPE/v1_8000/sdl_001746.png,284,284,,1,melanoma,,,,train,3,1,0,,,,,,,,,,,,,,,17454128453629604975,,377.6183850765228,6f58f3354b27d121f0c12fb97e32fcdd,
Synth,sdl_001747.png,/home/marsi/TFM/data/gen/SD_E2_HOPE/v1_8000/sdl_001747.png,284,284,,1,melanoma,,,,train,3,1,0,,,,,,,,,,,,,,,13769691864745691292,,579.3677976094186,b3358dfd08b6ebe99f52e676901f2cbe,
Synth,sdl_001748.png,/home/marsi/TFM/data/gen/SD_E2_HOPE/v1_8000/sdl_001748.png,284,284,,1,melanoma,,,,train,3,1,0,,,,,,,,,,,,,,,18386456430658216664,,587.2273780666292,5d44fb8703e2d8b6adc533751c6eb05e,
Synth,sdl_001749.png,/home/marsi/TFM/data/gen/SD_E2_HOPE/v1_8000/sdl_001749.png,284,284,,1,melanoma,,,,train,3,1,0,,,,,,,,,,,,,,,12195414083081639392,,1605.0184772377834,b1f26a2d08b5064617d4680a3231401a,
Synth,sdl_001750.png,/home/marsi/TFM/data/gen/SD_E2_HOPE/v1_8000/sdl_001750.png,284,284,,1,melanoma,,,,train,3,1,0,,,,,,,,,,,,,,,12500797141411156505,,570.069621976465,edcbb06c9111fce615fede5d848280bf,
Synth,sdl_001751.png,/home/marsi/TFM/data/gen/SD_E2_HOPE/v1_8000/sdl_001751.png,284,284,,1,melanoma,,,,train,3,1,0,,,,,,,,,,,,,,,17020659119038243767,,655.6909300377592,a6f1bdaad2a2468ed4ad0d295c36bdad,
Synth,sdl_001752.png,/home/marsi/TFM/data/gen/SD_E2_HOPE/v1_8000/sdl_001752.png,284,284,,1,melanoma,,,,train,3,1,0,,,,,,,,,,,,,,,13055603479717962341,,918.5316714039072,0e188f03b3cf3dacfa8a98b74477e5e7,
Synth,sdl_001753.png,/home/marsi/TFM/data/gen/SD_E2_HOPE/v1_8000/sdl_001753.png,284,284,,1,melanoma,,,,train,3,1,0,,,,,,,,,,,,,,,18358507274923290310,,235.61321410443637,3d82318072ff2bd2ef0976120ce8c518,
Synth,sdl_001754.png,/home/marsi/TFM/data/gen/SD_E2_HOPE/v1_8000/sdl_001754.png,284,284,,1,melanoma,,,,train,3,1,0,,,,,,,,,,,,,,,12840754087914743350,,314.4381196349859,7c3502eb80db3792961677d85b7eea1a,
Synth,sdl_001755.png,/home/marsi/TFM/data/gen/SD_E2_HOPE/v1_8000/sdl_001755.png,284,284,,1,melanoma,,,,train,3,1,0,,,,,,,,,,,,,,,16873232255685158296,,287.7969044512138,c5b1c0cd6f14f4aa653596aba28e2e5f,
Synth,sdl_001756.png,/home/marsi/TFM/data/gen/SD_E2_HOPE/v1_8000/sdl_001756.png,284,284,,1,melanoma,,,,train,3,1,0,,,,,,,,,,,,,,,10238795176995312275,,1185.285333868116,2b0c150400f16fb198fd122eb1410b22,
Synth,sdl_001757.png,/home/marsi/TFM/data/gen/SD_E2_HOPE/v1_8000/sdl_001757.png,284,284,,1,melanoma,,,,train,3,1,0,,,,,,,,,,,,,,,12270851203039700937,,1288.7865880690515,f7c9be9261684ef45a51c669ac685143,
Synth,sdl_001758.png,/home/marsi/TFM/data/gen/SD_E2_HOPE/v1_8000/sdl_001758.png,284,284,,1,melanoma,,,,train,3,1,0,,,,,,,,,,,,,,,13777584747532994198,,539.3481084024534,fcf05f58b4088583edb5ce7d1d023465,
Synth,sdl_001759.png,/home/marsi/TFM/data/gen/SD_E2_HOPE/v1_8000/sdl_001759.png,284,284,,1,melanoma,,,,train,3,1,0,,,,,,,,,,,,,,,13634314156133421553,,603.2301023006439,43bd33864dc2815b30bd8c69b56e2ff2,
Synth,sdl_001761.png,/home/marsi/TFM/data/gen/SD_E2_HOPE/v1_8000/sdl_001761.png,284,284,,1,melanoma,,,,train,3,1,0,,,,,,,,,,,,,,,15149340877269584760,,1074.5956086134538,62f0cbf035232aeb70c7c77c92ba8222,
Synth,sdl_001762.png,/home/marsi/TFM/data/gen/SD_E2_HOPE/v1_8000/sdl_001762.png,284,284,,1,melanoma,,,,train,3,1,0,,,,,,,,,,,,,,,16887901544297241601,,1139.8897108398378,a8ceaad1d721ab94bf9d1130bc74d47b,
Synth,sdl_001763.png,/home/marsi/TFM/data/gen/SD_E2_HOPE/v1_8000/sdl_001763.png,284,284,,1,melanoma,,,,train,3,1,0,,,,,,,,,,,,,,,13707146244853457801,,450.0235189758241,7d4fa166ddd200215d114ae6acc08c12,
Synth,sdl_001764.png,/home/marsi/TFM/data/gen/SD_E2_HOPE/v1_8000/sdl_001764.png,284,284,,1,melanoma,,,,train,3,1,0,,,,,,,,,,,,,,,14193250488378601475,,503.5754864653573,9eab5e3d8efd2362662926bea72de723,
Synth,sdl_001765.png,/home/marsi/TFM/data/gen/SD_E2_HOPE/v1_8000/sdl_001765.png,284,284,,1,melanoma,,,,train,3,1,0,,,,,,,,,,,,,,,17032778293647207502,,416.579366072081,5452b468b899a7ef77f6350e1c605f26,
Synth,sdl_001766.png,/home/marsi/TFM/data/gen/SD_E2_HOPE/v1_8000/sdl_001766.png,284,284,,1,melanoma,,,,train,3,1,0,,,,,,,,,,,,,,,16731037299392462183,,265.54577439650893,2a5b394acec1dd2f987c9a808bc2d93b,
Synth,sdl_001767.png,/home/marsi/TFM/data/gen/SD_E2_HOPE/v1_8000/sdl_001767.png,284,284,,1,melanoma,,,,train,3,1,0,,,,,,,,,,,,,,,13986945880959575147,,661.4338945709169,63ed0e1bbe880e0797bd730b7abe1483,
Synth,sdl_001768.png,/home/marsi/TFM/data/gen/SD_E2_HOPE/v1_8000/sdl_001768.png,284,284,,1,melanoma,,,,train,3,1,0,,,,,,,,,,,,,,,13333910454811902364,,1112.9705415330827,f8adaced98b25480ec6a7c4f5cb30985,
Synth,sdl_001769.png,/home/marsi/TFM/data/gen/SD_E2_HOPE/v1_8000/sdl_001769.png,284,284,,1,melanoma,,,,train,3,1,0,,,,,,,,,,,,,,,14282630289615879396,,1008.6924033453688,515b3cdece51d32c49d629ce0d6d8929,
Synth,sdl_001770.png,/home/marsi/TFM/data/gen/SD_E2_HOPE/v1_8000/sdl_001770.png,284,284,,1,melanoma,,,,train,3,1,0,,,,,,,,,,,,,,,17035643740315398278,,859.3051835857332,78402b3297287bb7efcfaa94c956e466,
Synth,sdl_001771.png,/home/marsi/TFM/data/gen/SD_E2_HOPE/v1_8000/sdl_001771.png,284,284,,1,melanoma,,,,train,3,1,0,,,,,,,,,,,,,,,16589736997980741754,,441.0863738199696,d1402e9935599c1baa0a681e78804cdf,
Synth,sdl_001772.png,/home/marsi/TFM/data/gen/SD_E2_HOPE/v1_8000/sdl_001772.png,284,284,,1,melanoma,,,,train,3,1,0,,,,,,,,,,,,,,,10852070898700853939,,729.0742958998308,ca244e48525c21a4055af86b43d11578,
Synth,sdl_001773.png,/home/marsi/TFM/data/gen/SD_E2_HOPE/v1_8000/sdl_001773.png,284,284,,1,melanoma,,,,train,3,1,0,,,,,,,,,,,,,,,12986582278990237261,,238.378568588756,ea8822d910e708fdd657463e2d82cb3f,
Synth,sdl_001774.png,/home/marsi/TFM/data/gen/SD_E2_HOPE/v1_8000/sdl_001774.png,284,284,,1,melanoma,,,,train,3,1,0,,,,,,,,,,,,,,,18028896535936723598,,282.02836671099067,67039c8ad1b69fb6bc2b36aea90897e9,
Synth,sdl_001775.png,/home/marsi/TFM/data/gen/SD_E2_HOPE/v1_8000/sdl_001775.png,284,284,,1,melanoma,,,,train,3,1,0,,,,,,,,,,,,,,,17972037193450211021,,1047.358698308468,5496062435ca5a6618a0a124d257aad0,
Synth,sdl_001776.png,/home/marsi/TFM/data/gen/SD_E2_HOPE/v1_8000/sdl_001776.png,284,284,,1,melanoma,,,,train,3,1,0,,,,,,,,,,,,,,,13634859957614497172,,359.84356342907995,d33837a7c3e82aa6d359d240f57166bf,
Synth,sdl_001777.png,/home/marsi/TFM/data/gen/SD_E2_HOPE/v1_8000/sdl_001777.png,284,284,,1,melanoma,,,,train,3,1,0,,,,,,,,,,,,,,,16513745678158751404,,619.7248547337949,546e5de229502c7cbe78c3e47c85c4b2,
Synth,sdl_001778.png,/home/marsi/TFM/data/gen/SD_E2_HOPE/v1_8000/sdl_001778.png,284,284,,1,melanoma,,,,train,3,1,0,,,,,,,,,,,,,,,17310866955335054388,,290.32656793203205,1e6890145290af894f20aad3fe72c38b,
Synth,sdl_001779.png,/home/marsi/TFM/data/gen/SD_E2_HOPE/v1_8000/sdl_001779.png,284,284,,1,melanoma,,,,train,3,1,0,,,,,,,,,,,,,,,12482166748236144947,,373.5473628304899,93417e2037a3b25ea0cb5c42ab17c22d,
Synth,sdl_001780.png,/home/marsi/TFM/data/gen/SD_E2_HOPE/v1_8000/sdl_001780.png,284,284,,1,melanoma,,,,train,3,1,0,,,,,,,,,,,,,,,12986063486521904588,,493.20117779728025,f192e316fbab2241b63ea0c097254ad9,
Synth,sdl_001781.png,/home/marsi/TFM/data/gen/SD_E2_HOPE/v1_8000/sdl_001781.png,284,284,,1,melanoma,,,,train,3,1,0,,,,,,,,,,,,,,,17958534256653723000,,347.5955721102655,57f080edddcc641702d23573ea2efbb1,
Synth,sdl_001782.png,/home/marsi/TFM/data/gen/SD_E2_HOPE/v1_8000/sdl_001782.png,284,284,,1,melanoma,,,,train,3,1,0,,,,,,,,,,,,,,,16883860521623173714,,283.89238475169986,de15d589b969d23191c70ea8cfe7b667,
Synth,sdl_001783.png,/home/marsi/TFM/data/gen/SD_E2_HOPE/v1_8000/sdl_001783.png,284,284,,1,melanoma,,,,train,3,1,0,,,,,,,,,,,,,,,17411428112214342701,,450.6012180894613,cedf7b2058942e7e9168c369d34e320b,
Synth,sdl_001784.png,/home/marsi/TFM/data/gen/SD_E2_HOPE/v1_8000/sdl_001784.png,284,284,,1,melanoma,,,,train,3,1,0,,,,,,,,,,,,,,,14562362597131325817,,741.7840374996886,40a9777e8fafb2e4e8873416a77d76ec,
Synth,sdl_001785.png,/home/marsi/TFM/data/gen/SD_E2_HOPE/v1_8000/sdl_001785.png,284,284,,1,melanoma,,,,train,3,1,0,,,,,,,,,,,,,,,10275834898056450714,,2238.460137761198,f7b1e699cb280d9dc9e7cbf39e7ce203,
Synth,sdl_001786.png,/home/marsi/TFM/data/gen/SD_E2_HOPE/v1_8000/sdl_001786.png,284,284,,1,melanoma,,,,train,3,1,0,,,,,,,,,,,,,,,12981568305655411042,,276.2147812983021,583c90c35f2923c415d0d1b359a459cf,
Synth,sdl_001787.png,/home/marsi/TFM/data/gen/SD_E2_HOPE/v1_8000/sdl_001787.png,284,284,,1,melanoma,,,,train,3,1,0,,,,,,,,,,,,,,,18387283126102007107,,959.1462438106536,5a25a9fbb2b300849cecc34b79c7465e,
Synth,sdl_001788.png,/home/marsi/TFM/data/gen/SD_E2_HOPE/v1_8000/sdl_001788.png,284,284,,1,melanoma,,,,train,3,1,0,,,,,,,,,,,,,,,16238455186932319022,,600.8230684315786,3feb484b8d9c0a891899228c49fedbff,
Synth,sdl_001789.png,/home/marsi/TFM/data/gen/SD_E2_HOPE/v1_8000/sdl_001789.png,284,284,,1,melanoma,,,,train,3,1,0,,,,,,,,,,,,,,,13095855240261993669,,310.8399874335155,617d28e37731181567815b4d561507d9,
Synth,sdl_001790.png,/home/marsi/TFM/data/gen/SD_E2_HOPE/v1_8000/sdl_001790.png,284,284,,1,melanoma,,,,train,3,1,0,,,,,,,,,,,,,,,12483363403884126537,,519.4235078953207,f918cc396d7173f81a2386862ffebe10,
Synth,sdl_001791.png,/home/marsi/TFM/data/gen/SD_E2_HOPE/v1_8000/sdl_001791.png,284,284,,1,melanoma,,,,train,3,1,0,,,,,,,,,,,,,,,16964660386532106572,,309.05908247455955,4bf649567eb0c47b8853ef7721ca8135,
Synth,sdl_001792.png,/home/marsi/TFM/data/gen/SD_E2_HOPE/v1_8000/sdl_001792.png,284,284,,1,melanoma,,,,train,3,1,0,,,,,,,,,,,,,,,16459135530065548455,,345.8747837310657,0302e44bd6c2b0ec2de4d1fab852e79f,
Synth,sdl_001793.png,/home/marsi/TFM/data/gen/SD_E2_HOPE/v1_8000/sdl_001793.png,284,284,,1,melanoma,,,,train,3,1,0,,,,,,,,,,,,,,,16766765419419607934,,495.2672395845875,531a91daeb4e10d3df9d6b8ae7c08cc7,
Synth,sdl_001794.png,/home/marsi/TFM/data/gen/SD_E2_HOPE/v1_8000/sdl_001794.png,284,284,,1,melanoma,,,,train,3,1,0,,,,,,,,,,,,,,,12631405898373274518,,291.4855517586693,46116ae9354f6028480bc29c9ebeb65a,
Synth,sdl_001795.png,/home/marsi/TFM/data/gen/SD_E2_HOPE/v1_8000/sdl_001795.png,284,284,,1,melanoma,,,,train,3,1,0,,,,,,,,,,,,,,,18319095882916532444,,374.5364877544344,1317cd0da8013ce41567699c3a13bfa5,
Synth,sdl_001797.png,/home/marsi/TFM/data/gen/SD_E2_HOPE/v1_8000/sdl_001797.png,284,284,,1,melanoma,,,,train,3,1,0,,,,,,,,,,,,,,,12781434095591429996,,288.42048048973083,9b7e0534e6e83daa89db8420dfd88f54,
Synth,sdl_001798.png,/home/marsi/TFM/data/gen/SD_E2_HOPE/v1_8000/sdl_001798.png,284,284,,1,melanoma,,,,train,3,1,0,,,,,,,,,,,,,,,16748485216738568674,,302.9901108657941,4d219437094dcaf98b93c3eb9a5376dd,
Synth,sdl_001799.png,/home/marsi/TFM/data/gen/SD_E2_HOPE/v1_8000/sdl_001799.png,284,284,,1,melanoma,,,,train,3,1,0,,,,,,,,,,,,,,,13879834501706117224,,674.1617617458105,53ac0417ef88c03a2a38ca80c50e2b2f,
Synth,sdl_001800.png,/home/marsi/TFM/data/gen/SD_E2_HOPE/v1_8000/sdl_001800.png,284,284,,1,melanoma,,,,train,3,1,0,,,,,,,,,,,,,,,13560835022533258262,,623.3275315761566,7b0ffd5b4dbe4f71bc0199536f9689c9,
Synth,sdl_001801.png,/home/marsi/TFM/data/gen/SD_E2_HOPE/v1_8000/sdl_001801.png,284,284,,1,melanoma,,,,train,3,1,0,,,,,,,,,,,,,,,13004640629459611173,,263.4273915141821,53ed1608b443752ccf4a298ce34ef7d9,
Synth,sdl_001802.png,/home/marsi/TFM/data/gen/SD_E2_HOPE/v1_8000/sdl_001802.png,284,284,,1,melanoma,,,,train,3,1,0,,,,,,,,,,,,,,,9761716479570827909,,1611.8993510603905,500e813924bb535217a690f80917175f,
Synth,sdl_001803.png,/home/marsi/TFM/data/gen/SD_E2_HOPE/v1_8000/sdl_001803.png,284,284,,1,melanoma,,,,train,3,1,0,,,,,,,,,,,,,,,17303891613471020445,,2534.946202098392,eab00720a9e6b6845ecfdf3f1414b929,
Synth,sdl_001804.png,/home/marsi/TFM/data/gen/SD_E2_HOPE/v1_8000/sdl_001804.png,284,284,,1,melanoma,,,,train,3,1,0,,,,,,,,,,,,,,,17167020241856108172,,419.4526607682928,035edaf548268368dd61a74411fe8b91,
Synth,sdl_001805.png,/home/marsi/TFM/data/gen/SD_E2_HOPE/v1_8000/sdl_001805.png,284,284,,1,melanoma,,,,train,3,1,0,,,,,,,,,,,,,,,17016452649582217657,,350.8846974633634,310050843e427128347c54e8f1a06f28,
Synth,sdl_001806.png,/home/marsi/TFM/data/gen/SD_E2_HOPE/v1_8000/sdl_001806.png,284,284,,1,melanoma,,,,train,3,1,0,,,,,,,,,,,,,,,14283490317397096696,,1451.833772986196,fb252aeb95d82352b7d7aff614de7abb,
Synth,sdl_001807.png,/home/marsi/TFM/data/gen/SD_E2_HOPE/v1_8000/sdl_001807.png,284,284,,1,melanoma,,,,train,3,1,0,,,,,,,,,,,,,,,14234774732819347929,,238.9968074923381,4c1563f9384ddaa71c50d66a2366a284,
Synth,sdl_001809.png,/home/marsi/TFM/data/gen/SD_E2_HOPE/v1_8000/sdl_001809.png,284,284,,1,melanoma,,,,train,3,1,0,,,,,,,,,,,,,,,17303893186347613383,,243.5724018951878,4f37aff1370c0512c62f14eaadc2f1e6,
Synth,sdl_001810.png,/home/marsi/TFM/data/gen/SD_E2_HOPE/v1_8000/sdl_001810.png,284,284,,1,melanoma,,,,train,3,1,0,,,,,,,,,,,,,,,12652533753817185664,,401.0960438810289,6e64b6cdb1980645f4c072ef477200f7,
Synth,sdl_001811.png,/home/marsi/TFM/data/gen/SD_E2_HOPE/v1_8000/sdl_001811.png,284,284,,1,melanoma,,,,train,3,1,0,,,,,,,,,,,,,,,16963318945389098179,,288.3667417978868,c1a56a2609f1afc78f81f3abf7c03462,
Synth,sdl_001812.png,/home/marsi/TFM/data/gen/SD_E2_HOPE/v1_8000/sdl_001812.png,284,284,,1,melanoma,,,,train,3,1,0,,,,,,,,,,,,,,,16244924615247468390,,262.0517216315493,c69698e3b84b29665db22502e3c029fa,
Synth,sdl_001813.png,/home/marsi/TFM/data/gen/SD_E2_HOPE/v1_8000/sdl_001813.png,284,284,,1,melanoma,,,,train,3,1,0,,,,,,,,,,,,,,,11914647291708525206,,1698.765060171485,f2299b973b94a9fcb04d079e5ad0392c,
Synth,sdl_001814.png,/home/marsi/TFM/data/gen/SD_E2_HOPE/v1_8000/sdl_001814.png,284,284,,1,melanoma,,,,train,3,1,0,,,,,,,,,,,,,,,12625774245067959386,,255.76379181351516,7c9a79da90ae80d3cc3acbc7774ec403,
Synth,sdl_001815.png,/home/marsi/TFM/data/gen/SD_E2_HOPE/v1_8000/sdl_001815.png,284,284,,1,melanoma,,,,train,3,1,0,,,,,,,,,,,,,,,17237110590827023036,,282.81100141908973,5a44ca3984eb03929309f8b6764486ed,
Synth,sdl_001816.png,/home/marsi/TFM/data/gen/SD_E2_HOPE/v1_8000/sdl_001816.png,284,284,,1,melanoma,,,,train,3,1,0,,,,,,,,,,,,,,,16654826336251920860,,1015.1882619261742,ca76e38c5caf6fa1a1db673bc77f1e69,
Synth,sdl_001817.png,/home/marsi/TFM/data/gen/SD_E2_HOPE/v1_8000/sdl_001817.png,284,284,,1,melanoma,,,,train,3,1,0,,,,,,,,,,,,,,,17859166191955466868,,364.6827666303143,917dbda6ce9328c3d948d888f2a23c5c,
Synth,sdl_001818.png,/home/marsi/TFM/data/gen/SD_E2_HOPE/v1_8000/sdl_001818.png,284,284,,1,melanoma,,,,train,3,1,0,,,,,,,,,,,,,,,17607896900607871782,,1946.9451230978596,5d7b386d95ce0b0bbc887633c656d458,
Synth,sdl_001819.png,/home/marsi/TFM/data/gen/SD_E2_HOPE/v1_8000/sdl_001819.png,284,284,,1,melanoma,,,,train,3,1,0,,,,,,,,,,,,,,,12279844108865745304,,343.8884253166616,247bbf29219243f71dc2735e8b3ced75,
Synth,sdl_001820.png,/home/marsi/TFM/data/gen/SD_E2_HOPE/v1_8000/sdl_001820.png,284,284,,1,melanoma,,,,train,3,1,0,,,,,,,,,,,,,,,16241545240854084245,,472.8766657328233,9429631db3565bd6b27e35df6cb266a4,
Synth,sdl_001821.png,/home/marsi/TFM/data/gen/SD_E2_HOPE/v1_8000/sdl_001821.png,284,284,,1,melanoma,,,,train,3,1,0,,,,,,,,,,,,,,,17907299544903522783,,718.2059642635286,4c316d4e8a129eee25bd4b8f547d918d,
Synth,sdl_001822.png,/home/marsi/TFM/data/gen/SD_E2_HOPE/v1_8000/sdl_001822.png,284,284,,1,melanoma,,,,train,3,1,0,,,,,,,,,,,,,,,17806917884688074291,,2154.7414665883407,a2e55298c86694dbaa0b48eefbcf597b,
Synth,sdl_001823.png,/home/marsi/TFM/data/gen/SD_E2_HOPE/v1_8000/sdl_001823.png,284,284,,1,melanoma,,,,train,3,1,0,,,,,,,,,,,,,,,14230558814798700416,,293.83719478547573,404f4da04e790c2489239b6a4c48d435,
Synth,sdl_001824.png,/home/marsi/TFM/data/gen/SD_E2_HOPE/v1_8000/sdl_001824.png,284,284,,1,melanoma,,,,train,3,1,0,,,,,,,,,,,,,,,17956646949296541469,,1129.0044507943094,a4c4204f1ee63f56e949cef8fd38ee8f,
Synth,sdl_001825.png,/home/marsi/TFM/data/gen/SD_E2_HOPE/v1_8000/sdl_001825.png,284,284,,1,melanoma,,,,train,3,1,0,,,,,,,,,,,,,,,16371038530810700493,,412.6975696599111,95b6cb77271c58e7eae67fd92945a562,
Synth,sdl_001827.png,/home/marsi/TFM/data/gen/SD_E2_HOPE/v1_8000/sdl_001827.png,284,284,,1,melanoma,,,,train,3,1,0,,,,,,,,,,,,,,,12862225290480259384,,279.19891844689846,bce752a8df8a39697266e6d263f58711,
Synth,sdl_001828.png,/home/marsi/TFM/data/gen/SD_E2_HOPE/v1_8000/sdl_001828.png,284,284,,1,melanoma,,,,train,3,1,0,,,,,,,,,,,,,,,11538123088848218608,,722.587469086051,082b0f33c8806b85590eb6f03f555d34,
Synth,sdl_001829.png,/home/marsi/TFM/data/gen/SD_E2_HOPE/v1_8000/sdl_001829.png,284,284,,1,melanoma,,,,train,3,1,0,,,,,,,,,,,,,,,12990573992568447431,,272.5400068424642,e5fa0f5b0ca4aa148428bb7843f31d34,
Synth,sdl_001830.png,/home/marsi/TFM/data/gen/SD_E2_HOPE/v1_8000/sdl_001830.png,284,284,,1,melanoma,,,,train,3,1,0,,,,,,,,,,,,,,,12264380310040931718,,575.235034134239,995ed44ab090b26f8e668d6e05e0692a,
Synth,sdl_001831.png,/home/marsi/TFM/data/gen/SD_E2_HOPE/v1_8000/sdl_001831.png,284,284,,1,melanoma,,,,train,3,1,0,,,,,,,,,,,,,,,12454920436227709434,,551.813397988677,5b5b533d48870b9798e6fd03204c5399,
Synth,sdl_001832.png,/home/marsi/TFM/data/gen/SD_E2_HOPE/v1_8000/sdl_001832.png,284,284,,1,melanoma,,,,train,3,1,0,,,,,,,,,,,,,,,12493498418404155697,,388.34676068648696,d005046ef656fdb1dc9ccad8fb955f8c,
Synth,sdl_001833.png,/home/marsi/TFM/data/gen/SD_E2_HOPE/v1_8000/sdl_001833.png,284,284,,1,melanoma,,,,train,3,1,0,,,,,,,,,,,,,,,12338320353812059360,,2288.6350477179512,ca257cb52d0de897023dbabd51417d18,
Synth,sdl_001834.png,/home/marsi/TFM/data/gen/SD_E2_HOPE/v1_8000/sdl_001834.png,284,284,,1,melanoma,,,,train,3,1,0,,,,,,,,,,,,,,,14166808628199953365,,640.4375864258036,0652938e14e86ba88eba1d2128506d50,
Synth,sdl_001835.png,/home/marsi/TFM/data/gen/SD_E2_HOPE/v1_8000/sdl_001835.png,284,284,,1,melanoma,,,,train,3,1,0,,,,,,,,,,,,,,,13339331009290134579,,412.678269139491,9ccd42df5fc29a7695c91f67bf4d20f9,
Synth,sdl_001836.png,/home/marsi/TFM/data/gen/SD_E2_HOPE/v1_8000/sdl_001836.png,284,284,,1,melanoma,,,,train,3,1,0,,,,,,,,,,,,,,,16950867688182718948,,358.7734019123018,93265495aaa0cd700901e14eee3f89b3,
Synth,sdl_001837.png,/home/marsi/TFM/data/gen/SD_E2_HOPE/v1_8000/sdl_001837.png,284,284,,1,melanoma,,,,train,3,1,0,,,,,,,,,,,,,,,12048203092316824980,,276.8867531856522,e4c2b390ba43f95cab36111f97662836,
Synth,sdl_001838.png,/home/marsi/TFM/data/gen/SD_E2_HOPE/v1_8000/sdl_001838.png,284,284,,1,melanoma,,,,train,3,1,0,,,,,,,,,,,,,,,12652253585772977516,,585.8912675669417,be0bf4d19ca693f369b091f871a5c2db,
Synth,sdl_001839.png,/home/marsi/TFM/data/gen/SD_E2_HOPE/v1_8000/sdl_001839.png,284,284,,1,melanoma,,,,train,3,1,0,,,,,,,,,,,,,,,13129902634114102329,,528.3994139693677,3ff936b179ef137d8da79ab3cd3801f1,
Synth,sdl_001840.png,/home/marsi/TFM/data/gen/SD_E2_HOPE/v1_8000/sdl_001840.png,284,284,,1,melanoma,,,,train,3,1,0,,,,,,,,,,,,,,,13701577715308221082,,429.30944716837257,88378e90905613a91514a1f6b5714ed1,
Synth,sdl_001841.png,/home/marsi/TFM/data/gen/SD_E2_HOPE/v1_8000/sdl_001841.png,284,284,,1,melanoma,,,,train,3,1,0,,,,,,,,,,,,,,,17453849646144988443,,267.03333123680204,01f56433819799e7f3dd489f866d172c,
Synth,sdl_001842.png,/home/marsi/TFM/data/gen/SD_E2_HOPE/v1_8000/sdl_001842.png,284,284,,1,melanoma,,,,train,3,1,0,,,,,,,,,,,,,,,10407679755116561819,,922.1094488948584,bbd88ad95018e7b51ebac82d97ae32d4,
Synth,sdl_001843.png,/home/marsi/TFM/data/gen/SD_E2_HOPE/v1_8000/sdl_001843.png,284,284,,1,melanoma,,,,train,3,1,0,,,,,,,,,,,,,,,12987964555029856692,,559.6804500184953,5bb86850a38cf22cb1efe220e979e33a,
Synth,sdl_001844.png,/home/marsi/TFM/data/gen/SD_E2_HOPE/v1_8000/sdl_001844.png,284,284,,1,melanoma,,,,train,3,1,0,,,,,,,,,,,,,,,13632607503719542758,,336.1073271771893,0a36f5e36c491a4c584893ccf06403cc,
Synth,sdl_001845.png,/home/marsi/TFM/data/gen/SD_E2_HOPE/v1_8000/sdl_001845.png,284,284,,1,melanoma,,,,train,3,1,0,,,,,,,,,,,,,,,12771013237945611454,,283.14183657988906,8722222e4650c1855cb8cfa49a5b6b5d,
Synth,sdl_001847.png,/home/marsi/TFM/data/gen/SD_E2_HOPE/v1_8000/sdl_001847.png,284,284,,1,melanoma,,,,train,3,1,0,,,,,,,,,,,,,,,16307118296980675185,,340.759944296442,9051ee98f68293633fcf79b0573ab8f9,
Synth,sdl_001848.png,/home/marsi/TFM/data/gen/SD_E2_HOPE/v1_8000/sdl_001848.png,284,284,,1,melanoma,,,,train,3,1,0,,,,,,,,,,,,,,,16506700123199404847,,413.23377130925655,de0d1bdfffd065cc6443d0be26ac0271,
Synth,sdl_001849.png,/home/marsi/TFM/data/gen/SD_E2_HOPE/v1_8000/sdl_001849.png,284,284,,1,melanoma,,,,train,3,1,0,,,,,,,,,,,,,,,17706115674852717069,,338.09650026261806,2ccfe896983b532d6f20a25b9a8a5ebd,
Synth,sdl_001850.png,/home/marsi/TFM/data/gen/SD_E2_HOPE/v1_8000/sdl_001850.png,284,284,,1,melanoma,,,,train,3,1,0,,,,,,,,,,,,,,,14081683785864045618,,1225.85184740182,042870c9e32cddf768443f229d5707f5,
Synth,sdl_001851.png,/home/marsi/TFM/data/gen/SD_E2_HOPE/v1_8000/sdl_001851.png,284,284,,1,melanoma,,,,train,3,1,0,,,,,,,,,,,,,,,16725684505797377387,,1649.968456029892,36ecdfceb1569e539b92cf74f99e0ccf,
Synth,sdl_001852.png,/home/marsi/TFM/data/gen/SD_E2_HOPE/v1_8000/sdl_001852.png,284,284,,1,melanoma,,,,train,3,1,0,,,,,,,,,,,,,,,16904688192213994598,,243.7857338041067,179ebebee8521f3685b92f247e2c1f69,
Synth,sdl_001853.png,/home/marsi/TFM/data/gen/SD_E2_HOPE/v1_8000/sdl_001853.png,284,284,,1,melanoma,,,,train,3,1,0,,,,,,,,,,,,,,,16744811186303548890,,720.7913335524499,7df033ad8c67b5bf4a54d3b2f8a9b54b,
Synth,sdl_001854.png,/home/marsi/TFM/data/gen/SD_E2_HOPE/v1_8000/sdl_001854.png,284,284,,1,melanoma,,,,train,3,1,0,,,,,,,,,,,,,,,13633734015759885678,,725.7462357878685,a7b89e2b668428f5a2d1299ea7925246,
Synth,sdl_001855.png,/home/marsi/TFM/data/gen/SD_E2_HOPE/v1_8000/sdl_001855.png,284,284,,1,melanoma,,,,train,3,1,0,,,,,,,,,,,,,,,12763155141148953764,,446.983747295104,cdd71d4ba92ba20a018192de81ffa8f3,
Synth,sdl_001856.png,/home/marsi/TFM/data/gen/SD_E2_HOPE/v1_8000/sdl_001856.png,284,284,,1,melanoma,,,,train,3,1,0,,,,,,,,,,,,,,,17022710917161908252,,382.76280084159225,cc06ca96733af7d5a5565c0c83959f74,
Synth,sdl_001857.png,/home/marsi/TFM/data/gen/SD_E2_HOPE/v1_8000/sdl_001857.png,284,284,,1,melanoma,,,,train,3,1,0,,,,,,,,,,,,,,,12409338134751831152,,260.73844081070274,b1809a6cb7ef735b187135de272aedf8,
Synth,sdl_001858.png,/home/marsi/TFM/data/gen/SD_E2_HOPE/v1_8000/sdl_001858.png,284,284,,1,melanoma,,,,train,3,1,0,,,,,,,,,,,,,,,17331966517816682095,,337.4837331138551,a22c12a56beda3bc9dd2a5e20cc1ac27,
Synth,sdl_001859.png,/home/marsi/TFM/data/gen/SD_E2_HOPE/v1_8000/sdl_001859.png,284,284,,1,melanoma,,,,train,3,1,0,,,,,,,,,,,,,,,12544655696769153465,,273.4059410095215,4352a6430f16bb9ddd38f2f09a019626,
Synth,sdl_001860.png,/home/marsi/TFM/data/gen/SD_E2_HOPE/v1_8000/sdl_001860.png,284,284,,1,melanoma,,,,train,3,1,0,,,,,,,,,,,,,,,14211432300845866211,,506.5935709169135,feee233ed3eb3aaec2916b742586508b,
Synth,sdl_001861.png,/home/marsi/TFM/data/gen/SD_E2_HOPE/v1_8000/sdl_001861.png,284,284,,1,melanoma,,,,train,3,1,0,,,,,,,,,,,,,,,16179114911618406520,,290.36178110539913,88b52b1329eec59347a5182191c38485,
Synth,sdl_001862.png,/home/marsi/TFM/data/gen/SD_E2_HOPE/v1_8000/sdl_001862.png,284,284,,1,melanoma,,,,train,3,1,0,,,,,,,,,,,,,,,16745439206101279699,,442.9309161296114,bb1518af42622debfb3b2dea999499ef,
Synth,sdl_001863.png,/home/marsi/TFM/data/gen/SD_E2_HOPE/v1_8000/sdl_001863.png,284,284,,1,melanoma,,,,train,3,1,0,,,,,,,,,,,,,,,12639845646401683162,,436.4229735396802,76c6f91bfdbc1904dedbdc8657707816,
Synth,sdl_001864.png,/home/marsi/TFM/data/gen/SD_E2_HOPE/v1_8000/sdl_001864.png,284,284,,1,melanoma,,,,train,3,1,0,,,,,,,,,,,,,,,17327178980004643979,,526.7508339844644,eb7ef9c95cbb5be9ec80bd0387649697,
Synth,sdl_001865.png,/home/marsi/TFM/data/gen/SD_E2_HOPE/v1_8000/sdl_001865.png,284,284,,1,melanoma,,,,train,3,1,0,,,,,,,,,,,,,,,13344337562400491463,,310.1262412732467,e930d7cb1cbdc5ca917d8e90460af34a,
Synth,sdl_001866.png,/home/marsi/TFM/data/gen/SD_E2_HOPE/v1_8000/sdl_001866.png,284,284,,1,melanoma,,,,train,3,1,0,,,,,,,,,,,,,,,9313282169562285541,,1072.0748663805423,a892f73d32cd231c444b804f02d953f3,
Synth,sdl_001867.png,/home/marsi/TFM/data/gen/SD_E2_HOPE/v1_8000/sdl_001867.png,284,284,,1,melanoma,,,,train,3,1,0,,,,,,,,,,,,,,,17035658974564342371,,369.8251109384,cc447953745f719d46eaa9c116796993,
Synth,sdl_001868.png,/home/marsi/TFM/data/gen/SD_E2_HOPE/v1_8000/sdl_001868.png,284,284,,1,melanoma,,,,train,3,1,0,,,,,,,,,,,,,,,17670102675444557161,,437.7963505834341,ed27392d24bbb7079c1bd50c7b56d538,
Synth,sdl_001869.png,/home/marsi/TFM/data/gen/SD_E2_HOPE/v1_8000/sdl_001869.png,284,284,,1,melanoma,,,,train,3,1,0,,,,,,,,,,,,,,,17248931838752275258,,364.5312209567055,4fae38480f16328b1f218e6b3163051b,
Synth,sdl_001870.png,/home/marsi/TFM/data/gen/SD_E2_HOPE/v1_8000/sdl_001870.png,284,284,,1,melanoma,,,,train,3,1,0,,,,,,,,,,,,,,,17883676999764543401,,324.6105207800865,071a61537aec202ea0580cdf09d6c347,
Synth,sdl_001871.png,/home/marsi/TFM/data/gen/SD_E2_HOPE/v1_8000/sdl_001871.png,284,284,,1,melanoma,,,,train,3,1,0,,,,,,,,,,,,,,,16387052809043210652,,992.6183376973496,590adcd009867d2a2aa57d0a73910729,
Synth,sdl_001873.png,/home/marsi/TFM/data/gen/SD_E2_HOPE/v1_8000/sdl_001873.png,284,284,,1,melanoma,,,,train,3,1,0,,,,,,,,,,,,,,,11899448774390010175,,1234.3968363851309,5edc26b13f56697516753013ede392d8,
Synth,sdl_001874.png,/home/marsi/TFM/data/gen/SD_E2_HOPE/v1_8000/sdl_001874.png,284,284,,1,melanoma,,,,train,3,1,0,,,,,,,,,,,,,,,13505667392702151378,,497.27161460742354,2156875668eeba01844952803ca26236,
Synth,sdl_001875.png,/home/marsi/TFM/data/gen/SD_E2_HOPE/v1_8000/sdl_001875.png,284,284,,1,melanoma,,,,train,3,1,0,,,,,,,,,,,,,,,13626153527614458989,,235.5012506842613,f1d57371eb41fde61a92611e4986a852,
Synth,sdl_001876.png,/home/marsi/TFM/data/gen/SD_E2_HOPE/v1_8000/sdl_001876.png,284,284,,1,melanoma,,,,train,3,1,0,,,,,,,,,,,,,,,13699035984875907469,,278.79618613328785,89a54593ff531865b15fcb5626d4a1e4,
Synth,sdl_001877.png,/home/marsi/TFM/data/gen/SD_E2_HOPE/v1_8000/sdl_001877.png,284,284,,1,melanoma,,,,train,3,1,0,,,,,,,,,,,,,,,12985227767900300850,,447.51288491114974,34f3f6e51f151202a1f365d13123643b,
Synth,sdl_001878.png,/home/marsi/TFM/data/gen/SD_E2_HOPE/v1_8000/sdl_001878.png,284,284,,1,melanoma,,,,train,3,1,0,,,,,,,,,,,,,,,13055021192054780013,,387.4779136022553,f938449634f7b719591633a3bfdbd46b,
Synth,sdl_001880.png,/home/marsi/TFM/data/gen/SD_E2_HOPE/v1_8000/sdl_001880.png,284,284,,1,melanoma,,,,train,3,1,0,,,,,,,,,,,,,,,17958600245329421361,,460.8060515215621,2687ad9f39c6b9e40d5b1c50065fec19,
Synth,sdl_001881.png,/home/marsi/TFM/data/gen/SD_E2_HOPE/v1_8000/sdl_001881.png,284,284,,1,melanoma,,,,train,3,1,0,,,,,,,,,,,,,,,11379118713211667556,,328.0520226499066,dc573334fb4568b9b556c0500e5d2c6c,
Synth,sdl_001882.png,/home/marsi/TFM/data/gen/SD_E2_HOPE/v1_8000/sdl_001882.png,284,284,,1,melanoma,,,,train,3,1,0,,,,,,,,,,,,,,,16332185424343259416,,272.0398479020223,c419c15e8ec8aeeb8f29da2a0faf97dd,
Synth,sdl_001883.png,/home/marsi/TFM/data/gen/SD_E2_HOPE/v1_8000/sdl_001883.png,284,284,,1,melanoma,,,,train,3,1,0,,,,,,,,,,,,,,,17628570654155501420,,2661.5161970220506,e54ca24ec6c12692743ce8b0c528b4e4,
Synth,sdl_001884.png,/home/marsi/TFM/data/gen/SD_E2_HOPE/v1_8000/sdl_001884.png,284,284,,1,melanoma,,,,train,3,1,0,,,,,,,,,,,,,,,12768786327446303038,,472.3566427147016,0ddf22aa86de9e8feef08c3b11988aa2,
Synth,sdl_001885.png,/home/marsi/TFM/data/gen/SD_E2_HOPE/v1_8000/sdl_001885.png,284,284,,1,melanoma,,,,train,3,1,0,,,,,,,,,,,,,,,13632630267125695879,,455.8390013864264,d66055c079653fb9ce064b939829e48b,
Synth,sdl_001886.png,/home/marsi/TFM/data/gen/SD_E2_HOPE/v1_8000/sdl_001886.png,284,284,,1,melanoma,,,,train,3,1,0,,,,,,,,,,,,,,,16506703517026510227,,640.2096216818318,5d143e896aeaa81c7e3e2c5b797bc4e8,
Synth,sdl_001887.png,/home/marsi/TFM/data/gen/SD_E2_HOPE/v1_8000/sdl_001887.png,284,284,,1,melanoma,,,,train,3,1,0,,,,,,,,,,,,,,,13078056121347298177,,313.30493464972824,f2f0d3525cf08018887f7da00adee7e0,
Synth,sdl_001888.png,/home/marsi/TFM/data/gen/SD_E2_HOPE/v1_8000/sdl_001888.png,284,284,,1,melanoma,,,,train,3,1,0,,,,,,,,,,,,,,,12803759662551407717,,654.9575481079519,7c62fedd0fde7dd35f4dfdf06c74c899,
Synth,sdl_001889.png,/home/marsi/TFM/data/gen/SD_E2_HOPE/v1_8000/sdl_001889.png,284,284,,1,melanoma,,,,train,3,1,0,,,,,,,,,,,,,,,13777585376866862365,,385.6864483207464,7d78d7b2064a6764402b564e6ec6a8ca,
Synth,sdl_001890.png,/home/marsi/TFM/data/gen/SD_E2_HOPE/v1_8000/sdl_001890.png,284,284,,1,melanoma,,,,train,3,1,0,,,,,,,,,,,,,,,13049957468969513371,,288.45618187543005,bf6a5b09c184ff6131be2539b7335452,
Synth,sdl_001891.png,/home/marsi/TFM/data/gen/SD_E2_HOPE/v1_8000/sdl_001891.png,284,284,,1,melanoma,,,,train,3,1,0,,,,,,,,,,,,,,,13058399889242674876,,369.130367603153,f3ecbdfb7ea158853d75a02611e7cf3a,
Synth,sdl_001892.png,/home/marsi/TFM/data/gen/SD_E2_HOPE/v1_8000/sdl_001892.png,284,284,,1,melanoma,,,,train,3,1,0,,,,,,,,,,,,,,,13060369414347974008,,235.2503779521212,183d1e67db6fdfe1781ea66f053b9b00,
Synth,sdl_001893.png,/home/marsi/TFM/data/gen/SD_E2_HOPE/v1_8000/sdl_001893.png,284,284,,1,melanoma,,,,train,3,1,0,,,,,,,,,,,,,,,13130187298880579424,,282.68954372406006,d12229fa14ff8582d3455e2ed1fca5d3,
Synth,sdl_001894.png,/home/marsi/TFM/data/gen/SD_E2_HOPE/v1_8000/sdl_001894.png,284,284,,1,melanoma,,,,train,3,1,0,,,,,,,,,,,,,,,16773238508517290911,,6250.095618244261,b01221087fc50b9c7f6e6db824cb3765,
Synth,sdl_001895.png,/home/marsi/TFM/data/gen/SD_E2_HOPE/v1_8000/sdl_001895.png,284,284,,1,melanoma,,,,train,3,1,0,,,,,,,,,,,,,,,13791080460216785001,,341.9732991717756,ae81e19f47413ef34ec82e586fb1c177,
Synth,sdl_001896.png,/home/marsi/TFM/data/gen/SD_E2_HOPE/v1_8000/sdl_001896.png,284,284,,1,melanoma,,,,train,3,1,0,,,,,,,,,,,,,,,13275065690610410934,,348.8739853268489,3016727984b4656c364787365120dc7e,
Synth,sdl_001897.png,/home/marsi/TFM/data/gen/SD_E2_HOPE/v1_8000/sdl_001897.png,284,284,,1,melanoma,,,,train,3,1,0,,,,,,,,,,,,,,,15274856175444460987,,1642.7851614942774,61eca3502e56cc89225d0e1e9c63fc7c,
Synth,sdl_001898.png,/home/marsi/TFM/data/gen/SD_E2_HOPE/v1_8000/sdl_001898.png,284,284,,1,melanoma,,,,train,3,1,0,,,,,,,,,,,,,,,17452176189427568293,,498.1061401134357,8c3d7190aa2e3376a29384b9e230041f,
Synth,sdl_001899.png,/home/marsi/TFM/data/gen/SD_E2_HOPE/v1_8000/sdl_001899.png,284,284,,1,melanoma,,,,train,3,1,0,,,,,,,,,,,,,,,13059833022026178764,,591.0290464079008,8011e7319cb697a9eccab65724d47c0d,
Synth,sdl_001900.png,/home/marsi/TFM/data/gen/SD_E2_HOPE/v1_8000/sdl_001900.png,284,284,,1,melanoma,,,,train,3,1,0,,,,,,,,,,,,,,,16271374306917163751,,409.9248433476314,f54e48fd3298dbedfa40bb8b9c34d992,
Synth,sdl_001901.png,/home/marsi/TFM/data/gen/SD_E2_HOPE/v1_8000/sdl_001901.png,284,284,,1,melanoma,,,,train,3,1,0,,,,,,,,,,,,,,,15224348226602539249,,3157.2384465299547,b53fdb5012da7d189451593ce86bcbeb,
Synth,sdl_001902.png,/home/marsi/TFM/data/gen/SD_E2_HOPE/v1_8000/sdl_001902.png,284,284,,1,melanoma,,,,train,3,1,0,,,,,,,,,,,,,,,16747910180663505263,,234.52716117724776,fbedbb5c68d34c612c83dd964434312d,
Synth,sdl_001903.png,/home/marsi/TFM/data/gen/SD_E2_HOPE/v1_8000/sdl_001903.png,284,284,,1,melanoma,,,,train,3,1,0,,,,,,,,,,,,,,,11900431724589074212,,416.8297366499901,634981d0369b53e8cefda4e90aad26b6,
Synth,sdl_001905.png,/home/marsi/TFM/data/gen/SD_E2_HOPE/v1_8000/sdl_001905.png,284,284,,1,melanoma,,,,train,3,1,0,,,,,,,,,,,,,,,16310231792313783246,,649.0424211239442,22986353a98c1513851d4b830ee67795,
Synth,sdl_001906.png,/home/marsi/TFM/data/gen/SD_E2_HOPE/v1_8000/sdl_001906.png,284,284,,1,melanoma,,,,train,3,1,0,,,,,,,,,,,,,,,13707497826379000973,,726.2601922890171,9acf7cf6f52809ca0c6ecca03ae90472,
Synth,sdl_001907.png,/home/marsi/TFM/data/gen/SD_E2_HOPE/v1_8000/sdl_001907.png,284,284,,1,melanoma,,,,train,3,1,0,,,,,,,,,,,,,,,16946417441843386526,,510.7653184076771,6778425281fb97f1e4f530eebcbba391,
Synth,sdl_001908.png,/home/marsi/TFM/data/gen/SD_E2_HOPE/v1_8000/sdl_001908.png,284,284,,1,melanoma,,,,train,3,1,0,,,,,,,,,,,,,,,17167653234354393230,,275.321703851223,9d9f3e7d0aa99285a6ad98aac48dd320,
Synth,sdl_001909.png,/home/marsi/TFM/data/gen/SD_E2_HOPE/v1_8000/sdl_001909.png,284,284,,1,melanoma,,,,train,3,1,0,,,,,,,,,,,,,,,16317532896885474605,,1189.494107961655,8e19392614b7564cbdbba750fe79ae64,
Synth,sdl_001910.png,/home/marsi/TFM/data/gen/SD_E2_HOPE/v1_8000/sdl_001910.png,284,284,,1,melanoma,,,,train,3,1,0,,,,,,,,,,,,,,,17753965595962535993,,387.9073228240013,b507b2f5f02989207e034e889d6870a8,
Synth,sdl_001911.png,/home/marsi/TFM/data/gen/SD_E2_HOPE/v1_8000/sdl_001911.png,284,284,,1,melanoma,,,,train,3,1,0,,,,,,,,,,,,,,,15896637849545548999,,1382.198117360473,36ccb003e729330869be17837ce53df0,
Synth,sdl_001912.png,/home/marsi/TFM/data/gen/SD_E2_HOPE/v1_8000/sdl_001912.png,284,284,,1,melanoma,,,,train,3,1,0,,,,,,,,,,,,,,,17160827264088939666,,494.0635251402855,9cf2f628ab2dc15e94c21372bb451ada,
Synth,sdl_001914.png,/home/marsi/TFM/data/gen/SD_E2_HOPE/v1_8000/sdl_001914.png,284,284,,1,melanoma,,,,train,3,1,0,,,,,,,,,,,,,,,18060713888824046172,,400.0123144052923,4e4242bb83a0bb51b7137e36a9bd1d4a,
Synth,sdl_001915.png,/home/marsi/TFM/data/gen/SD_E2_HOPE/v1_8000/sdl_001915.png,284,284,,1,melanoma,,,,train,3,1,0,,,,,,,,,,,,,,,12821122324561346928,,302.119757196866,4a4bdc4f752defd36bddc1bcbb9487e2,
Synth,sdl_001916.png,/home/marsi/TFM/data/gen/SD_E2_HOPE/v1_8000/sdl_001916.png,284,284,,1,melanoma,,,,train,3,1,0,,,,,,,,,,,,,,,16964710015759910533,,1802.794122800231,a54b20cbdf69e41cbd997b275c36cfd5,
Synth,sdl_001917.png,/home/marsi/TFM/data/gen/SD_E2_HOPE/v1_8000/sdl_001917.png,284,284,,1,melanoma,,,,train,3,1,0,,,,,,,,,,,,,,,13143686900882503781,,322.1670302664861,3d6e1c076949f42a0b9993166d9b019a,
Synth,sdl_001918.png,/home/marsi/TFM/data/gen/SD_E2_HOPE/v1_8000/sdl_001918.png,284,284,,1,melanoma,,,,train,3,1,0,,,,,,,,,,,,,,,13564163483825752735,,494.8824369758368,2aef580cff7d3a5d22f29a1ffdf84451,
Synth,sdl_001919.png,/home/marsi/TFM/data/gen/SD_E2_HOPE/v1_8000/sdl_001919.png,284,284,,1,melanoma,,,,train,3,1,0,,,,,,,,,,,,,,,12060869082699480056,,392.4260830571875,e70b185dcea48966b79cc57816c684db,
Synth,sdl_001920.png,/home/marsi/TFM/data/gen/SD_E2_HOPE/v1_8000/sdl_001920.png,284,284,,1,melanoma,,,,train,3,1,0,,,,,,,,,,,,,,,13050255353415583540,,1115.952319085598,05fac01cd3e5a613be3954e2c800b1f1,
Synth,sdl_001921.png,/home/marsi/TFM/data/gen/SD_E2_HOPE/v1_8000/sdl_001921.png,284,284,,1,melanoma,,,,train,3,1,0,,,,,,,,,,,,,,,16531470358306047563,,381.5156982801855,e111c49e9385a6830c9614734b08074e,
Synth,sdl_001922.png,/home/marsi/TFM/data/gen/SD_E2_HOPE/v1_8000/sdl_001922.png,284,284,,1,melanoma,,,,train,3,1,0,,,,,,,,,,,,,,,18315438632159260890,,756.9116577506065,57b5c2a079c0c725f8769c54985c0432,
Synth,sdl_001923.png,/home/marsi/TFM/data/gen/SD_E2_HOPE/v1_8000/sdl_001923.png,284,284,,1,melanoma,,,,train,3,1,0,,,,,,,,,,,,,,,16314445538019391201,,257.88628200348467,44894f76f069b4bfce1dd873a73e5431,
Synth,sdl_001924.png,/home/marsi/TFM/data/gen/SD_E2_HOPE/v1_8000/sdl_001924.png,284,284,,1,melanoma,,,,train,3,1,0,,,,,,,,,,,,,,,16460240774888098809,,376.9872388234362,cc4da8a77ce73c1b1206de6dd10ad474,
Synth,sdl_001925.png,/home/marsi/TFM/data/gen/SD_E2_HOPE/v1_8000/sdl_001925.png,284,284,,1,melanoma,,,,train,3,1,0,,,,,,,,,,,,,,,13491326397197467790,,374.6020112596452,49ca9e57839f5bd1d7afd9b70e1ca887,
Synth,sdl_001926.png,/home/marsi/TFM/data/gen/SD_E2_HOPE/v1_8000/sdl_001926.png,284,284,,1,melanoma,,,,train,3,1,0,,,,,,,,,,,,,,,17969529221434731532,,284.43266320135444,780c08a67050571775b08fef8bd8a0db,
Synth,sdl_001927.png,/home/marsi/TFM/data/gen/SD_E2_HOPE/v1_8000/sdl_001927.png,284,284,,1,melanoma,,,,train,3,1,0,,,,,,,,,,,,,,,13273099622102807785,,298.61956505384296,418370f236ee010d676abfa75945a88d,
Synth,sdl_001928.png,/home/marsi/TFM/data/gen/SD_E2_HOPE/v1_8000/sdl_001928.png,284,284,,1,melanoma,,,,train,3,1,0,,,,,,,,,,,,,,,13661318080157032013,,8527.319238424301,69abdeccda72ea78ff7b57755c408e76,
Synth,sdl_001929.png,/home/marsi/TFM/data/gen/SD_E2_HOPE/v1_8000/sdl_001929.png,284,284,,1,melanoma,,,,train,3,1,0,,,,,,,,,,,,,,,14022337242907103591,,1849.0650799414143,4c50162181b4bd64a414ebd247048725,
Synth,sdl_001930.png,/home/marsi/TFM/data/gen/SD_E2_HOPE/v1_8000/sdl_001930.png,284,284,,1,melanoma,,,,train,3,1,0,,,,,,,,,,,,,,,11400792953730654022,,951.922382316552,d302ac0d2173dc7517f6964b9da95c1e,
Synth,sdl_001931.png,/home/marsi/TFM/data/gen/SD_E2_HOPE/v1_8000/sdl_001931.png,284,284,,1,melanoma,,,,train,3,1,0,,,,,,,,,,,,,,,10607469449191234510,,1063.051220363937,5a196041c871a1cf43015b1abe53e258,
Synth,sdl_001932.png,/home/marsi/TFM/data/gen/SD_E2_HOPE/v1_8000/sdl_001932.png,284,284,,1,melanoma,,,,train,3,1,0,,,,,,,,,,,,,,,17482834979962047542,,682.1768933823332,a522add49395ab2f9822d77ed0e2e82f,
Synth,sdl_001933.png,/home/marsi/TFM/data/gen/SD_E2_HOPE/v1_8000/sdl_001933.png,284,284,,1,melanoma,,,,train,3,1,0,,,,,,,,,,,,,,,9309253091439334268,,816.8966026306152,07084ffee8445d2bad950ab97f8fe02c,
Synth,sdl_001934.png,/home/marsi/TFM/data/gen/SD_E2_HOPE/v1_8000/sdl_001934.png,284,284,,1,melanoma,,,,train,3,1,0,,,,,,,,,,,,,,,14256736588093135667,,797.9209656119347,f878b720d4a217d1fd6fe68ee37310c6,
Synth,sdl_001935.png,/home/marsi/TFM/data/gen/SD_E2_HOPE/v1_8000/sdl_001935.png,284,284,,1,melanoma,,,,train,3,1,0,,,,,,,,,,,,,,,14251981967286887839,,647.4149747258052,b72680b1752ebb22dcea96475dcc6302,
Synth,sdl_001936.png,/home/marsi/TFM/data/gen/SD_E2_HOPE/v1_8000/sdl_001936.png,284,284,,1,melanoma,,,,train,3,1,0,,,,,,,,,,,,,,,13129899195434475354,,311.62999237980694,4bd10a0b62eee090fe83d5707297f3b5,
Synth,sdl_001937.png,/home/marsi/TFM/data/gen/SD_E2_HOPE/v1_8000/sdl_001937.png,284,284,,1,melanoma,,,,train,3,1,0,,,,,,,,,,,,,,,13563928773623387075,,450.05477164685726,bce5220afee08d299fb608999afe768d,
Synth,sdl_001938.png,/home/marsi/TFM/data/gen/SD_E2_HOPE/v1_8000/sdl_001938.png,284,284,,1,melanoma,,,,train,3,1,0,,,,,,,,,,,,,,,16430142022084017626,,477.7728151679039,4eefb486d47b2aff03b55ebc42bbdf04,
Synth,sdl_001939.png,/home/marsi/TFM/data/gen/SD_E2_HOPE/v1_8000/sdl_001939.png,284,284,,1,melanoma,,,,train,3,1,0,,,,,,,,,,,,,,,16747927790046188131,,233.6886541461572,3cb03767f5f9ba33f61a2721d35b38eb,
Synth,sdl_001941.png,/home/marsi/TFM/data/gen/SD_E2_HOPE/v1_8000/sdl_001941.png,284,284,,1,melanoma,,,,train,3,1,0,,,,,,,,,,,,,,,16385666467604744009,,582.9313163598999,b49e6ed7204f40f9eb3326cadd9178f1,
Synth,sdl_001942.png,/home/marsi/TFM/data/gen/SD_E2_HOPE/v1_8000/sdl_001942.png,284,284,,1,melanoma,,,,train,3,1,0,,,,,,,,,,,,,,,13703825521141496009,,501.3789158528671,048bb6a3b32c365268da25f319b47de9,
Synth,sdl_001943.png,/home/marsi/TFM/data/gen/SD_E2_HOPE/v1_8000/sdl_001943.png,284,284,,1,melanoma,,,,train,3,1,0,,,,,,,,,,,,,,,12493495675207314792,,384.22848695516586,8c877d971cafa9ca298abd9a617e087f,
Synth,sdl_001945.png,/home/marsi/TFM/data/gen/SD_E2_HOPE/v1_8000/sdl_001945.png,284,284,,1,melanoma,,,,train,3,1,0,,,,,,,,,,,,,,,13009985844317467839,,400.3414139151573,f66092e47ae29af0936500da1c3ec8f8,
Synth,sdl_001946.png,/home/marsi/TFM/data/gen/SD_E2_HOPE/v1_8000/sdl_001946.png,284,284,,1,melanoma,,,,train,3,1,0,,,,,,,,,,,,,,,16235349321958378679,,286.9895147681236,185488675242c033405a196ea4ab637e,
Synth,sdl_001947.png,/home/marsi/TFM/data/gen/SD_E2_HOPE/v1_8000/sdl_001947.png,284,284,,1,melanoma,,,,train,3,1,0,,,,,,,,,,,,,,,13348036942366074819,,511.5753108114004,f1a2f3b2568cdd0c2588a8a8ba53defa,
Synth,sdl_001948.png,/home/marsi/TFM/data/gen/SD_E2_HOPE/v1_8000/sdl_001948.png,284,284,,1,melanoma,,,,train,3,1,0,,,,,,,,,,,,,,,13488791530076720333,,334.29787645395845,cd90570aeada1d9ea51c12a294a2c99a,
Synth,sdl_001949.png,/home/marsi/TFM/data/gen/SD_E2_HOPE/v1_8000/sdl_001949.png,284,284,,1,melanoma,,,,train,3,1,0,,,,,,,,,,,,,,,16882517394851469219,,459.0306718638167,789562080701ca5102f97ea4b9b3404c,
Synth,sdl_001950.png,/home/marsi/TFM/data/gen/SD_E2_HOPE/v1_8000/sdl_001950.png,284,284,,1,melanoma,,,,train,3,1,0,,,,,,,,,,,,,,,13780101100357181517,,270.330078125,6c501ee0cec2e6eb0a28472d03894ef2,
Synth,sdl_001951.png,/home/marsi/TFM/data/gen/SD_E2_HOPE/v1_8000/sdl_001951.png,284,284,,1,melanoma,,,,train,3,1,0,,,,,,,,,,,,,,,17033959065129744600,,474.8004148565233,d79877a15c47663ec782453fa221ea58,
Synth,sdl_001952.png,/home/marsi/TFM/data/gen/SD_E2_HOPE/v1_8000/sdl_001952.png,284,284,,1,melanoma,,,,train,3,1,0,,,,,,,,,,,,,,,16203258298931262388,,802.4674286758527,083ce52b414cc32e94802d4302d4c799,
Synth,sdl_001954.png,/home/marsi/TFM/data/gen/SD_E2_HOPE/v1_8000/sdl_001954.png,284,284,,1,melanoma,,,,train,3,1,0,,,,,,,,,,,,,,,17891048381100470729,,348.8363406052813,2707cb8df28d0fcc525e1da63fc1e3a3,
Synth,sdl_001955.png,/home/marsi/TFM/data/gen/SD_E2_HOPE/v1_8000/sdl_001955.png,284,284,,1,melanoma,,,,train,3,1,0,,,,,,,,,,,,,,,16162161829365527927,,523.7568835280836,51b596b79e8d66ad68eb5cb57dda947e,
Synth,sdl_001956.png,/home/marsi/TFM/data/gen/SD_E2_HOPE/v1_8000/sdl_001956.png,284,284,,1,melanoma,,,,train,3,1,0,,,,,,,,,,,,,,,12698893023741161531,,299.4690517252311,32eb21eb7434afe528ac84d0fcbb35fa,
Synth,sdl_001957.png,/home/marsi/TFM/data/gen/SD_E2_HOPE/v1_8000/sdl_001957.png,284,284,,1,melanoma,,,,train,3,1,0,,,,,,,,,,,,,,,16545827421361239442,,348.1905519030988,43e9c46ef2101877cdc717d9c2871585,
Synth,sdl_001958.png,/home/marsi/TFM/data/gen/SD_E2_HOPE/v1_8000/sdl_001958.png,284,284,,1,melanoma,,,,train,3,1,0,,,,,,,,,,,,,,,10749059584878922390,,2002.469717039727,c623d04b03db233e907bfe8af921907f,
Synth,sdl_001959.png,/home/marsi/TFM/data/gen/SD_E2_HOPE/v1_8000/sdl_001959.png,284,284,,1,melanoma,,,,train,3,1,0,,,,,,,,,,,,,,,12121321290789886824,,886.1878394326195,bc6814c67d42506f2a0716d8399baa74,
Synth,sdl_001960.png,/home/marsi/TFM/data/gen/SD_E2_HOPE/v1_8000/sdl_001960.png,284,284,,1,melanoma,,,,train,3,1,0,,,,,,,,,,,,,,,17328305431395635658,,1323.2955701788887,ee4656212e425f18a2963f9b9c936e2a,
Synth,sdl_001961.png,/home/marsi/TFM/data/gen/SD_E2_HOPE/v1_8000/sdl_001961.png,284,284,,1,melanoma,,,,train,3,1,0,,,,,,,,,,,,,,,12997611292329326908,,473.0136728873477,0aad2030fc1cdda2a0293c10ce2acb24,
Synth,sdl_001962.png,/home/marsi/TFM/data/gen/SD_E2_HOPE/v1_8000/sdl_001962.png,284,284,,1,melanoma,,,,train,3,1,0,,,,,,,,,,,,,,,13003514840652290108,,789.6157116293907,31677d275ba00761d052f040b4d20bf7,
Synth,sdl_001963.png,/home/marsi/TFM/data/gen/SD_E2_HOPE/v1_8000/sdl_001963.png,284,284,,1,melanoma,,,,train,3,1,0,,,,,,,,,,,,,,,17900268768925227160,,314.5705724498257,057a0ecfdf397b48f253b8cffc588bc1,
Synth,sdl_001964.png,/home/marsi/TFM/data/gen/SD_E2_HOPE/v1_8000/sdl_001964.png,284,284,,1,melanoma,,,,train,3,1,0,,,,,,,,,,,,,,,16157402017399721253,,313.3591358875856,af64c7d16fc6d23bcb393c4cc54bd52e,
Synth,sdl_001965.png,/home/marsi/TFM/data/gen/SD_E2_HOPE/v1_8000/sdl_001965.png,284,284,,1,melanoma,,,,train,3,1,0,,,,,,,,,,,,,,,10203206661317039934,,4122.2094078063965,b75ead4d9c83f5e815fa4ab6840b01e3,
Synth,sdl_001966.png,/home/marsi/TFM/data/gen/SD_E2_HOPE/v1_8000/sdl_001966.png,284,284,,1,melanoma,,,,train,3,1,0,,,,,,,,,,,,,,,16162468206137194701,,627.1785538159311,2958a113de38d78cc04071e1e586cf1f,
Synth,sdl_001968.png,/home/marsi/TFM/data/gen/SD_E2_HOPE/v1_8000/sdl_001968.png,284,284,,1,melanoma,,,,train,3,1,0,,,,,,,,,,,,,,,13646400116848345060,,400.3086957996711,9f612afbec6228b243c5b4141a0765c7,
Synth,sdl_001969.png,/home/marsi/TFM/data/gen/SD_E2_HOPE/v1_8000/sdl_001969.png,284,284,,1,melanoma,,,,train,3,1,0,,,,,,,,,,,,,,,16243231635100874034,,516.2678765719756,8c359da4cf1d6952d46d38862923aeb4,
Synth,sdl_001970.png,/home/marsi/TFM/data/gen/SD_E2_HOPE/v1_8000/sdl_001970.png,284,284,,1,melanoma,,,,train,3,1,0,,,,,,,,,,,,,,,13071067730182050575,,689.3488150499761,edd7afd0ac880d68dd43cef1b7365d63,
Synth,sdl_001971.png,/home/marsi/TFM/data/gen/SD_E2_HOPE/v1_8000/sdl_001971.png,284,284,,1,melanoma,,,,train,3,1,0,,,,,,,,,,,,,,,18239814633986901021,,1398.4625869840384,aed29e5252dbc42a1ca25ed774754a78,
Synth,sdl_001972.png,/home/marsi/TFM/data/gen/SD_E2_HOPE/v1_8000/sdl_001972.png,284,284,,1,melanoma,,,,train,3,1,0,,,,,,,,,,,,,,,14419282348907776988,,559.106374528259,8520b92e0a79be0de3e9eadef29419a6,
Synth,sdl_001973.png,/home/marsi/TFM/data/gen/SD_E2_HOPE/v1_8000/sdl_001973.png,284,284,,1,melanoma,,,,train,3,1,0,,,,,,,,,,,,,,,16271171413938499789,,326.3228380223736,5d1c261564a68807d01aa6ecbdc9ef4c,
Synth,sdl_001974.png,/home/marsi/TFM/data/gen/SD_E2_HOPE/v1_8000/sdl_001974.png,284,284,,1,melanoma,,,,train,3,1,0,,,,,,,,,,,,,,,17018140660447779672,,419.1473030894995,3d22422934710271e280085d136e4884,
Synth,sdl_001975.png,/home/marsi/TFM/data/gen/SD_E2_HOPE/v1_8000/sdl_001975.png,284,284,,1,melanoma,,,,train,3,1,0,,,,,,,,,,,,,,,13181684931843862690,,247.29392951726916,3d85e380ba9c8b7b28125ca60061ce70,
Synth,sdl_001976.png,/home/marsi/TFM/data/gen/SD_E2_HOPE/v1_8000/sdl_001976.png,284,284,,1,melanoma,,,,train,3,1,0,,,,,,,,,,,,,,,12841035546606002288,,385.544295784086,8d95a09de1be39dccc92604677ef80ed,
Synth,sdl_001977.png,/home/marsi/TFM/data/gen/SD_E2_HOPE/v1_8000/sdl_001977.png,284,284,,1,melanoma,,,,train,3,1,0,,,,,,,,,,,,,,,16315307352209568826,,509.86336224898696,85379b719af1a0d22a70f6aae7abd328,
Synth,sdl_001978.png,/home/marsi/TFM/data/gen/SD_E2_HOPE/v1_8000/sdl_001978.png,284,284,,1,melanoma,,,,train,3,1,0,,,,,,,,,,,,,,,12986626393324283196,,469.2465024655685,e74cd525171555e30e45bb070514de6a,
Synth,sdl_001979.png,/home/marsi/TFM/data/gen/SD_E2_HOPE/v1_8000/sdl_001979.png,284,284,,1,melanoma,,,,train,3,1,0,,,,,,,,,,,,,,,12999237517974595481,,724.7919489359483,9301b7aa015c91e1b7d00a4e9bb3cb9b,
Synth,sdl_001980.png,/home/marsi/TFM/data/gen/SD_E2_HOPE/v1_8000/sdl_001980.png,284,284,,1,melanoma,,,,train,3,1,0,,,,,,,,,,,,,,,17176946328171584976,,384.02817629277706,a082639f6904f6df5980b5bd65eb91ec,
Synth,sdl_001981.png,/home/marsi/TFM/data/gen/SD_E2_HOPE/v1_8000/sdl_001981.png,284,284,,1,melanoma,,,,train,3,1,0,,,,,,,,,,,,,,,11832816360368912743,,395.5175676606596,3f9ba447f4a608cae26cbe0813af6f1d,
Synth,sdl_001982.png,/home/marsi/TFM/data/gen/SD_E2_HOPE/v1_8000/sdl_001982.png,284,284,,1,melanoma,,,,train,3,1,0,,,,,,,,,,,,,,,14081517479710176103,,1275.5530435107648,d2ed394f9a198848501659c08ccb70b8,
Synth,sdl_001983.png,/home/marsi/TFM/data/gen/SD_E2_HOPE/v1_8000/sdl_001983.png,284,284,,1,melanoma,,,,train,3,1,0,,,,,,,,,,,,,,,13214903377136018224,,425.759658575058,5017ad71d5403363c126c83c4711ecbc,
Synth,sdl_001984.png,/home/marsi/TFM/data/gen/SD_E2_HOPE/v1_8000/sdl_001984.png,284,284,,1,melanoma,,,,train,3,1,0,,,,,,,,,,,,,,,13579146780855989474,,569.6624231003225,7631916632bc2fe5e7f5b92f55d2a7c8,
Synth,sdl_001986.png,/home/marsi/TFM/data/gen/SD_E2_HOPE/v1_8000/sdl_001986.png,284,284,,1,melanoma,,,,train,3,1,0,,,,,,,,,,,,,,,13577446410845633073,,256.1065652370453,aa4bc37f6e2f3e77a937b9e5db1aaf05,
Synth,sdl_001987.png,/home/marsi/TFM/data/gen/SD_E2_HOPE/v1_8000/sdl_001987.png,284,284,,1,melanoma,,,,train,3,1,0,,,,,,,,,,,,,,,17612882367904828260,,1127.606420739554,e2f1f441df61f5b2539eab9bf0be7751,
Synth,sdl_001988.png,/home/marsi/TFM/data/gen/SD_E2_HOPE/v1_8000/sdl_001988.png,284,284,,1,melanoma,,,,train,3,1,0,,,,,,,,,,,,,,,16440823123711565117,,418.7318499824032,852ecb13e2a5e56bb25e3b516d697f22,
Synth,sdl_001989.png,/home/marsi/TFM/data/gen/SD_E2_HOPE/v1_8000/sdl_001989.png,284,284,,1,melanoma,,,,train,3,1,0,,,,,,,,,,,,,,,16486716405184077191,,437.3620190760121,6076c46c7bdd14d2b7ff2b1dcc7b768a,
Synth,sdl_001990.png,/home/marsi/TFM/data/gen/SD_E2_HOPE/v1_8000/sdl_001990.png,284,284,,1,melanoma,,,,train,3,1,0,,,,,,,,,,,,,,,16889485069080350877,,466.5404238095507,3ece5d60a8cd6c9092a85eac540c7b13,
Synth,sdl_001991.png,/home/marsi/TFM/data/gen/SD_E2_HOPE/v1_8000/sdl_001991.png,284,284,,1,melanoma,,,,train,3,1,0,,,,,,,,,,,,,,,11285008788163424645,,773.1761214574799,74c1bdf674b57e27cac1d1acee64b971,
Synth,sdl_001992.png,/home/marsi/TFM/data/gen/SD_E2_HOPE/v1_8000/sdl_001992.png,284,284,,1,melanoma,,,,train,3,1,0,,,,,,,,,,,,,,,16772395915263316963,,392.49690260645,ec289d8d11558fad10fd4200606553ff,
Synth,sdl_001993.png,/home/marsi/TFM/data/gen/SD_E2_HOPE/v1_8000/sdl_001993.png,284,284,,1,melanoma,,,,train,3,1,0,,,,,,,,,,,,,,,16457774389532549733,,236.73027614410967,b479e2711e3282d2cae8a94b5b6b31b4,
Synth,sdl_001994.png,/home/marsi/TFM/data/gen/SD_E2_HOPE/v1_8000/sdl_001994.png,284,284,,1,melanoma,,,,train,3,1,0,,,,,,,,,,,,,,,13214898979010738640,,424.4334153197706,8c439c5e54afe560218cd8697a459469,
Synth,sdl_001995.png,/home/marsi/TFM/data/gen/SD_E2_HOPE/v1_8000/sdl_001995.png,284,284,,1,melanoma,,,,train,3,1,0,,,,,,,,,,,,,,,18376920986344546333,,2330.878042644821,4f57396dadc36e17d544c2ebb590a9f6,
Synth,sdl_001996.png,/home/marsi/TFM/data/gen/SD_E2_HOPE/v1_8000/sdl_001996.png,284,284,,1,melanoma,,,,train,3,1,0,,,,,,,,,,,,,,,12498833186846424337,,401.9450537478551,6b21ce5bffefc1415fc42e47dbb092bf,
Synth,sdl_001997.png,/home/marsi/TFM/data/gen/SD_E2_HOPE/v1_8000/sdl_001997.png,284,284,,1,melanoma,,,,train,3,1,0,,,,,,,,,,,,,,,13058962144757762334,,466.9957818975672,11c58a364cbba1d778837b3943e97d49,
Synth,sdl_001998.png,/home/marsi/TFM/data/gen/SD_E2_HOPE/v1_8000/sdl_001998.png,284,284,,1,melanoma,,,,train,3,1,0,,,,,,,,,,,,,,,12253333040740264643,,10333.35757012572,1d4c8bd3331eeaec44e43e7e0eee50a0,
Synth,sdl_001999.png,/home/marsi/TFM/data/gen/SD_E2_HOPE/v1_8000/sdl_001999.png,284,284,,1,melanoma,,,,train,3,1,0,,,,,,,,,,,,,,,17901394203763286471,,606.5124674951658,ee17ad8edc925ded13e5b73f4f18f024,
