path,p_melanoma
/home/marsi/TFM/data/imagefolder/synth/train/melanoma/02c82c78ab8016249c74bb77f0bb105f_ITA-109.png,0.9764699339866638
/home/marsi/TFM/data/imagefolder/synth/train/melanoma/02dbebd0b19c14f427ffd445afdd923b_ITA-28.png,0.634973406791687
/home/marsi/TFM/data/imagefolder/synth/train/melanoma/02de76a051b4602b7354cbd217195db2_ITA-42.png,0.6093758940696716
/home/marsi/TFM/data/imagefolder/synth/train/melanoma/0314d88201c6105f9cf091c84bcd0d9f_ITA-38.png,0.8300936818122864
/home/marsi/TFM/data/imagefolder/synth/train/melanoma/03df0a5474151deba054565452647f78_ITA-101.png,0.7816886901855469
/home/marsi/TFM/data/imagefolder/synth/train/melanoma/05dacc9ac4d694efceac29970e9bbca1_ITA-126.png,0.8966633081436157
/home/marsi/TFM/data/imagefolder/synth/train/melanoma/068f89b64ab961066d579b19e78fb07c_ITA-146.png,0.7729369401931763
/home/marsi/TFM/data/imagefolder/synth/train/melanoma/07372d729c011eba2e09899b06ef92e1_ITA-96.png,0.537923276424408
/home/marsi/TFM/data/imagefolder/synth/train/melanoma/079b9410b91f16eae9172d02ae78588c_ITA-103.png,0.9797472953796387
/home/marsi/TFM/data/imagefolder/synth/train/melanoma/07a0729cda0dd8df65449ef8556fd5c4_ITA-75.png,0.9979275465011597
/home/marsi/TFM/data/imagefolder/synth/train/melanoma/082dc830e309eaa0a297f4eb1ffcd353_ITA-26.png,0.6889051795005798
/home/marsi/TFM/data/imagefolder/synth/train/melanoma/0aa9baede2061ec2237e3dbc41ce72de_ITA-148.png,0.9380388259887695
/home/marsi/TFM/data/imagefolder/synth/train/melanoma/0b4e2e95166ca3c6f9c74b426bc4d309_ITA-145.png,0.9147089123725891
/home/marsi/TFM/data/imagefolder/synth/train/melanoma/0b923b464326c462aab1c03bc2455f33_ITA-136.png,0.9126887321472168
/home/marsi/TFM/data/imagefolder/synth/train/melanoma/0ba2cd1f9b97913f6d4f11998ba4a3a8_ITA-123.png,0.932883083820343
/home/marsi/TFM/data/imagefolder/synth/train/melanoma/0bfb4a12092f29b7880abc4a0346dd9a_ITA-11.png,0.8642034530639648
/home/marsi/TFM/data/imagefolder/synth/train/melanoma/0c66c0f179927d901235b2327a1a5f7b_ITA-6.png,0.8911906480789185
/home/marsi/TFM/data/imagefolder/synth/train/melanoma/0cca43e575001e406a79739f32a4a4e7_ITA-58.png,0.9067414402961731
/home/marsi/TFM/data/imagefolder/synth/train/melanoma/0cd33c4270020b313bb2ce80c690480f_ITA-53.png,0.9319862723350525
/home/marsi/TFM/data/imagefolder/synth/train/melanoma/0ea29ab6589b0a2c766a6cbd3d241de4_ITA-107.png,0.9936683773994446
/home/marsi/TFM/data/imagefolder/synth/train/melanoma/0eb19d128c2364df8910e1d9e14178e0_ITA-104.png,0.9734157919883728
/home/marsi/TFM/data/imagefolder/synth/train/melanoma/0f2fd84e23fb2d88d5231d2441efb0d6_ITA-20.png,0.7280336618423462
/home/marsi/TFM/data/imagefolder/synth/train/melanoma/0f31e6526e1e1b7596bbcedde852009d_ITA-57.png,0.9669312238693237
/home/marsi/TFM/data/imagefolder/synth/train/melanoma/0f72d148be348f804feb58e284612554_ITA-101.png,0.9689563512802124
/home/marsi/TFM/data/imagefolder/synth/train/melanoma/10416ad809283bf65889ff3c49fe3ec6_ITA-41.png,0.6911504864692688
/home/marsi/TFM/data/imagefolder/synth/train/melanoma/10f0c131b4d7e82a8e6e7d5131695bb0_ITA-88.png,0.9822017550468445
/home/marsi/TFM/data/imagefolder/synth/train/melanoma/1125b81c793f85564377e33e00a713df_ITA-171.png,0.813675582408905
/home/marsi/TFM/data/imagefolder/synth/train/melanoma/1158fa796b07d96b8a11ebe44f4bedaf_ITA-106.png,0.8819632530212402
/home/marsi/TFM/data/imagefolder/synth/train/melanoma/11e21ab24920d4981b6615f56fb109e3_ITA-23.png,0.6763215661048889
/home/marsi/TFM/data/imagefolder/synth/train/melanoma/121417e4c88c97438606c56316bed25e_ITA-147.png,0.8618324398994446
/home/marsi/TFM/data/imagefolder/synth/train/melanoma/12d9175a0534e28bf5085a5816807072_ITA-160.png,0.9854678511619568
/home/marsi/TFM/data/imagefolder/synth/train/melanoma/13f998ecadcc36a87ade633529e90c53_ITA-39.png,0.868902325630188
/home/marsi/TFM/data/imagefolder/synth/train/melanoma/1526df28a85fa2ce68a898e8cb8e110b_ITA-105.png,0.8429804444313049
/home/marsi/TFM/data/imagefolder/synth/train/melanoma/158bb6b55f845b43b80e1e12b608e124_ITA-24.png,0.9239280819892883
/home/marsi/TFM/data/imagefolder/synth/train/melanoma/158bd00ccd61604bc2143fd7c9a8d873_ITA5.png,0.8676755428314209
/home/marsi/TFM/data/imagefolder/synth/train/melanoma/15c16c5746ebd604a7f9faee7d839620_ITA-164.png,0.6050652265548706
/home/marsi/TFM/data/imagefolder/synth/train/melanoma/1602e53e792329ac1731b930db8da2c5_ITA-176.png,0.9000048637390137
/home/marsi/TFM/data/imagefolder/synth/train/melanoma/17232a7679b75b6dbf73549d2880dab1_ITA-47.png,0.7777264714241028
/home/marsi/TFM/data/imagefolder/synth/train/melanoma/1745a2551c7c7b3e6eaf0c975d0a2e51_ITA-29.png,0.8281864523887634
/home/marsi/TFM/data/imagefolder/synth/train/melanoma/1752a3a540909740796cf4df30109692_ITA-150.png,0.9560098648071289
/home/marsi/TFM/data/imagefolder/synth/train/melanoma/178160ccbb1486cd3dcdb2949bd69e42_ITA-60.png,0.892284095287323
/home/marsi/TFM/data/imagefolder/synth/train/melanoma/17fc0263bd0f4ed309531c27c2c0b132_ITA-95.png,0.8629182577133179
/home/marsi/TFM/data/imagefolder/synth/train/melanoma/184a290a299c184822c489d402d6a015_ITA-24.png,0.6367072463035583
/home/marsi/TFM/data/imagefolder/synth/train/melanoma/189ad2eb741457a7954dd0a1a232bbed_ITA-167.png,0.5406506657600403
/home/marsi/TFM/data/imagefolder/synth/train/melanoma/18a700e4e1bfd25ea23dba3c26e5eebd_ITA7.png,0.41056445240974426
/home/marsi/TFM/data/imagefolder/synth/train/melanoma/1ab8da6927d30ebf86ada5fdea63a182_ITA-42.png,0.8376908898353577
/home/marsi/TFM/data/imagefolder/synth/train/melanoma/1bc973a57b1e7b98e013a268b1cee2bf_ITA-49.png,0.8965619206428528
/home/marsi/TFM/data/imagefolder/synth/train/melanoma/1c0290c3ebe9719c5282c3b4fef50828_ITA-70.png,0.9394359588623047
/home/marsi/TFM/data/imagefolder/synth/train/melanoma/1d40296c924705140aed7fcc21caa312_ITA-54.png,0.973541259765625
/home/marsi/TFM/data/imagefolder/synth/train/melanoma/1e072e517ac73ecc8f400cb812e06fee_ITA-28.png,0.9144006371498108
/home/marsi/TFM/data/imagefolder/synth/train/melanoma/1e0f49b196498460c2774c4f3539ded5_ITA-92.png,0.8940470218658447
/home/marsi/TFM/data/imagefolder/synth/train/melanoma/1ebfc7677cff36ab43049e3b429f279f_ITA-48.png,0.9391960501670837
/home/marsi/TFM/data/imagefolder/synth/train/melanoma/1f7444d71d089a6603c905857b698a34_ITA-21.png,0.9191436767578125
/home/marsi/TFM/data/imagefolder/synth/train/melanoma/2292e481fd509265e2521defc91c620d_ITA-105.png,0.9166371822357178
/home/marsi/TFM/data/imagefolder/synth/train/melanoma/237f66e5498e5ca184b9c1773febbce5_ITA-52.png,0.8097712397575378
/home/marsi/TFM/data/imagefolder/synth/train/melanoma/24b669c542ca90a6494ed31c63bd117f_ITA-134.png,0.9107222557067871
/home/marsi/TFM/data/imagefolder/synth/train/melanoma/2633d1049758da92c61083fb334bfca5_ITA-68.png,0.8278932571411133
/home/marsi/TFM/data/imagefolder/synth/train/melanoma/265fc52573b9c6d72127545eccfe34e6_ITA-26.png,0.9665464162826538
/home/marsi/TFM/data/imagefolder/synth/train/melanoma/27310438e39d92a81273dff315904952_ITA-47.png,0.8694608807563782
/home/marsi/TFM/data/imagefolder/synth/train/melanoma/27cc61ab54cef9f571eef8a0a8e5fcd3_ITA-92.png,0.7882259488105774
/home/marsi/TFM/data/imagefolder/synth/train/melanoma/29005ab8b6e43cfd67789b0131eec453_ITA-78.png,0.9559855461120605
/home/marsi/TFM/data/imagefolder/synth/train/melanoma/292281439a6aa88bfffcd024c1e164d4_ITA-9.png,0.4596431851387024
/home/marsi/TFM/data/imagefolder/synth/train/melanoma/2a53b8003fcf74003607e5ff146ef731_ITA-73.png,0.9669828414916992
/home/marsi/TFM/data/imagefolder/synth/train/melanoma/2af4dce5112d0136e7f8d1fc75e3c2ca_ITA-145.png,0.6359710693359375
/home/marsi/TFM/data/imagefolder/synth/train/melanoma/2b039e3eb100a48514fcd2fb802f15e7_ITA-107.png,0.9270503520965576
/home/marsi/TFM/data/imagefolder/synth/train/melanoma/2beb392dae0857b68a1dddd6021319ba_ITA-154.png,0.9084228277206421
/home/marsi/TFM/data/imagefolder/synth/train/melanoma/2d6d636656131183cd2fb5f114aef6b7_ITA-70.png,0.8431482315063477
/home/marsi/TFM/data/imagefolder/synth/train/melanoma/2ddaa677aef073b8f69de878679f28c4_ITA-35.png,0.9339942932128906
/home/marsi/TFM/data/imagefolder/synth/train/melanoma/2e49096cbb50662d487d48abaf8dc427_ITA-26.png,0.9335758090019226
/home/marsi/TFM/data/imagefolder/synth/train/melanoma/2e933f361d420578d429e7511d1feb48_ITA-158.png,0.8459978699684143
/home/marsi/TFM/data/imagefolder/synth/train/melanoma/2ee129faf2212634a47cdb3a7e1b8cf8_ITA-167.png,0.9371963143348694
/home/marsi/TFM/data/imagefolder/synth/train/melanoma/2f19bb802eb55df9d3541b17e3372c14_ITA-115.png,0.9059794545173645
/home/marsi/TFM/data/imagefolder/synth/train/melanoma/2f5f4eda9ebfe97e90c5e0a6215da670_ITA-52.png,0.9506747126579285
/home/marsi/TFM/data/imagefolder/synth/train/melanoma/2fe18f0a52307fadec20da6c93b0a155_ITA-75.png,0.9424213171005249
/home/marsi/TFM/data/imagefolder/synth/train/melanoma/30284d20355625ee883d32a5b06d1266_ITA-41.png,0.7569039463996887
/home/marsi/TFM/data/imagefolder/synth/train/melanoma/3067b35736b8d3f3645abf52e96fe700_ITA-158.png,0.9302380084991455
/home/marsi/TFM/data/imagefolder/synth/train/melanoma/30a887bcb3e73398a3562ce259291007_ITA-32.png,0.6156080961227417
/home/marsi/TFM/data/imagefolder/synth/train/melanoma/30cb3184af9287598fc83d9025a54b01_ITA-54.png,0.7994762063026428
/home/marsi/TFM/data/imagefolder/synth/train/melanoma/32676036f89e2e1ca29e6f8d2e131d24_ITA-174.png,0.8040714263916016
/home/marsi/TFM/data/imagefolder/synth/train/melanoma/33b3a8aaed3264e06270af06f40a99bb_ITA-154.png,0.9633927941322327
/home/marsi/TFM/data/imagefolder/synth/train/melanoma/33c4bf5ca13518d9a48a9266fd98e0c5_ITA-93.png,0.8340623378753662
/home/marsi/TFM/data/imagefolder/synth/train/melanoma/355798027f209f5251ee462f39b9d838_ITA-30.png,0.6152065396308899
/home/marsi/TFM/data/imagefolder/synth/train/melanoma/35747c89b252f304efb174214e1bebd2_ITA-44.png,0.9316442608833313
/home/marsi/TFM/data/imagefolder/synth/train/melanoma/358d42ce5eeac58bb2300986af639b7c_ITA-63.png,0.7250116467475891
/home/marsi/TFM/data/imagefolder/synth/train/melanoma/359d89f78bd10f82eedf7259b13e0db8_ITA-70.png,0.597033679485321
/home/marsi/TFM/data/imagefolder/synth/train/melanoma/35afc9bbe524b0986fd0b6d1050168ef_ITA1.png,0.7312343716621399
/home/marsi/TFM/data/imagefolder/synth/train/melanoma/35e6dda982c5048c41bfe2c212656ad2_ITA-118.png,0.9781309962272644
/home/marsi/TFM/data/imagefolder/synth/train/melanoma/363dc23a42920b824fb49c914aa73e90_ITA-114.png,0.4683573544025421
/home/marsi/TFM/data/imagefolder/synth/train/melanoma/36f2b5d348aa11279875a2c12ad1859d_ITA-43.png,0.9317471385002136
/home/marsi/TFM/data/imagefolder/synth/train/melanoma/3933301850ae4cf67c487d1a15f1d8aa_ITA-102.png,0.8850078582763672
/home/marsi/TFM/data/imagefolder/synth/train/melanoma/3b0f97cfb8741181bc52350176da669a_ITA-116.png,0.9207545518875122
/home/marsi/TFM/data/imagefolder/synth/train/melanoma/3bc552d75ce2404d4d1c392a1fe8ffe1_ITA-139.png,0.903510332107544
/home/marsi/TFM/data/imagefolder/synth/train/melanoma/3bfc671b6888b0e73eddcd8b0ec98b1a_ITA-128.png,0.40165427327156067
/home/marsi/TFM/data/imagefolder/synth/train/melanoma/3d8978be742825069f61d4168fa377b4_ITA-104.png,0.8132016062736511
/home/marsi/TFM/data/imagefolder/synth/train/melanoma/4080d6e9d42a5047a8925ddaeafb0a9e_ITA-65.png,0.8049272894859314
/home/marsi/TFM/data/imagefolder/synth/train/melanoma/416b58845ddb8a0f4aedc93332a25f02_ITA-162.png,0.60539311170578
/home/marsi/TFM/data/imagefolder/synth/train/melanoma/41d1cf23e081743a6683874e5ef8f78d_ITA-84.png,0.8889049887657166
/home/marsi/TFM/data/imagefolder/synth/train/melanoma/426f6841cb3c3763059b72800002b7d9_ITA-43.png,0.45505982637405396
/home/marsi/TFM/data/imagefolder/synth/train/melanoma/43975ee530bbf24d848a1e40b1bcc02b_ITA-44.png,0.8667226433753967
/home/marsi/TFM/data/imagefolder/synth/train/melanoma/447c6b0b5f3e15ef3761fc0ce2d5b947_ITA-26.png,0.7599656581878662
/home/marsi/TFM/data/imagefolder/synth/train/melanoma/48d28ca6417a98b40a252ae5dbcd5388_ITA-93.png,0.9185316562652588
/home/marsi/TFM/data/imagefolder/synth/train/melanoma/4a7790870f129ebb773e1d08f1470300_ITA-107.png,0.4951314628124237
/home/marsi/TFM/data/imagefolder/synth/train/melanoma/4d4457464bf73596b96b967a7a2fe989_ITA-69.png,0.5475914478302002
/home/marsi/TFM/data/imagefolder/synth/train/melanoma/4dfdcc74920f24571819db5c179da297_ITA-123.png,0.9820354580879211
/home/marsi/TFM/data/imagefolder/synth/train/melanoma/4fb4237646d7cc5aaf47c18a745057e6_ITA-100.png,0.8680152893066406
/home/marsi/TFM/data/imagefolder/synth/train/melanoma/502bcbf6572e3bf99f743813a3dc0fed_ITA-55.png,0.8359420299530029
/home/marsi/TFM/data/imagefolder/synth/train/melanoma/504e47da7dc7164fe8972ad2579a57ed_ITA-97.png,0.8554348349571228
/home/marsi/TFM/data/imagefolder/synth/train/melanoma/50dc4cefa1331d8a63864dbd41de3e1e_ITA-42.png,0.8815882205963135
/home/marsi/TFM/data/imagefolder/synth/train/melanoma/51d759dc7b5f3c5d1751afd5085c2cdd_ITA-146.png,0.9785218834877014
/home/marsi/TFM/data/imagefolder/synth/train/melanoma/52343d656a3eedd2f273c19a6fab93b6_ITA-59.png,0.9276425838470459
/home/marsi/TFM/data/imagefolder/synth/train/melanoma/53c95c47a2f694e0dd8ea362b4c28aad_ITA-54.png,0.9375937581062317
/home/marsi/TFM/data/imagefolder/synth/train/melanoma/540acbd500ea7db40d71f03acf16b135_ITA-100.png,0.898639440536499
/home/marsi/TFM/data/imagefolder/synth/train/melanoma/54165247ceaf30dc2c25ba7f8b610697_ITA-46.png,0.6743247509002686
/home/marsi/TFM/data/imagefolder/synth/train/melanoma/5532387b1a6e7a516205080d508782ec_ITA-127.png,0.9436721205711365
/home/marsi/TFM/data/imagefolder/synth/train/melanoma/5556c3ef2dbaae18b88461224a925449_ITA-41.png,0.715118408203125
/home/marsi/TFM/data/imagefolder/synth/train/melanoma/56922a01bf03e55c8d027f65f6d44661_ITA1.png,0.8680495619773865
/home/marsi/TFM/data/imagefolder/synth/train/melanoma/56aba5a1b876382c9c558a0a4c6bb10f_ITA-84.png,0.9781686663627625
/home/marsi/TFM/data/imagefolder/synth/train/melanoma/56b5f5d5bebd747dd357ee2e2221dae2_ITA-82.png,0.9428170323371887
/home/marsi/TFM/data/imagefolder/synth/train/melanoma/56d10e1dc6ef64b8cd5d667f73e96b70_ITA-52.png,0.7680121660232544
/home/marsi/TFM/data/imagefolder/synth/train/melanoma/57b4d27daee918c15c273b1a7642d7e8_ITA-95.png,0.787111222743988
/home/marsi/TFM/data/imagefolder/synth/train/melanoma/57ebc132518ac756b71b1c902bbf336d_ITA-77.png,0.8937538862228394
/home/marsi/TFM/data/imagefolder/synth/train/melanoma/595406fca44171dc0411c5d77d604b68_ITA-5.png,0.6039584875106812
/home/marsi/TFM/data/imagefolder/synth/train/melanoma/5a006614ed15cd91c50293f3041957a4_ITA-25.png,0.9955431818962097
/home/marsi/TFM/data/imagefolder/synth/train/melanoma/5a3ceb68c0036b340671272900007612_ITA-44.png,0.9251450300216675
/home/marsi/TFM/data/imagefolder/synth/train/melanoma/5a5ae09fdb51cf1616dce44b2b52688a_ITA-85.png,0.9718745946884155
/home/marsi/TFM/data/imagefolder/synth/train/melanoma/5a6fdd78ade4bc3efb5caf19b249f9c2_ITA-129.png,0.9494383931159973
/home/marsi/TFM/data/imagefolder/synth/train/melanoma/5a8619c7700e8a4ba168220f292cf478_ITA-104.png,0.970845639705658
/home/marsi/TFM/data/imagefolder/synth/train/melanoma/5aa1c1d527a9719f7b8e04fa747103a6_ITA-117.png,0.8213683366775513
/home/marsi/TFM/data/imagefolder/synth/train/melanoma/5de7bd90697cebbaa414f62a2676faab_ITA-100.png,0.9938947558403015
/home/marsi/TFM/data/imagefolder/synth/train/melanoma/5e38621f91f04b34b4d488ed08fb69a2_ITA-31.png,0.47335752844810486
/home/marsi/TFM/data/imagefolder/synth/train/melanoma/5f06671ecfbe64d219ecf736110ed8fb_ITA-87.png,0.9572685956954956
/home/marsi/TFM/data/imagefolder/synth/train/melanoma/61e499e0c17f0e8ce5a51bbc80760cd7_ITA-175.png,0.9305082559585571
/home/marsi/TFM/data/imagefolder/synth/train/melanoma/62772ca2685fd1a49b52ded74cafc79f_ITA-178.png,0.7071737051010132
/home/marsi/TFM/data/imagefolder/synth/train/melanoma/62c5a07a2db42cec4e2e2d7bd7e60e6a_ITA-111.png,0.9901983737945557
/home/marsi/TFM/data/imagefolder/synth/train/melanoma/64c4a803856c4a93e3854506e2864ec6_ITA-17.png,0.7942454814910889
/home/marsi/TFM/data/imagefolder/synth/train/melanoma/64d3319c135a71a2385c2b0033af6219_ITA-148.png,0.6749661564826965
/home/marsi/TFM/data/imagefolder/synth/train/melanoma/65f2ce913c11f16fa4b4f8c7fe04da38_ITA-120.png,0.8410151600837708
/home/marsi/TFM/data/imagefolder/synth/train/melanoma/684d47d21f46910dadcaaf207ab4973e_ITA-93.png,0.9207016229629517
/home/marsi/TFM/data/imagefolder/synth/train/melanoma/685846013a110adf8de89c64f5830d2d_ITA-96.png,0.7947981357574463
/home/marsi/TFM/data/imagefolder/synth/train/melanoma/69c3c88fa07e943d99eb95d5f460b8be_ITA-98.png,0.9470601677894592
/home/marsi/TFM/data/imagefolder/synth/train/melanoma/69f6af386e3511f45cc3b17f242ecd3d_ITA-72.png,0.9398863911628723
/home/marsi/TFM/data/imagefolder/synth/train/melanoma/6a730578804c46012dbc41905ffddecb_ITA-62.png,0.6949450373649597
/home/marsi/TFM/data/imagefolder/synth/train/melanoma/6ae05329ecd6cd06d311e1033dd6343d_ITA-169.png,0.9654785990715027
/home/marsi/TFM/data/imagefolder/synth/train/melanoma/6b1de9f3b9959cd2cf38a448a7087305_ITA-111.png,0.8801128268241882
/home/marsi/TFM/data/imagefolder/synth/train/melanoma/6cc383dd73983a0bd19e927f9035ba52_ITA-45.png,0.6917147040367126
/home/marsi/TFM/data/imagefolder/synth/train/melanoma/6f94b8a9240263b026037b094eb0efee_ITA-47.png,0.8582487106323242
/home/marsi/TFM/data/imagefolder/synth/train/melanoma/70d909fcc0db78a2a40949dfa18bf9c7_ITA-61.png,0.7237119078636169
/home/marsi/TFM/data/imagefolder/synth/train/melanoma/72765cbe16f736c0f647a93b7c7ed002_ITA-160.png,0.6402074694633484
/home/marsi/TFM/data/imagefolder/synth/train/melanoma/7330338a159fa4e04236283037904992_ITA-73.png,0.9663605690002441
/home/marsi/TFM/data/imagefolder/synth/train/melanoma/74c5fe2a51f6695538eea9f51871de6e_ITA-119.png,0.8352962732315063
/home/marsi/TFM/data/imagefolder/synth/train/melanoma/751941bbfeab7db3827b336e46115b81_ITA-26.png,0.8036171793937683
/home/marsi/TFM/data/imagefolder/synth/train/melanoma/755d40ea7011ac3ed719300faccadc1d_ITA-86.png,0.8900608420372009
/home/marsi/TFM/data/imagefolder/synth/train/melanoma/7773b1944360c8068afd31f7e4eaf9d7_ITA-101.png,0.9833925366401672
/home/marsi/TFM/data/imagefolder/synth/train/melanoma/77794abe16fdb5f19f579d8ce2a263fd_ITA-103.png,0.8237738609313965
/home/marsi/TFM/data/imagefolder/synth/train/melanoma/7879b72219172f1d52ca083b86384a0e_ITA-67.png,0.8016411066055298
/home/marsi/TFM/data/imagefolder/synth/train/melanoma/790b8d99bf5183154527d6c8da37878d_ITA-103.png,0.9708811044692993
/home/marsi/TFM/data/imagefolder/synth/train/melanoma/7b96067b8ba1e00cb5eaa4d9108da445_ITA-32.png,0.9231985807418823
/home/marsi/TFM/data/imagefolder/synth/train/melanoma/7ba0a475a02038c24a68c8adfa09ca5c_ITA-42.png,0.9229214191436768
/home/marsi/TFM/data/imagefolder/synth/train/melanoma/7c93673918e503d5614ad6494f36b654_ITA-44.png,0.6511942148208618
/home/marsi/TFM/data/imagefolder/synth/train/melanoma/7ca98b938236bf768baf49085063b5f9_ITA-18.png,0.7272920608520508
/home/marsi/TFM/data/imagefolder/synth/train/melanoma/7cd055d4a009c27d74406a782a298640_ITA-168.png,0.7126280069351196
/home/marsi/TFM/data/imagefolder/synth/train/melanoma/7dae64d5d0062a2a8df045160993041e_ITA-51.png,0.9177743196487427
/home/marsi/TFM/data/imagefolder/synth/train/melanoma/7e4b291d36ba6d1b4f6c0816e9f24cbb_ITA-60.png,0.9306299686431885
/home/marsi/TFM/data/imagefolder/synth/train/melanoma/7e869dabd307191ac23160726c1a3d81_ITA-42.png,0.9425169229507446
/home/marsi/TFM/data/imagefolder/synth/train/melanoma/816b8ad25da6477beadc668b339bc718_ITA-45.png,0.7617985606193542
/home/marsi/TFM/data/imagefolder/synth/train/melanoma/81dad7bf1873b78fc0a8a952e9bb8c8e_ITA-26.png,0.545481264591217
/home/marsi/TFM/data/imagefolder/synth/train/melanoma/821dd6c4d2e1ed579b5fce3fc4f013fa_ITA-179.png,0.8589853048324585
/home/marsi/TFM/data/imagefolder/synth/train/melanoma/8326866ffddd38deba462b9bffd7b5ec_ITA-143.png,0.9838730692863464
/home/marsi/TFM/data/imagefolder/synth/train/melanoma/8466ac4386b58c7267f26a1fc5558ab4_ITA-120.png,0.7395294308662415
/home/marsi/TFM/data/imagefolder/synth/train/melanoma/86a01c4cb578ba525f1b87a70730dad5_ITA-109.png,0.9247743487358093
/home/marsi/TFM/data/imagefolder/synth/train/melanoma/87e163aed1126b14e7002ce0940672ed_ITA-131.png,0.9493502378463745
/home/marsi/TFM/data/imagefolder/synth/train/melanoma/8903c2f116a09bb303bb59cc6e3c53be_ITA-69.png,0.9759647250175476
/home/marsi/TFM/data/imagefolder/synth/train/melanoma/891a4354dbf0327752e7886d5b6bcf62_ITA-168.png,0.9736927151679993
/home/marsi/TFM/data/imagefolder/synth/train/melanoma/896b1249fa5717901ce46d7f643c1d74_ITA-92.png,0.9254539608955383
/home/marsi/TFM/data/imagefolder/synth/train/melanoma/8aecf443874fc85053fee4c70d3e5b99_ITA-75.png,0.9536348581314087
/home/marsi/TFM/data/imagefolder/synth/train/melanoma/8b915327de5a2c58f1e0824905df2cd9_ITA-107.png,0.9130798578262329
/home/marsi/TFM/data/imagefolder/synth/train/melanoma/8bc195201075836ef8ac3408676e450b_ITA-156.png,0.9505982995033264
/home/marsi/TFM/data/imagefolder/synth/train/melanoma/8c964c1b2549340f7a9130ee7a473b62_ITA-63.png,0.906589150428772
/home/marsi/TFM/data/imagefolder/synth/train/melanoma/8d3bc83294b914bc7e14bf374eb24db7_ITA-26.png,0.9955744743347168
/home/marsi/TFM/data/imagefolder/synth/train/melanoma/8d4052e58e494bcbd6d37e0f0a6615d5_ITA-68.png,0.9364235997200012
/home/marsi/TFM/data/imagefolder/synth/train/melanoma/8d8f305876262ad4b471ef90fbf00e16_ITA-97.png,0.9198682904243469
/home/marsi/TFM/data/imagefolder/synth/train/melanoma/8df6d3182a943735f4d594ec8473b422_ITA-96.png,0.8420850038528442
/home/marsi/TFM/data/imagefolder/synth/train/melanoma/8f4d77840f356de2d713cb32905986cf_ITA-122.png,0.9952337145805359
/home/marsi/TFM/data/imagefolder/synth/train/melanoma/8f5f4e097a0da54d3d2fe7ee0f91556a_ITA-168.png,0.8127769827842712
/home/marsi/TFM/data/imagefolder/synth/train/melanoma/8fcee9f34c5eb2b1ccb9e6d06f4042b9_ITA-164.png,0.8493902683258057
/home/marsi/TFM/data/imagefolder/synth/train/melanoma/90f0ed0066c1a3b12d2bef266d49b164_ITA6.png,0.6634107828140259
/home/marsi/TFM/data/imagefolder/synth/train/melanoma/910813b84ffc3f7f1c9df20f33019c96_ITA-60.png,0.9962151646614075
/home/marsi/TFM/data/imagefolder/synth/train/melanoma/91ad224dc056da5bfd8cd083eef5f518_ITA-102.png,0.9358772039413452
/home/marsi/TFM/data/imagefolder/synth/train/melanoma/91c26f22da7c1a9c807ec86f7a6d0931_ITA-55.png,0.9406955242156982
/home/marsi/TFM/data/imagefolder/synth/train/melanoma/91c51be6bd4e48c04c36e2092d6fa4b5_ITA-141.png,0.8844279646873474
/home/marsi/TFM/data/imagefolder/synth/train/melanoma/925d8e573984e846313b41c6d1051cb0_ITA-94.png,0.9430405497550964
/home/marsi/TFM/data/imagefolder/synth/train/melanoma/92a83800a0681eaf5a9058b5e6f99665_ITA-100.png,0.9641651511192322
/home/marsi/TFM/data/imagefolder/synth/train/melanoma/93d977aab465528ff414fb8054fcfa12_ITA-102.png,0.8763031363487244
/home/marsi/TFM/data/imagefolder/synth/train/melanoma/95a760e6ce17312edb03665553216301_ITA-129.png,0.9725894331932068
/home/marsi/TFM/data/imagefolder/synth/train/melanoma/9610867ee9789d19eed3e2bb8893ceed_ITA-63.png,0.8812300562858582
/home/marsi/TFM/data/imagefolder/synth/train/melanoma/968e635b69b4fd39cde7cab58941ee9b_ITA-105.png,0.9032130837440491
/home/marsi/TFM/data/imagefolder/synth/train/melanoma/9863655355d72b10730821f3935cfc6e_ITA-85.png,0.9801150560379028
/home/marsi/TFM/data/imagefolder/synth/train/melanoma/987944b44a0b3dd94442248633445154_ITA-106.png,0.9563252925872803
/home/marsi/TFM/data/imagefolder/synth/train/melanoma/9a0cf23f358d9974314a55ca2be39430_ITA-170.png,0.6968401074409485
/home/marsi/TFM/data/imagefolder/synth/train/melanoma/9a84d41d99a36b3ecd4db78a92b6667b_ITA-172.png,0.8925526738166809
/home/marsi/TFM/data/imagefolder/synth/train/melanoma/9b64df3fb01cb6fc8dac122039bedfdb_ITA-3.png,0.8489776253700256
/home/marsi/TFM/data/imagefolder/synth/train/melanoma/9f2874b9b849b2df854352f480520631_ITA-52.png,0.8212360739707947
/home/marsi/TFM/data/imagefolder/synth/train/melanoma/a02631722a68cae4eaeb5a363666e4a3_ITA-156.png,0.7372417449951172
/home/marsi/TFM/data/imagefolder/synth/train/melanoma/a09f3802aa2bdce5d3fe645d0e2bd806_ITA-165.png,0.5730599761009216
/home/marsi/TFM/data/imagefolder/synth/train/melanoma/a155e53a067752efaecb93826d7725f7_ITA-128.png,0.9413101673126221
/home/marsi/TFM/data/imagefolder/synth/train/melanoma/a172cb5dbf88877510fc1149deacec24_ITA-65.png,0.7823684811592102
/home/marsi/TFM/data/imagefolder/synth/train/melanoma/a195fb7d6be88ca5f165494f8fd76f68_ITA-171.png,0.6540569067001343
/home/marsi/TFM/data/imagefolder/synth/train/melanoma/a21e5cd66a9197f14f2294440816d3e5_ITA-75.png,0.9286085963249207
/home/marsi/TFM/data/imagefolder/synth/train/melanoma/a284e25347cee4071db81aac10aa8c50_ITA-104.png,0.918265700340271
/home/marsi/TFM/data/imagefolder/synth/train/melanoma/a2a0ef22a4e32c71db759b0d2e3ffdc4_ITA-119.png,0.9811654090881348
/home/marsi/TFM/data/imagefolder/synth/train/melanoma/a31ebdbdafb139eda3fa9a468005f6f1_ITA-163.png,0.9368909597396851
/home/marsi/TFM/data/imagefolder/synth/train/melanoma/a415ab4805c247289c5f2285deb1ce29_ITA-151.png,0.5618510246276855
/home/marsi/TFM/data/imagefolder/synth/train/melanoma/a422fdfeedd658f6d793eae8c2ce6c94_ITA-156.png,0.9795381426811218
/home/marsi/TFM/data/imagefolder/synth/train/melanoma/a486862aa94370ef9b21cddd1b51577f_ITA-110.png,0.48810404539108276
/home/marsi/TFM/data/imagefolder/synth/train/melanoma/a48d8061fa161ac978e4506b5349ccdd_ITA-29.png,0.728831946849823
/home/marsi/TFM/data/imagefolder/synth/train/melanoma/a51f57cda20574073be489b6842450a5_ITA-82.png,0.9435036778450012
/home/marsi/TFM/data/imagefolder/synth/train/melanoma/a538312e80d4feb000dbd1346370c484_ITA-108.png,0.9588907361030579
/home/marsi/TFM/data/imagefolder/synth/train/melanoma/a750d5f1b9e36fb2b5837ba568f7f64e_ITA-48.png,0.8952747583389282
/home/marsi/TFM/data/imagefolder/synth/train/melanoma/a85688d037ccc812bc732c9ec89d0a88_ITA-54.png,0.8457775115966797
/home/marsi/TFM/data/imagefolder/synth/train/melanoma/a8abf38c95d0508d0107e4ad817af4cf_ITA-43.png,0.5516641736030579
/home/marsi/TFM/data/imagefolder/synth/train/melanoma/a9ae2435fb0cf2389e581c873bfef2ab_ITA-55.png,0.9337899684906006
/home/marsi/TFM/data/imagefolder/synth/train/melanoma/abb7f9cbdcb13f722495d4d85851f0bb_ITA-31.png,0.5237860083580017
/home/marsi/TFM/data/imagefolder/synth/train/melanoma/ae0e9302c44f952ce5ef347cc94b36e8_ITA-112.png,0.9005542397499084
/home/marsi/TFM/data/imagefolder/synth/train/melanoma/aed36f33de6c59aa87dd8826c00e58b6_ITA-100.png,0.8936153054237366
/home/marsi/TFM/data/imagefolder/synth/train/melanoma/af85085c6aa3e45818caef755f095333_ITA-29.png,0.9005085229873657
/home/marsi/TFM/data/imagefolder/synth/train/melanoma/afcde7b0ee41fc9ace50ade2a5f46660_ITA-72.png,0.9682428240776062
/home/marsi/TFM/data/imagefolder/synth/train/melanoma/b05b574e4269ff8d3a4a68800fa118c2_ITA-33.png,0.9139994978904724
/home/marsi/TFM/data/imagefolder/synth/train/melanoma/b089c76ca4c1c6adb93183bf2a045c9f_ITA-57.png,0.76751708984375
/home/marsi/TFM/data/imagefolder/synth/train/melanoma/b0d99ac178bec42befec491ada840b99_ITA-79.png,0.9552286863327026
/home/marsi/TFM/data/imagefolder/synth/train/melanoma/b1873725559b135121873601f02590a0_ITA-142.png,0.9583459496498108
/home/marsi/TFM/data/imagefolder/synth/train/melanoma/b20a627a118c34c6b072bea1e62641ed_ITA-58.png,0.8472436666488647
/home/marsi/TFM/data/imagefolder/synth/train/melanoma/b3c627331165e690303d8b4b3023445c_ITA-52.png,0.9022935628890991
/home/marsi/TFM/data/imagefolder/synth/train/melanoma/b3d4ba56ef0048ed12c458800296f32e_ITA-82.png,0.9676380157470703
/home/marsi/TFM/data/imagefolder/synth/train/melanoma/b46c9ec573a11a0b90fb9c3e72083145_ITA-173.png,0.9477463364601135
/home/marsi/TFM/data/imagefolder/synth/train/melanoma/b49b2e1671c500502e8bc936c48ce15f_ITA-93.png,0.8698102831840515
/home/marsi/TFM/data/imagefolder/synth/train/melanoma/b4c827141fedbbbbb58a78e12664630c_ITA-45.png,0.7655710577964783
/home/marsi/TFM/data/imagefolder/synth/train/melanoma/b55eb6a3ff7b526b9450f24b7ec1847f_ITA-61.png,0.7913535237312317
/home/marsi/TFM/data/imagefolder/synth/train/melanoma/b6778a98b4bbe95c419c3232d45c51af_ITA-103.png,0.9272508025169373
/home/marsi/TFM/data/imagefolder/synth/train/melanoma/b714a57e21a3495f16f652e52c29718b_ITA-47.png,0.9906072616577148
/home/marsi/TFM/data/imagefolder/synth/train/melanoma/b75674f88cda34e4853ab60e09be181a_ITA-76.png,0.8642810583114624
/home/marsi/TFM/data/imagefolder/synth/train/melanoma/b7780ad1dbce13b09ed7275adc02513c_ITA-131.png,0.706024169921875
/home/marsi/TFM/data/imagefolder/synth/train/melanoma/b92a431134797d5b010da3544ab46cd4_ITA-146.png,0.9597071409225464
/home/marsi/TFM/data/imagefolder/synth/train/melanoma/b9337a9dd62e5fc8e1cacaa2775834d5_ITA-135.png,0.9178470373153687
/home/marsi/TFM/data/imagefolder/synth/train/melanoma/bab0252bca6d92741e47d9f479231fc5_ITA-67.png,0.8107287287712097
/home/marsi/TFM/data/imagefolder/synth/train/melanoma/bb2af04050583c9f1e5fd791e18da9fd_ITA-122.png,0.8895441889762878
/home/marsi/TFM/data/imagefolder/synth/train/melanoma/bb7d52bb48e9981ff9d29276a15205fe_ITA-92.png,0.8892822861671448
/home/marsi/TFM/data/imagefolder/synth/train/melanoma/bc28b17719fa270dd9016aab00cb072d_ITA-94.png,0.66621333360672
/home/marsi/TFM/data/imagefolder/synth/train/melanoma/bc4a46f99d27f5111358b14ff01e9bf0_ITA-82.png,0.9026328921318054
/home/marsi/TFM/data/imagefolder/synth/train/melanoma/bde3a93311dcc3c810740ec6e68bccd4_ITA-51.png,0.8710750937461853
/home/marsi/TFM/data/imagefolder/synth/train/melanoma/bf79e55b81d4ac0a47318426462a2853_ITA-100.png,0.8956321477890015
/home/marsi/TFM/data/imagefolder/synth/train/melanoma/c1b8bc1b3821ffdcd4bfec9a37d6ea00_ITA-69.png,0.8831297755241394
/home/marsi/TFM/data/imagefolder/synth/train/melanoma/c1d69880ccfc4ba6949a0701c8e39377_ITA-92.png,0.9615042209625244
/home/marsi/TFM/data/imagefolder/synth/train/melanoma/c282a73115cb0a8d19dc3810a09630eb_ITA-169.png,0.9721975922584534
/home/marsi/TFM/data/imagefolder/synth/train/melanoma/c36798739dc97eb0343d7a0a0b844897_ITA-163.png,0.9742165803909302
/home/marsi/TFM/data/imagefolder/synth/train/melanoma/c395af1ed271b1126e9d3c87bf62d518_ITA-93.png,0.9031895995140076
/home/marsi/TFM/data/imagefolder/synth/train/melanoma/c4627fe566aa1d02ce2500e4419238ab_ITA-64.png,0.7468459606170654
/home/marsi/TFM/data/imagefolder/synth/train/melanoma/c4a25af4f0a308c1a994c8a01f957452_ITA-95.png,0.8603085279464722
/home/marsi/TFM/data/imagefolder/synth/train/melanoma/c4eabc8cc1c33f6bd0cdc2f388a76faa_ITA-20.png,0.9040268659591675
/home/marsi/TFM/data/imagefolder/synth/train/melanoma/c5dbc41b1f31f16f6f8cfed673b745d0_ITA-74.png,0.7156678438186646
/home/marsi/TFM/data/imagefolder/synth/train/melanoma/c78ba5bf0a1fe5bb4d7d3c4db0d2fd10_ITA-52.png,0.7544511556625366
/home/marsi/TFM/data/imagefolder/synth/train/melanoma/c7aee17323b108f9f6619a805e25a2d6_ITA-127.png,0.988057017326355
/home/marsi/TFM/data/imagefolder/synth/train/melanoma/c89b4f473dda5de4ba9ea91d4d8ae5cf_ITA-30.png,0.5791783332824707
/home/marsi/TFM/data/imagefolder/synth/train/melanoma/c9cd5327d9a9b3012a51120cf95bc079_ITA-22.png,0.5132279992103577
/home/marsi/TFM/data/imagefolder/synth/train/melanoma/cab088b049102629d922d4855b4c8e09_ITA-36.png,0.6854864954948425
/home/marsi/TFM/data/imagefolder/synth/train/melanoma/cab35d696b1cac1216d688c25f413146_ITA-106.png,0.7540918588638306
/home/marsi/TFM/data/imagefolder/synth/train/melanoma/cb4f3420d4f488db0a01d898fab17899_ITA-163.png,0.34274768829345703
/home/marsi/TFM/data/imagefolder/synth/train/melanoma/cbfef7102fd00332affa55779b53f8ad_ITA-80.png,0.9671515226364136
/home/marsi/TFM/data/imagefolder/synth/train/melanoma/ccd450835d448be6268b29841e00dd92_ITA-47.png,0.9102108478546143
/home/marsi/TFM/data/imagefolder/synth/train/melanoma/cd6cd629da9c8322a915e0c457902f05_ITA-85.png,0.9947566986083984
/home/marsi/TFM/data/imagefolder/synth/train/melanoma/ce6deba785a93bc8653dd6d7cadb3d67_ITA-28.png,0.6259089112281799
/home/marsi/TFM/data/imagefolder/synth/train/melanoma/cf04f6d0441a390bb08e0cdcb107670a_ITA-78.png,0.8328935503959656
/home/marsi/TFM/data/imagefolder/synth/train/melanoma/d1f3550778e2129e0f1c7df6919f5ceb_ITA-94.png,0.8296990394592285
/home/marsi/TFM/data/imagefolder/synth/train/melanoma/d2a999db851024160358031c93fa7eaf_ITA-19.png,0.765156090259552
/home/marsi/TFM/data/imagefolder/synth/train/melanoma/d2f8ab5ddf55706f6425803015294236_ITA-157.png,0.9442485570907593
/home/marsi/TFM/data/imagefolder/synth/train/melanoma/d34e7297d6ed75d6592de871eb3a54c1_ITA-92.png,0.9647932052612305
/home/marsi/TFM/data/imagefolder/synth/train/melanoma/d47ac5073e1d42d8e95d6b8a44d0f010_ITA-43.png,0.9727837443351746
/home/marsi/TFM/data/imagefolder/synth/train/melanoma/d573091f5c74ba8bf33f1307ba231208_ITA-25.png,0.6024933457374573
/home/marsi/TFM/data/imagefolder/synth/train/melanoma/d6133506426f41fcdab02562a263a519_ITA-31.png,0.7529351115226746
/home/marsi/TFM/data/imagefolder/synth/train/melanoma/d61ab070aa39cb51dbff27fda93efb2f_ITA-33.png,0.6821624636650085
/home/marsi/TFM/data/imagefolder/synth/train/melanoma/d66404d75bd4d8fc30cfbfa420ed99d0_ITA-114.png,0.9707785248756409
/home/marsi/TFM/data/imagefolder/synth/train/melanoma/dab7ea1f7368017bcbf44561b8ae18ac_ITA-37.png,0.9177737236022949
/home/marsi/TFM/data/imagefolder/synth/train/melanoma/dbea9493aaa040c4a9808f3cbc3bd5c9_ITA-65.png,0.9762573838233948
/home/marsi/TFM/data/imagefolder/synth/train/melanoma/dc28b593892b70b9a57447e82c2e8920_ITA-95.png,0.8845205307006836
/home/marsi/TFM/data/imagefolder/synth/train/melanoma/dc88f8c9e685c1c139ff2a595a975aa2_ITA-138.png,0.6954915523529053
/home/marsi/TFM/data/imagefolder/synth/train/melanoma/dca6ede914d1d16da6c30d704b452c9f_ITA-52.png,0.8844142556190491
/home/marsi/TFM/data/imagefolder/synth/train/melanoma/dd2c7d3dcdff1288d12a7f1f638a531b_ITA-105.png,0.9678307175636292
/home/marsi/TFM/data/imagefolder/synth/train/melanoma/dd9986b439b913639c4c495df4cea959_ITA-169.png,0.9165541529655457
/home/marsi/TFM/data/imagefolder/synth/train/melanoma/ddd0ce8b8acd73a20ec7c8eba180fe24_ITA-120.png,0.8915958404541016
/home/marsi/TFM/data/imagefolder/synth/train/melanoma/dec7429aaa1a088ccb1a5e9ed88501c0_ITA-95.png,0.8645216226577759
/home/marsi/TFM/data/imagefolder/synth/train/melanoma/decd86be5fe0b67a15a7e35aa3a2fd77_ITA-116.png,0.9207392930984497
/home/marsi/TFM/data/imagefolder/synth/train/melanoma/df29fff166e93506479bdac099d6559c_ITA-15.png,0.9570352435112
/home/marsi/TFM/data/imagefolder/synth/train/melanoma/e2e6c693a19d728e522c57dbe5610f22_ITA-41.png,0.7994222044944763
/home/marsi/TFM/data/imagefolder/synth/train/melanoma/e3c7a8ee6197df1a3cf26f4ba504b949_ITA-68.png,0.954538106918335
/home/marsi/TFM/data/imagefolder/synth/train/melanoma/e5ce12fbb007adb64cfcace20402e8da_ITA-108.png,0.8812609910964966
/home/marsi/TFM/data/imagefolder/synth/train/melanoma/e9f40b451b97762f850b780eb5f141b5_ITA2.png,0.9157589077949524
/home/marsi/TFM/data/imagefolder/synth/train/melanoma/sdl_000000.png,0.5722407102584839
/home/marsi/TFM/data/imagefolder/synth/train/melanoma/sdl_000001.png,0.7722019553184509
/home/marsi/TFM/data/imagefolder/synth/train/melanoma/sdl_000002.png,0.9758839011192322
/home/marsi/TFM/data/imagefolder/synth/train/melanoma/sdl_000003.png,0.5493532419204712
/home/marsi/TFM/data/imagefolder/synth/train/melanoma/sdl_000004.png,0.7503879070281982
/home/marsi/TFM/data/imagefolder/synth/train/melanoma/sdl_000006.png,0.8393896818161011
/home/marsi/TFM/data/imagefolder/synth/train/melanoma/sdl_000007.png,0.6950753331184387
/home/marsi/TFM/data/imagefolder/synth/train/melanoma/sdl_000008.png,0.8470019102096558
/home/marsi/TFM/data/imagefolder/synth/train/melanoma/sdl_000009.png,0.46605706214904785
/home/marsi/TFM/data/imagefolder/synth/train/melanoma/sdl_000011.png,0.8561387062072754
/home/marsi/TFM/data/imagefolder/synth/train/melanoma/sdl_000012.png,0.6662153601646423
/home/marsi/TFM/data/imagefolder/synth/train/melanoma/sdl_000013.png,0.8951714038848877
/home/marsi/TFM/data/imagefolder/synth/train/melanoma/sdl_000014.png,0.945844829082489
/home/marsi/TFM/data/imagefolder/synth/train/melanoma/sdl_000016.png,0.9935425519943237
/home/marsi/TFM/data/imagefolder/synth/train/melanoma/sdl_000018.png,0.9710896015167236
/home/marsi/TFM/data/imagefolder/synth/train/melanoma/sdl_000019.png,0.7975906729698181
/home/marsi/TFM/data/imagefolder/synth/train/melanoma/sdl_000020.png,0.6571038961410522
/home/marsi/TFM/data/imagefolder/synth/train/melanoma/sdl_000021.png,0.9117909669876099
/home/marsi/TFM/data/imagefolder/synth/train/melanoma/sdl_000022.png,0.7112947702407837
/home/marsi/TFM/data/imagefolder/synth/train/melanoma/sdl_000023.png,0.6100831031799316
/home/marsi/TFM/data/imagefolder/synth/train/melanoma/sdl_000024.png,0.9960392713546753
/home/marsi/TFM/data/imagefolder/synth/train/melanoma/sdl_000025.png,0.7613772749900818
/home/marsi/TFM/data/imagefolder/synth/train/melanoma/sdl_000026.png,0.9020790457725525
/home/marsi/TFM/data/imagefolder/synth/train/melanoma/sdl_000027.png,0.6632101535797119
/home/marsi/TFM/data/imagefolder/synth/train/melanoma/sdl_000029.png,0.4615253210067749
/home/marsi/TFM/data/imagefolder/synth/train/melanoma/sdl_000030.png,0.673202633857727
/home/marsi/TFM/data/imagefolder/synth/train/melanoma/sdl_000031.png,0.8309386372566223
/home/marsi/TFM/data/imagefolder/synth/train/melanoma/sdl_000032.png,0.4831964075565338
/home/marsi/TFM/data/imagefolder/synth/train/melanoma/sdl_000033.png,0.954589307308197
/home/marsi/TFM/data/imagefolder/synth/train/melanoma/sdl_000035.png,0.43830665946006775
/home/marsi/TFM/data/imagefolder/synth/train/melanoma/sdl_000037.png,0.960283100605011
/home/marsi/TFM/data/imagefolder/synth/train/melanoma/sdl_000038.png,0.32774463295936584
/home/marsi/TFM/data/imagefolder/synth/train/melanoma/sdl_000039.png,0.8758439421653748
/home/marsi/TFM/data/imagefolder/synth/train/melanoma/sdl_000040.png,0.8054875731468201
/home/marsi/TFM/data/imagefolder/synth/train/melanoma/sdl_000041.png,0.35122445225715637
/home/marsi/TFM/data/imagefolder/synth/train/melanoma/sdl_000042.png,0.5767484307289124
/home/marsi/TFM/data/imagefolder/synth/train/melanoma/sdl_000043.png,0.5662480592727661
/home/marsi/TFM/data/imagefolder/synth/train/melanoma/sdl_000044.png,0.6330258846282959
/home/marsi/TFM/data/imagefolder/synth/train/melanoma/sdl_000045.png,0.5517514944076538
/home/marsi/TFM/data/imagefolder/synth/train/melanoma/sdl_000046.png,0.6085768342018127
/home/marsi/TFM/data/imagefolder/synth/train/melanoma/sdl_000047.png,0.5441637635231018
/home/marsi/TFM/data/imagefolder/synth/train/melanoma/sdl_000048.png,0.5938990116119385
/home/marsi/TFM/data/imagefolder/synth/train/melanoma/sdl_000050.png,0.9601061940193176
/home/marsi/TFM/data/imagefolder/synth/train/melanoma/sdl_000052.png,0.7749645709991455
/home/marsi/TFM/data/imagefolder/synth/train/melanoma/sdl_000053.png,0.6724153161048889
/home/marsi/TFM/data/imagefolder/synth/train/melanoma/sdl_000054.png,0.5749034285545349
/home/marsi/TFM/data/imagefolder/synth/train/melanoma/sdl_000057.png,0.6367127895355225
/home/marsi/TFM/data/imagefolder/synth/train/melanoma/sdl_000058.png,0.5479974746704102
/home/marsi/TFM/data/imagefolder/synth/train/melanoma/sdl_000059.png,0.7279883027076721
/home/marsi/TFM/data/imagefolder/synth/train/melanoma/sdl_000060.png,0.7252040505409241
/home/marsi/TFM/data/imagefolder/synth/train/melanoma/sdl_000061.png,0.7380543947219849
/home/marsi/TFM/data/imagefolder/synth/train/melanoma/sdl_000062.png,0.8188371062278748
/home/marsi/TFM/data/imagefolder/synth/train/melanoma/sdl_000063.png,0.5557920336723328
/home/marsi/TFM/data/imagefolder/synth/train/melanoma/sdl_000064.png,0.6830474138259888
/home/marsi/TFM/data/imagefolder/synth/train/melanoma/sdl_000065.png,0.5497512817382812
/home/marsi/TFM/data/imagefolder/synth/train/melanoma/sdl_000066.png,0.6201757192611694
/home/marsi/TFM/data/imagefolder/synth/train/melanoma/sdl_000067.png,0.5965791344642639
/home/marsi/TFM/data/imagefolder/synth/train/melanoma/sdl_000069.png,0.6209008097648621
/home/marsi/TFM/data/imagefolder/synth/train/melanoma/sdl_000070.png,0.5708712339401245
/home/marsi/TFM/data/imagefolder/synth/train/melanoma/sdl_000071.png,0.8865421414375305
/home/marsi/TFM/data/imagefolder/synth/train/melanoma/sdl_000072.png,0.8933885097503662
/home/marsi/TFM/data/imagefolder/synth/train/melanoma/sdl_000073.png,0.4586571156978607
/home/marsi/TFM/data/imagefolder/synth/train/melanoma/sdl_000074.png,0.6513672471046448
/home/marsi/TFM/data/imagefolder/synth/train/melanoma/sdl_000075.png,0.6683633923530579
/home/marsi/TFM/data/imagefolder/synth/train/melanoma/sdl_000077.png,0.3430419862270355
/home/marsi/TFM/data/imagefolder/synth/train/melanoma/sdl_000078.png,0.6331087350845337
/home/marsi/TFM/data/imagefolder/synth/train/melanoma/sdl_000079.png,0.40805917978286743
/home/marsi/TFM/data/imagefolder/synth/train/melanoma/sdl_000080.png,0.37170833349227905
/home/marsi/TFM/data/imagefolder/synth/train/melanoma/sdl_000081.png,0.9598832726478577
/home/marsi/TFM/data/imagefolder/synth/train/melanoma/sdl_000082.png,0.3257279396057129
/home/marsi/TFM/data/imagefolder/synth/train/melanoma/sdl_000083.png,0.9596877098083496
/home/marsi/TFM/data/imagefolder/synth/train/melanoma/sdl_000085.png,0.807958722114563
/home/marsi/TFM/data/imagefolder/synth/train/melanoma/sdl_000086.png,0.6219422221183777
/home/marsi/TFM/data/imagefolder/synth/train/melanoma/sdl_000087.png,0.5431146621704102
/home/marsi/TFM/data/imagefolder/synth/train/melanoma/sdl_000088.png,0.4793657660484314
/home/marsi/TFM/data/imagefolder/synth/train/melanoma/sdl_000089.png,0.4052402973175049
/home/marsi/TFM/data/imagefolder/synth/train/melanoma/sdl_000090.png,0.8129245042800903
/home/marsi/TFM/data/imagefolder/synth/train/melanoma/sdl_000091.png,0.820063054561615
/home/marsi/TFM/data/imagefolder/synth/train/melanoma/sdl_000092.png,0.81158447265625
/home/marsi/TFM/data/imagefolder/synth/train/melanoma/sdl_000093.png,0.9764254689216614
/home/marsi/TFM/data/imagefolder/synth/train/melanoma/sdl_000094.png,0.5300525426864624
/home/marsi/TFM/data/imagefolder/synth/train/melanoma/sdl_000095.png,0.7543814778327942
/home/marsi/TFM/data/imagefolder/synth/train/melanoma/sdl_000096.png,0.8611029982566833
/home/marsi/TFM/data/imagefolder/synth/train/melanoma/sdl_000097.png,0.668535053730011
/home/marsi/TFM/data/imagefolder/synth/train/melanoma/sdl_000098.png,0.9535965919494629
/home/marsi/TFM/data/imagefolder/synth/train/melanoma/sdl_000099.png,0.7127012610435486
/home/marsi/TFM/data/imagefolder/synth/train/melanoma/sdl_000100.png,0.5131385922431946
/home/marsi/TFM/data/imagefolder/synth/train/melanoma/sdl_000101.png,0.6183090209960938
/home/marsi/TFM/data/imagefolder/synth/train/melanoma/sdl_000102.png,0.4498840570449829
/home/marsi/TFM/data/imagefolder/synth/train/melanoma/sdl_000105.png,0.6310328841209412
/home/marsi/TFM/data/imagefolder/synth/train/melanoma/sdl_000106.png,0.7373367547988892
/home/marsi/TFM/data/imagefolder/synth/train/melanoma/sdl_000107.png,0.7124213576316833
/home/marsi/TFM/data/imagefolder/synth/train/melanoma/sdl_000108.png,0.5701962113380432
/home/marsi/TFM/data/imagefolder/synth/train/melanoma/sdl_000109.png,0.8720356225967407
/home/marsi/TFM/data/imagefolder/synth/train/melanoma/sdl_000110.png,0.5442149043083191
/home/marsi/TFM/data/imagefolder/synth/train/melanoma/sdl_000111.png,0.906960666179657
/home/marsi/TFM/data/imagefolder/synth/train/melanoma/sdl_000112.png,0.582949161529541
/home/marsi/TFM/data/imagefolder/synth/train/melanoma/sdl_000113.png,0.8490713238716125
/home/marsi/TFM/data/imagefolder/synth/train/melanoma/sdl_000114.png,0.5007249116897583
/home/marsi/TFM/data/imagefolder/synth/train/melanoma/sdl_000115.png,0.8303992748260498
/home/marsi/TFM/data/imagefolder/synth/train/melanoma/sdl_000117.png,0.9138126969337463
/home/marsi/TFM/data/imagefolder/synth/train/melanoma/sdl_000118.png,0.4909833073616028
/home/marsi/TFM/data/imagefolder/synth/train/melanoma/sdl_000119.png,0.758798360824585
/home/marsi/TFM/data/imagefolder/synth/train/melanoma/sdl_000120.png,0.48280394077301025
/home/marsi/TFM/data/imagefolder/synth/train/melanoma/sdl_000121.png,0.9640080332756042
/home/marsi/TFM/data/imagefolder/synth/train/melanoma/sdl_000122.png,0.7380332946777344
/home/marsi/TFM/data/imagefolder/synth/train/melanoma/sdl_000123.png,0.6375508308410645
/home/marsi/TFM/data/imagefolder/synth/train/melanoma/sdl_000124.png,0.5829834938049316
/home/marsi/TFM/data/imagefolder/synth/train/melanoma/sdl_000125.png,0.5770986080169678
/home/marsi/TFM/data/imagefolder/synth/train/melanoma/sdl_000126.png,0.4679010808467865
/home/marsi/TFM/data/imagefolder/synth/train/melanoma/sdl_000127.png,0.6237326860427856
/home/marsi/TFM/data/imagefolder/synth/train/melanoma/sdl_000129.png,0.341989129781723
/home/marsi/TFM/data/imagefolder/synth/train/melanoma/sdl_000130.png,0.5960333347320557
/home/marsi/TFM/data/imagefolder/synth/train/melanoma/sdl_000131.png,0.6717676520347595
/home/marsi/TFM/data/imagefolder/synth/train/melanoma/sdl_000133.png,0.6311810612678528
/home/marsi/TFM/data/imagefolder/synth/train/melanoma/sdl_000134.png,0.8456957936286926
/home/marsi/TFM/data/imagefolder/synth/train/melanoma/sdl_000135.png,0.6531310081481934
/home/marsi/TFM/data/imagefolder/synth/train/melanoma/sdl_000137.png,0.7481365203857422
/home/marsi/TFM/data/imagefolder/synth/train/melanoma/sdl_000138.png,0.44702309370040894
/home/marsi/TFM/data/imagefolder/synth/train/melanoma/sdl_000139.png,0.5455415844917297
/home/marsi/TFM/data/imagefolder/synth/train/melanoma/sdl_000140.png,0.3965022563934326
/home/marsi/TFM/data/imagefolder/synth/train/melanoma/sdl_000141.png,0.8984279036521912
/home/marsi/TFM/data/imagefolder/synth/train/melanoma/sdl_000142.png,0.6236724257469177
/home/marsi/TFM/data/imagefolder/synth/train/melanoma/sdl_000144.png,0.8539058566093445
/home/marsi/TFM/data/imagefolder/synth/train/melanoma/sdl_000145.png,0.6183056235313416
/home/marsi/TFM/data/imagefolder/synth/train/melanoma/sdl_000146.png,0.9006625413894653
/home/marsi/TFM/data/imagefolder/synth/train/melanoma/sdl_000148.png,0.910034716129303
/home/marsi/TFM/data/imagefolder/synth/train/melanoma/sdl_000149.png,0.8761512041091919
/home/marsi/TFM/data/imagefolder/synth/train/melanoma/sdl_000150.png,0.48311808705329895
/home/marsi/TFM/data/imagefolder/synth/train/melanoma/sdl_000151.png,0.8057066202163696
/home/marsi/TFM/data/imagefolder/synth/train/melanoma/sdl_000152.png,0.8752450942993164
/home/marsi/TFM/data/imagefolder/synth/train/melanoma/sdl_000154.png,0.7268370985984802
/home/marsi/TFM/data/imagefolder/synth/train/melanoma/sdl_000155.png,0.6496217846870422
/home/marsi/TFM/data/imagefolder/synth/train/melanoma/sdl_000156.png,0.48664170503616333
/home/marsi/TFM/data/imagefolder/synth/train/melanoma/sdl_000157.png,0.8778257369995117
/home/marsi/TFM/data/imagefolder/synth/train/melanoma/sdl_000159.png,0.4538361430168152
/home/marsi/TFM/data/imagefolder/synth/train/melanoma/sdl_000160.png,0.8905806541442871
/home/marsi/TFM/data/imagefolder/synth/train/melanoma/sdl_000161.png,0.7582350373268127
/home/marsi/TFM/data/imagefolder/synth/train/melanoma/sdl_000163.png,0.8960116505622864
/home/marsi/TFM/data/imagefolder/synth/train/melanoma/sdl_000164.png,0.555707573890686
/home/marsi/TFM/data/imagefolder/synth/train/melanoma/sdl_000166.png,0.7292875647544861
/home/marsi/TFM/data/imagefolder/synth/train/melanoma/sdl_000167.png,0.6137288808822632
/home/marsi/TFM/data/imagefolder/synth/train/melanoma/sdl_000168.png,0.9126346111297607
/home/marsi/TFM/data/imagefolder/synth/train/melanoma/sdl_000169.png,0.8044672608375549
/home/marsi/TFM/data/imagefolder/synth/train/melanoma/sdl_000170.png,0.8216714262962341
/home/marsi/TFM/data/imagefolder/synth/train/melanoma/sdl_000171.png,0.874977171421051
/home/marsi/TFM/data/imagefolder/synth/train/melanoma/sdl_000172.png,0.4282821714878082
/home/marsi/TFM/data/imagefolder/synth/train/melanoma/sdl_000174.png,0.7587466239929199
/home/marsi/TFM/data/imagefolder/synth/train/melanoma/sdl_000175.png,0.9357630014419556
/home/marsi/TFM/data/imagefolder/synth/train/melanoma/sdl_000176.png,0.6324529051780701
/home/marsi/TFM/data/imagefolder/synth/train/melanoma/sdl_000177.png,0.6644322872161865
/home/marsi/TFM/data/imagefolder/synth/train/melanoma/sdl_000178.png,0.8358335494995117
/home/marsi/TFM/data/imagefolder/synth/train/melanoma/sdl_000179.png,0.9761981964111328
/home/marsi/TFM/data/imagefolder/synth/train/melanoma/sdl_000180.png,0.727333664894104
/home/marsi/TFM/data/imagefolder/synth/train/melanoma/sdl_000181.png,0.7068400382995605
/home/marsi/TFM/data/imagefolder/synth/train/melanoma/sdl_000182.png,0.6555554866790771
/home/marsi/TFM/data/imagefolder/synth/train/melanoma/sdl_000185.png,0.4463365972042084
/home/marsi/TFM/data/imagefolder/synth/train/melanoma/sdl_000186.png,0.8200709223747253
/home/marsi/TFM/data/imagefolder/synth/train/melanoma/sdl_000187.png,0.3618347942829132
/home/marsi/TFM/data/imagefolder/synth/train/melanoma/sdl_000188.png,0.3503822386264801
/home/marsi/TFM/data/imagefolder/synth/train/melanoma/sdl_000189.png,0.6266992688179016
/home/marsi/TFM/data/imagefolder/synth/train/melanoma/sdl_000190.png,0.7645404934883118
/home/marsi/TFM/data/imagefolder/synth/train/melanoma/sdl_000191.png,0.7070053219795227
/home/marsi/TFM/data/imagefolder/synth/train/melanoma/sdl_000192.png,0.6032395362854004
/home/marsi/TFM/data/imagefolder/synth/train/melanoma/sdl_000193.png,0.7381293177604675
/home/marsi/TFM/data/imagefolder/synth/train/melanoma/sdl_000194.png,0.6128777861595154
/home/marsi/TFM/data/imagefolder/synth/train/melanoma/sdl_000195.png,0.9452546834945679
/home/marsi/TFM/data/imagefolder/synth/train/melanoma/sdl_000196.png,0.6996400952339172
/home/marsi/TFM/data/imagefolder/synth/train/melanoma/sdl_000197.png,0.6909472346305847
/home/marsi/TFM/data/imagefolder/synth/train/melanoma/sdl_000198.png,0.9214591979980469
/home/marsi/TFM/data/imagefolder/synth/train/melanoma/sdl_000199.png,0.8200242519378662
/home/marsi/TFM/data/imagefolder/synth/train/melanoma/sdl_000200.png,0.6740207076072693
/home/marsi/TFM/data/imagefolder/synth/train/melanoma/sdl_000201.png,0.6979248523712158
/home/marsi/TFM/data/imagefolder/synth/train/melanoma/sdl_000202.png,0.8715150952339172
/home/marsi/TFM/data/imagefolder/synth/train/melanoma/sdl_000203.png,0.8515762090682983
/home/marsi/TFM/data/imagefolder/synth/train/melanoma/sdl_000204.png,0.7175010442733765
/home/marsi/TFM/data/imagefolder/synth/train/melanoma/sdl_000206.png,0.6119375824928284
/home/marsi/TFM/data/imagefolder/synth/train/melanoma/sdl_000207.png,0.6329106688499451
/home/marsi/TFM/data/imagefolder/synth/train/melanoma/sdl_000209.png,0.5792834758758545
/home/marsi/TFM/data/imagefolder/synth/train/melanoma/sdl_000210.png,0.6578640341758728
/home/marsi/TFM/data/imagefolder/synth/train/melanoma/sdl_000211.png,0.7694339752197266
/home/marsi/TFM/data/imagefolder/synth/train/melanoma/sdl_000212.png,0.877634584903717
/home/marsi/TFM/data/imagefolder/synth/train/melanoma/sdl_000213.png,0.4505469799041748
/home/marsi/TFM/data/imagefolder/synth/train/melanoma/sdl_000214.png,0.9302242398262024
/home/marsi/TFM/data/imagefolder/synth/train/melanoma/sdl_000215.png,0.3929857015609741
/home/marsi/TFM/data/imagefolder/synth/train/melanoma/sdl_000216.png,0.8627959489822388
/home/marsi/TFM/data/imagefolder/synth/train/melanoma/sdl_000217.png,0.3536989092826843
/home/marsi/TFM/data/imagefolder/synth/train/melanoma/sdl_000218.png,0.7838250994682312
/home/marsi/TFM/data/imagefolder/synth/train/melanoma/sdl_000219.png,0.4090713560581207
/home/marsi/TFM/data/imagefolder/synth/train/melanoma/sdl_000220.png,0.7715948820114136
/home/marsi/TFM/data/imagefolder/synth/train/melanoma/sdl_000221.png,0.8443963527679443
/home/marsi/TFM/data/imagefolder/synth/train/melanoma/sdl_000222.png,0.6881303787231445
/home/marsi/TFM/data/imagefolder/synth/train/melanoma/sdl_000223.png,0.6577728986740112
/home/marsi/TFM/data/imagefolder/synth/train/melanoma/sdl_000225.png,0.6262344121932983
/home/marsi/TFM/data/imagefolder/synth/train/melanoma/sdl_000227.png,0.34677568078041077
/home/marsi/TFM/data/imagefolder/synth/train/melanoma/sdl_000228.png,0.566355288028717
/home/marsi/TFM/data/imagefolder/synth/train/melanoma/sdl_000229.png,0.6308733224868774
/home/marsi/TFM/data/imagefolder/synth/train/melanoma/sdl_000230.png,0.41707611083984375
/home/marsi/TFM/data/imagefolder/synth/train/melanoma/sdl_000231.png,0.5321192741394043
/home/marsi/TFM/data/imagefolder/synth/train/melanoma/sdl_000232.png,0.6473903059959412
/home/marsi/TFM/data/imagefolder/synth/train/melanoma/sdl_000233.png,0.8468562364578247
/home/marsi/TFM/data/imagefolder/synth/train/melanoma/sdl_000234.png,0.7175107598304749
/home/marsi/TFM/data/imagefolder/synth/train/melanoma/sdl_000235.png,0.5253984332084656
/home/marsi/TFM/data/imagefolder/synth/train/melanoma/sdl_000236.png,0.6304283142089844
/home/marsi/TFM/data/imagefolder/synth/train/melanoma/sdl_000237.png,0.66176837682724
/home/marsi/TFM/data/imagefolder/synth/train/melanoma/sdl_000238.png,0.33521661162376404
/home/marsi/TFM/data/imagefolder/synth/train/melanoma/sdl_000239.png,0.5188459753990173
/home/marsi/TFM/data/imagefolder/synth/train/melanoma/sdl_000240.png,0.5272725820541382
/home/marsi/TFM/data/imagefolder/synth/train/melanoma/sdl_000241.png,0.8693970441818237
/home/marsi/TFM/data/imagefolder/synth/train/melanoma/sdl_000243.png,0.8046103715896606
/home/marsi/TFM/data/imagefolder/synth/train/melanoma/sdl_000244.png,0.5800310373306274
/home/marsi/TFM/data/imagefolder/synth/train/melanoma/sdl_000246.png,0.9214847087860107
/home/marsi/TFM/data/imagefolder/synth/train/melanoma/sdl_000247.png,0.7497841715812683
/home/marsi/TFM/data/imagefolder/synth/train/melanoma/sdl_000249.png,0.6427192091941833
/home/marsi/TFM/data/imagefolder/synth/train/melanoma/sdl_000250.png,0.6280081868171692
/home/marsi/TFM/data/imagefolder/synth/train/melanoma/sdl_000251.png,0.7260830402374268
/home/marsi/TFM/data/imagefolder/synth/train/melanoma/sdl_000252.png,0.6733837723731995
/home/marsi/TFM/data/imagefolder/synth/train/melanoma/sdl_000253.png,0.7956454753875732
/home/marsi/TFM/data/imagefolder/synth/train/melanoma/sdl_000254.png,0.64163738489151
/home/marsi/TFM/data/imagefolder/synth/train/melanoma/sdl_000255.png,0.7046520113945007
/home/marsi/TFM/data/imagefolder/synth/train/melanoma/sdl_000256.png,0.7918374538421631
/home/marsi/TFM/data/imagefolder/synth/train/melanoma/sdl_000257.png,0.9286632537841797
/home/marsi/TFM/data/imagefolder/synth/train/melanoma/sdl_000258.png,0.858941912651062
/home/marsi/TFM/data/imagefolder/synth/train/melanoma/sdl_000259.png,0.677783727645874
/home/marsi/TFM/data/imagefolder/synth/train/melanoma/sdl_000261.png,0.5383148193359375
/home/marsi/TFM/data/imagefolder/synth/train/melanoma/sdl_000262.png,0.7645493149757385
/home/marsi/TFM/data/imagefolder/synth/train/melanoma/sdl_000264.png,0.5016239285469055
/home/marsi/TFM/data/imagefolder/synth/train/melanoma/sdl_000265.png,0.7481273412704468
/home/marsi/TFM/data/imagefolder/synth/train/melanoma/sdl_000266.png,0.643945574760437
/home/marsi/TFM/data/imagefolder/synth/train/melanoma/sdl_000267.png,0.5222159624099731
/home/marsi/TFM/data/imagefolder/synth/train/melanoma/sdl_000268.png,0.4118844270706177
/home/marsi/TFM/data/imagefolder/synth/train/melanoma/sdl_000269.png,0.5106939673423767
/home/marsi/TFM/data/imagefolder/synth/train/melanoma/sdl_000270.png,0.9309415221214294
/home/marsi/TFM/data/imagefolder/synth/train/melanoma/sdl_000271.png,0.849327564239502
/home/marsi/TFM/data/imagefolder/synth/train/melanoma/sdl_000272.png,0.7524238228797913
/home/marsi/TFM/data/imagefolder/synth/train/melanoma/sdl_000274.png,0.6511014103889465
/home/marsi/TFM/data/imagefolder/synth/train/melanoma/sdl_000275.png,0.7800350189208984
/home/marsi/TFM/data/imagefolder/synth/train/melanoma/sdl_000276.png,0.9823195338249207
/home/marsi/TFM/data/imagefolder/synth/train/melanoma/sdl_000277.png,0.7993981838226318
/home/marsi/TFM/data/imagefolder/synth/train/melanoma/sdl_000278.png,0.7586392760276794
/home/marsi/TFM/data/imagefolder/synth/train/melanoma/sdl_000279.png,0.8327941298484802
/home/marsi/TFM/data/imagefolder/synth/train/melanoma/sdl_000280.png,0.9806243777275085
/home/marsi/TFM/data/imagefolder/synth/train/melanoma/sdl_000282.png,0.9403347969055176
/home/marsi/TFM/data/imagefolder/synth/train/melanoma/sdl_000284.png,0.8953897356987
/home/marsi/TFM/data/imagefolder/synth/train/melanoma/sdl_000285.png,0.8998434543609619
/home/marsi/TFM/data/imagefolder/synth/train/melanoma/sdl_000286.png,0.8753389716148376
/home/marsi/TFM/data/imagefolder/synth/train/melanoma/sdl_000287.png,0.7825560569763184
/home/marsi/TFM/data/imagefolder/synth/train/melanoma/sdl_000288.png,0.7555515766143799
/home/marsi/TFM/data/imagefolder/synth/train/melanoma/sdl_000289.png,0.6580066084861755
/home/marsi/TFM/data/imagefolder/synth/train/melanoma/sdl_000290.png,0.901223361492157
/home/marsi/TFM/data/imagefolder/synth/train/melanoma/sdl_000291.png,0.5772095322608948
/home/marsi/TFM/data/imagefolder/synth/train/melanoma/sdl_000292.png,0.6241332292556763
/home/marsi/TFM/data/imagefolder/synth/train/melanoma/sdl_000293.png,0.8713371753692627
/home/marsi/TFM/data/imagefolder/synth/train/melanoma/sdl_000294.png,0.8613795042037964
/home/marsi/TFM/data/imagefolder/synth/train/melanoma/sdl_000295.png,0.9396071434020996
/home/marsi/TFM/data/imagefolder/synth/train/melanoma/sdl_000296.png,0.823448896408081
/home/marsi/TFM/data/imagefolder/synth/train/melanoma/sdl_000298.png,0.8813718557357788
/home/marsi/TFM/data/imagefolder/synth/train/melanoma/sdl_000299.png,0.8485544919967651
/home/marsi/TFM/data/imagefolder/synth/train/melanoma/sdl_000300.png,0.6866452097892761
/home/marsi/TFM/data/imagefolder/synth/train/melanoma/sdl_000301.png,0.9250088334083557
/home/marsi/TFM/data/imagefolder/synth/train/melanoma/sdl_000302.png,0.7381476759910583
/home/marsi/TFM/data/imagefolder/synth/train/melanoma/sdl_000303.png,0.3260672092437744
/home/marsi/TFM/data/imagefolder/synth/train/melanoma/sdl_000304.png,0.640571117401123
/home/marsi/TFM/data/imagefolder/synth/train/melanoma/sdl_000305.png,0.675929844379425
/home/marsi/TFM/data/imagefolder/synth/train/melanoma/sdl_000306.png,0.8571361303329468
/home/marsi/TFM/data/imagefolder/synth/train/melanoma/sdl_000307.png,0.9010801911354065
/home/marsi/TFM/data/imagefolder/synth/train/melanoma/sdl_000308.png,0.8558356165885925
/home/marsi/TFM/data/imagefolder/synth/train/melanoma/sdl_000309.png,0.9526425004005432
/home/marsi/TFM/data/imagefolder/synth/train/melanoma/sdl_000310.png,0.9014567136764526
/home/marsi/TFM/data/imagefolder/synth/train/melanoma/sdl_000312.png,0.4357609152793884
/home/marsi/TFM/data/imagefolder/synth/train/melanoma/sdl_000313.png,0.9018158316612244
/home/marsi/TFM/data/imagefolder/synth/train/melanoma/sdl_000314.png,0.8143346905708313
/home/marsi/TFM/data/imagefolder/synth/train/melanoma/sdl_000315.png,0.6543152332305908
/home/marsi/TFM/data/imagefolder/synth/train/melanoma/sdl_000317.png,0.7249665856361389
/home/marsi/TFM/data/imagefolder/synth/train/melanoma/sdl_000318.png,0.9649399518966675
/home/marsi/TFM/data/imagefolder/synth/train/melanoma/sdl_000319.png,0.7227869033813477
/home/marsi/TFM/data/imagefolder/synth/train/melanoma/sdl_000320.png,0.9896736145019531
/home/marsi/TFM/data/imagefolder/synth/train/melanoma/sdl_000321.png,0.8923327922821045
/home/marsi/TFM/data/imagefolder/synth/train/melanoma/sdl_000322.png,0.5765912532806396
/home/marsi/TFM/data/imagefolder/synth/train/melanoma/sdl_000323.png,0.42313694953918457
/home/marsi/TFM/data/imagefolder/synth/train/melanoma/sdl_000324.png,0.886986255645752
/home/marsi/TFM/data/imagefolder/synth/train/melanoma/sdl_000325.png,0.7463772296905518
/home/marsi/TFM/data/imagefolder/synth/train/melanoma/sdl_000326.png,0.5696050524711609
/home/marsi/TFM/data/imagefolder/synth/train/melanoma/sdl_000327.png,0.7704870700836182
/home/marsi/TFM/data/imagefolder/synth/train/melanoma/sdl_000328.png,0.6703639030456543
/home/marsi/TFM/data/imagefolder/synth/train/melanoma/sdl_000329.png,0.6100576519966125
/home/marsi/TFM/data/imagefolder/synth/train/melanoma/sdl_000330.png,0.8952043056488037
/home/marsi/TFM/data/imagefolder/synth/train/melanoma/sdl_000331.png,0.8981804251670837
/home/marsi/TFM/data/imagefolder/synth/train/melanoma/sdl_000332.png,0.5337795615196228
/home/marsi/TFM/data/imagefolder/synth/train/melanoma/sdl_000333.png,0.9090979695320129
/home/marsi/TFM/data/imagefolder/synth/train/melanoma/sdl_000334.png,0.6564792990684509
/home/marsi/TFM/data/imagefolder/synth/train/melanoma/sdl_000335.png,0.9531056880950928
/home/marsi/TFM/data/imagefolder/synth/train/melanoma/sdl_000336.png,0.5676553845405579
/home/marsi/TFM/data/imagefolder/synth/train/melanoma/sdl_000337.png,0.6466237902641296
/home/marsi/TFM/data/imagefolder/synth/train/melanoma/sdl_000339.png,0.8267368078231812
/home/marsi/TFM/data/imagefolder/synth/train/melanoma/sdl_000340.png,0.9596824049949646
/home/marsi/TFM/data/imagefolder/synth/train/melanoma/sdl_000341.png,0.4449867606163025
/home/marsi/TFM/data/imagefolder/synth/train/melanoma/sdl_000342.png,0.862913191318512
/home/marsi/TFM/data/imagefolder/synth/train/melanoma/sdl_000344.png,0.3581392467021942
/home/marsi/TFM/data/imagefolder/synth/train/melanoma/sdl_000345.png,0.4566956162452698
/home/marsi/TFM/data/imagefolder/synth/train/melanoma/sdl_000346.png,0.878233015537262
/home/marsi/TFM/data/imagefolder/synth/train/melanoma/sdl_000347.png,0.36645349860191345
/home/marsi/TFM/data/imagefolder/synth/train/melanoma/sdl_000349.png,0.5889021754264832
/home/marsi/TFM/data/imagefolder/synth/train/melanoma/sdl_000350.png,0.3773537278175354
/home/marsi/TFM/data/imagefolder/synth/train/melanoma/sdl_000351.png,0.8184946775436401
/home/marsi/TFM/data/imagefolder/synth/train/melanoma/sdl_000352.png,0.6518888473510742
/home/marsi/TFM/data/imagefolder/synth/train/melanoma/sdl_000353.png,0.9730807542800903
/home/marsi/TFM/data/imagefolder/synth/train/melanoma/sdl_000354.png,0.9530752301216125
/home/marsi/TFM/data/imagefolder/synth/train/melanoma/sdl_000355.png,0.7116372585296631
/home/marsi/TFM/data/imagefolder/synth/train/melanoma/sdl_000356.png,0.6419258713722229
/home/marsi/TFM/data/imagefolder/synth/train/melanoma/sdl_000357.png,0.8952969312667847
/home/marsi/TFM/data/imagefolder/synth/train/melanoma/sdl_000358.png,0.886661171913147
/home/marsi/TFM/data/imagefolder/synth/train/melanoma/sdl_000359.png,0.8496477603912354
/home/marsi/TFM/data/imagefolder/synth/train/melanoma/sdl_000360.png,0.7131815552711487
/home/marsi/TFM/data/imagefolder/synth/train/melanoma/sdl_000362.png,0.7644307017326355
/home/marsi/TFM/data/imagefolder/synth/train/melanoma/sdl_000363.png,0.9789777994155884
/home/marsi/TFM/data/imagefolder/synth/train/melanoma/sdl_000364.png,0.5316659212112427
/home/marsi/TFM/data/imagefolder/synth/train/melanoma/sdl_000365.png,0.5246498584747314
/home/marsi/TFM/data/imagefolder/synth/train/melanoma/sdl_000366.png,0.8241422772407532
/home/marsi/TFM/data/imagefolder/synth/train/melanoma/sdl_000367.png,0.7373870611190796
/home/marsi/TFM/data/imagefolder/synth/train/melanoma/sdl_000368.png,0.7418874502182007
/home/marsi/TFM/data/imagefolder/synth/train/melanoma/sdl_000369.png,0.7910179495811462
/home/marsi/TFM/data/imagefolder/synth/train/melanoma/sdl_000370.png,0.5817303657531738
/home/marsi/TFM/data/imagefolder/synth/train/melanoma/sdl_000371.png,0.8037353157997131
/home/marsi/TFM/data/imagefolder/synth/train/melanoma/sdl_000372.png,0.445039302110672
/home/marsi/TFM/data/imagefolder/synth/train/melanoma/sdl_000373.png,0.5204257369041443
/home/marsi/TFM/data/imagefolder/synth/train/melanoma/sdl_000374.png,0.6685435175895691
/home/marsi/TFM/data/imagefolder/synth/train/melanoma/sdl_000375.png,0.556535542011261
/home/marsi/TFM/data/imagefolder/synth/train/melanoma/sdl_000376.png,0.4597542881965637
/home/marsi/TFM/data/imagefolder/synth/train/melanoma/sdl_000377.png,0.6320700645446777
/home/marsi/TFM/data/imagefolder/synth/train/melanoma/sdl_000378.png,0.6374486088752747
/home/marsi/TFM/data/imagefolder/synth/train/melanoma/sdl_000379.png,0.8372389674186707
/home/marsi/TFM/data/imagefolder/synth/train/melanoma/sdl_000380.png,0.6338690519332886
/home/marsi/TFM/data/imagefolder/synth/train/melanoma/sdl_000381.png,0.661751925945282
/home/marsi/TFM/data/imagefolder/synth/train/melanoma/sdl_000383.png,0.6606221795082092
/home/marsi/TFM/data/imagefolder/synth/train/melanoma/sdl_000384.png,0.720337986946106
/home/marsi/TFM/data/imagefolder/synth/train/melanoma/sdl_000385.png,0.7686589956283569
/home/marsi/TFM/data/imagefolder/synth/train/melanoma/sdl_000386.png,0.3801504969596863
/home/marsi/TFM/data/imagefolder/synth/train/melanoma/sdl_000387.png,0.3572622239589691
/home/marsi/TFM/data/imagefolder/synth/train/melanoma/sdl_000388.png,0.7212364673614502
/home/marsi/TFM/data/imagefolder/synth/train/melanoma/sdl_000389.png,0.7410774230957031
/home/marsi/TFM/data/imagefolder/synth/train/melanoma/sdl_000390.png,0.8945065140724182
/home/marsi/TFM/data/imagefolder/synth/train/melanoma/sdl_000391.png,0.5727206468582153
/home/marsi/TFM/data/imagefolder/synth/train/melanoma/sdl_000392.png,0.7454891204833984
/home/marsi/TFM/data/imagefolder/synth/train/melanoma/sdl_000393.png,0.9003320336341858
/home/marsi/TFM/data/imagefolder/synth/train/melanoma/sdl_000394.png,0.7352414727210999
/home/marsi/TFM/data/imagefolder/synth/train/melanoma/sdl_000395.png,0.5999218225479126
/home/marsi/TFM/data/imagefolder/synth/train/melanoma/sdl_000396.png,0.9547529220581055
/home/marsi/TFM/data/imagefolder/synth/train/melanoma/sdl_000397.png,0.4228608012199402
/home/marsi/TFM/data/imagefolder/synth/train/melanoma/sdl_000398.png,0.41663235425949097
/home/marsi/TFM/data/imagefolder/synth/train/melanoma/sdl_000399.png,0.6563761234283447
/home/marsi/TFM/data/imagefolder/synth/train/melanoma/sdl_000400.png,0.6915929317474365
/home/marsi/TFM/data/imagefolder/synth/train/melanoma/sdl_000401.png,0.7564056515693665
/home/marsi/TFM/data/imagefolder/synth/train/melanoma/sdl_000402.png,0.7169404625892639
/home/marsi/TFM/data/imagefolder/synth/train/melanoma/sdl_000403.png,0.5130213499069214
/home/marsi/TFM/data/imagefolder/synth/train/melanoma/sdl_000404.png,0.4887417256832123
/home/marsi/TFM/data/imagefolder/synth/train/melanoma/sdl_000405.png,0.8585609197616577
/home/marsi/TFM/data/imagefolder/synth/train/melanoma/sdl_000406.png,0.871924877166748
/home/marsi/TFM/data/imagefolder/synth/train/melanoma/sdl_000407.png,0.8449164032936096
/home/marsi/TFM/data/imagefolder/synth/train/melanoma/sdl_000408.png,0.6372595429420471
/home/marsi/TFM/data/imagefolder/synth/train/melanoma/sdl_000410.png,0.3791292905807495
/home/marsi/TFM/data/imagefolder/synth/train/melanoma/sdl_000411.png,0.8230810761451721
/home/marsi/TFM/data/imagefolder/synth/train/melanoma/sdl_000412.png,0.563745379447937
/home/marsi/TFM/data/imagefolder/synth/train/melanoma/sdl_000413.png,0.9346965551376343
/home/marsi/TFM/data/imagefolder/synth/train/melanoma/sdl_000414.png,0.7469863891601562
/home/marsi/TFM/data/imagefolder/synth/train/melanoma/sdl_000415.png,0.3653812110424042
/home/marsi/TFM/data/imagefolder/synth/train/melanoma/sdl_000416.png,0.9053876996040344
/home/marsi/TFM/data/imagefolder/synth/train/melanoma/sdl_000417.png,0.42779913544654846
/home/marsi/TFM/data/imagefolder/synth/train/melanoma/sdl_000419.png,0.7672392725944519
/home/marsi/TFM/data/imagefolder/synth/train/melanoma/sdl_000420.png,0.7958929538726807
/home/marsi/TFM/data/imagefolder/synth/train/melanoma/sdl_000421.png,0.7984169125556946
/home/marsi/TFM/data/imagefolder/synth/train/melanoma/sdl_000422.png,0.8428522944450378
/home/marsi/TFM/data/imagefolder/synth/train/melanoma/sdl_000423.png,0.5352541208267212
/home/marsi/TFM/data/imagefolder/synth/train/melanoma/sdl_000424.png,0.8896344900131226
/home/marsi/TFM/data/imagefolder/synth/train/melanoma/sdl_000425.png,0.3982645571231842
/home/marsi/TFM/data/imagefolder/synth/train/melanoma/sdl_000426.png,0.47737690806388855
/home/marsi/TFM/data/imagefolder/synth/train/melanoma/sdl_000427.png,0.6480789184570312
/home/marsi/TFM/data/imagefolder/synth/train/melanoma/sdl_000428.png,0.918887734413147
/home/marsi/TFM/data/imagefolder/synth/train/melanoma/sdl_000429.png,0.67270827293396
/home/marsi/TFM/data/imagefolder/synth/train/melanoma/sdl_000430.png,0.5522351861000061
/home/marsi/TFM/data/imagefolder/synth/train/melanoma/sdl_000431.png,0.8973197340965271
/home/marsi/TFM/data/imagefolder/synth/train/melanoma/sdl_000432.png,0.820877730846405
/home/marsi/TFM/data/imagefolder/synth/train/melanoma/sdl_000433.png,0.8008242249488831
/home/marsi/TFM/data/imagefolder/synth/train/melanoma/sdl_000434.png,0.315441757440567
/home/marsi/TFM/data/imagefolder/synth/train/melanoma/sdl_000435.png,0.6219448447227478
/home/marsi/TFM/data/imagefolder/synth/train/melanoma/sdl_000436.png,0.9142237305641174
/home/marsi/TFM/data/imagefolder/synth/train/melanoma/sdl_000438.png,0.47742921113967896
/home/marsi/TFM/data/imagefolder/synth/train/melanoma/sdl_000439.png,0.6039327383041382
/home/marsi/TFM/data/imagefolder/synth/train/melanoma/sdl_000440.png,0.7531054615974426
/home/marsi/TFM/data/imagefolder/synth/train/melanoma/sdl_000441.png,0.5895226001739502
/home/marsi/TFM/data/imagefolder/synth/train/melanoma/sdl_000443.png,0.8189144730567932
/home/marsi/TFM/data/imagefolder/synth/train/melanoma/sdl_000444.png,0.7812851071357727
/home/marsi/TFM/data/imagefolder/synth/train/melanoma/sdl_000445.png,0.8277847170829773
/home/marsi/TFM/data/imagefolder/synth/train/melanoma/sdl_000446.png,0.819219172000885
/home/marsi/TFM/data/imagefolder/synth/train/melanoma/sdl_000447.png,0.3104892671108246
/home/marsi/TFM/data/imagefolder/synth/train/melanoma/sdl_000448.png,0.482209712266922
/home/marsi/TFM/data/imagefolder/synth/train/melanoma/sdl_000449.png,0.783968985080719
/home/marsi/TFM/data/imagefolder/synth/train/melanoma/sdl_000450.png,0.6329925060272217
/home/marsi/TFM/data/imagefolder/synth/train/melanoma/sdl_000451.png,0.9181331396102905
/home/marsi/TFM/data/imagefolder/synth/train/melanoma/sdl_000452.png,0.4458043873310089
/home/marsi/TFM/data/imagefolder/synth/train/melanoma/sdl_000453.png,0.7064775824546814
/home/marsi/TFM/data/imagefolder/synth/train/melanoma/sdl_000454.png,0.5820658802986145
/home/marsi/TFM/data/imagefolder/synth/train/melanoma/sdl_000455.png,0.7431563138961792
/home/marsi/TFM/data/imagefolder/synth/train/melanoma/sdl_000456.png,0.9112061262130737
/home/marsi/TFM/data/imagefolder/synth/train/melanoma/sdl_000457.png,0.8672051429748535
/home/marsi/TFM/data/imagefolder/synth/train/melanoma/sdl_000458.png,0.8424420952796936
/home/marsi/TFM/data/imagefolder/synth/train/melanoma/sdl_000459.png,0.7116571068763733
/home/marsi/TFM/data/imagefolder/synth/train/melanoma/sdl_000460.png,0.5435574650764465
/home/marsi/TFM/data/imagefolder/synth/train/melanoma/sdl_000461.png,0.38010069727897644
/home/marsi/TFM/data/imagefolder/synth/train/melanoma/sdl_000462.png,0.8611506223678589
/home/marsi/TFM/data/imagefolder/synth/train/melanoma/sdl_000463.png,0.3662120997905731
/home/marsi/TFM/data/imagefolder/synth/train/melanoma/sdl_000464.png,0.6678067445755005
/home/marsi/TFM/data/imagefolder/synth/train/melanoma/sdl_000465.png,0.5930629372596741
/home/marsi/TFM/data/imagefolder/synth/train/melanoma/sdl_000466.png,0.5589718222618103
/home/marsi/TFM/data/imagefolder/synth/train/melanoma/sdl_000468.png,0.858430027961731
/home/marsi/TFM/data/imagefolder/synth/train/melanoma/sdl_000469.png,0.45128026604652405
/home/marsi/TFM/data/imagefolder/synth/train/melanoma/sdl_000470.png,0.6294518709182739
/home/marsi/TFM/data/imagefolder/synth/train/melanoma/sdl_000471.png,0.3936137557029724
/home/marsi/TFM/data/imagefolder/synth/train/melanoma/sdl_000472.png,0.8102304935455322
/home/marsi/TFM/data/imagefolder/synth/train/melanoma/sdl_000473.png,0.8060850501060486
/home/marsi/TFM/data/imagefolder/synth/train/melanoma/sdl_000474.png,0.7485620379447937
/home/marsi/TFM/data/imagefolder/synth/train/melanoma/sdl_000475.png,0.6500203609466553
/home/marsi/TFM/data/imagefolder/synth/train/melanoma/sdl_000476.png,0.92722487449646
/home/marsi/TFM/data/imagefolder/synth/train/melanoma/sdl_000477.png,0.657378077507019
/home/marsi/TFM/data/imagefolder/synth/train/melanoma/sdl_000478.png,0.6093862652778625
/home/marsi/TFM/data/imagefolder/synth/train/melanoma/sdl_000479.png,0.8447526097297668
/home/marsi/TFM/data/imagefolder/synth/train/melanoma/sdl_000480.png,0.4372950792312622
/home/marsi/TFM/data/imagefolder/synth/train/melanoma/sdl_000481.png,0.6191995739936829
/home/marsi/TFM/data/imagefolder/synth/train/melanoma/sdl_000482.png,0.6212152242660522
/home/marsi/TFM/data/imagefolder/synth/train/melanoma/sdl_000483.png,0.7587276697158813
/home/marsi/TFM/data/imagefolder/synth/train/melanoma/sdl_000484.png,0.9612712860107422
/home/marsi/TFM/data/imagefolder/synth/train/melanoma/sdl_000485.png,0.7610460519790649
/home/marsi/TFM/data/imagefolder/synth/train/melanoma/sdl_000486.png,0.37457844614982605
/home/marsi/TFM/data/imagefolder/synth/train/melanoma/sdl_000487.png,0.6253072023391724
/home/marsi/TFM/data/imagefolder/synth/train/melanoma/sdl_000488.png,0.6199262738227844
/home/marsi/TFM/data/imagefolder/synth/train/melanoma/sdl_000489.png,0.8920493125915527
/home/marsi/TFM/data/imagefolder/synth/train/melanoma/sdl_000490.png,0.46082016825675964
/home/marsi/TFM/data/imagefolder/synth/train/melanoma/sdl_000491.png,0.5267289876937866
/home/marsi/TFM/data/imagefolder/synth/train/melanoma/sdl_000493.png,0.7625156044960022
/home/marsi/TFM/data/imagefolder/synth/train/melanoma/sdl_000494.png,0.7636420726776123
/home/marsi/TFM/data/imagefolder/synth/train/melanoma/sdl_000496.png,0.6222150325775146
/home/marsi/TFM/data/imagefolder/synth/train/melanoma/sdl_000497.png,0.9081049561500549
/home/marsi/TFM/data/imagefolder/synth/train/melanoma/sdl_000498.png,0.6356185078620911
/home/marsi/TFM/data/imagefolder/synth/train/melanoma/sdl_000499.png,0.8000571727752686
/home/marsi/TFM/data/imagefolder/synth/train/melanoma/sdl_000501.png,0.7765086889266968
/home/marsi/TFM/data/imagefolder/synth/train/melanoma/sdl_000502.png,0.7680843472480774
/home/marsi/TFM/data/imagefolder/synth/train/melanoma/sdl_000503.png,0.8098121881484985
/home/marsi/TFM/data/imagefolder/synth/train/melanoma/sdl_000505.png,0.6814218163490295
/home/marsi/TFM/data/imagefolder/synth/train/melanoma/sdl_000506.png,0.49787697196006775
/home/marsi/TFM/data/imagefolder/synth/train/melanoma/sdl_000508.png,0.686819314956665
/home/marsi/TFM/data/imagefolder/synth/train/melanoma/sdl_000509.png,0.7690557837486267
/home/marsi/TFM/data/imagefolder/synth/train/melanoma/sdl_000510.png,0.3902438282966614
/home/marsi/TFM/data/imagefolder/synth/train/melanoma/sdl_000511.png,0.8902381062507629
/home/marsi/TFM/data/imagefolder/synth/train/melanoma/sdl_000512.png,0.7770359516143799
/home/marsi/TFM/data/imagefolder/synth/train/melanoma/sdl_000513.png,0.46824878454208374
/home/marsi/TFM/data/imagefolder/synth/train/melanoma/sdl_000514.png,0.30925536155700684
/home/marsi/TFM/data/imagefolder/synth/train/melanoma/sdl_000515.png,0.30131372809410095
/home/marsi/TFM/data/imagefolder/synth/train/melanoma/sdl_000516.png,0.6426630616188049
/home/marsi/TFM/data/imagefolder/synth/train/melanoma/sdl_000517.png,0.7804257273674011
/home/marsi/TFM/data/imagefolder/synth/train/melanoma/sdl_000518.png,0.4769757091999054
/home/marsi/TFM/data/imagefolder/synth/train/melanoma/sdl_000519.png,0.9627549648284912
/home/marsi/TFM/data/imagefolder/synth/train/melanoma/sdl_000520.png,0.5262545347213745
/home/marsi/TFM/data/imagefolder/synth/train/melanoma/sdl_000521.png,0.9587916135787964
/home/marsi/TFM/data/imagefolder/synth/train/melanoma/sdl_000522.png,0.8315412402153015
/home/marsi/TFM/data/imagefolder/synth/train/melanoma/sdl_000523.png,0.505612850189209
/home/marsi/TFM/data/imagefolder/synth/train/melanoma/sdl_000524.png,0.6018732190132141
/home/marsi/TFM/data/imagefolder/synth/train/melanoma/sdl_000525.png,0.4230712652206421
/home/marsi/TFM/data/imagefolder/synth/train/melanoma/sdl_000526.png,0.48974114656448364
/home/marsi/TFM/data/imagefolder/synth/train/melanoma/sdl_000527.png,0.953464150428772
/home/marsi/TFM/data/imagefolder/synth/train/melanoma/sdl_000528.png,0.4520284831523895
/home/marsi/TFM/data/imagefolder/synth/train/melanoma/sdl_000529.png,0.9528357982635498
/home/marsi/TFM/data/imagefolder/synth/train/melanoma/sdl_000530.png,0.908073902130127
/home/marsi/TFM/data/imagefolder/synth/train/melanoma/sdl_000531.png,0.8223023414611816
/home/marsi/TFM/data/imagefolder/synth/train/melanoma/sdl_000533.png,0.3894168734550476
/home/marsi/TFM/data/imagefolder/synth/train/melanoma/sdl_000534.png,0.5165495276451111
/home/marsi/TFM/data/imagefolder/synth/train/melanoma/sdl_000535.png,0.8877115845680237
/home/marsi/TFM/data/imagefolder/synth/train/melanoma/sdl_000536.png,0.4996507167816162
/home/marsi/TFM/data/imagefolder/synth/train/melanoma/sdl_000537.png,0.7818343043327332
/home/marsi/TFM/data/imagefolder/synth/train/melanoma/sdl_000538.png,0.8345969915390015
/home/marsi/TFM/data/imagefolder/synth/train/melanoma/sdl_000539.png,0.901668906211853
/home/marsi/TFM/data/imagefolder/synth/train/melanoma/sdl_000541.png,0.9735706448554993
/home/marsi/TFM/data/imagefolder/synth/train/melanoma/sdl_000542.png,0.9446596503257751
/home/marsi/TFM/data/imagefolder/synth/train/melanoma/sdl_000543.png,0.8290731906890869
/home/marsi/TFM/data/imagefolder/synth/train/melanoma/sdl_000544.png,0.3676375150680542
/home/marsi/TFM/data/imagefolder/synth/train/melanoma/sdl_000545.png,0.35793569684028625
/home/marsi/TFM/data/imagefolder/synth/train/melanoma/sdl_000547.png,0.6037558913230896
/home/marsi/TFM/data/imagefolder/synth/train/melanoma/sdl_000548.png,0.8619823455810547
/home/marsi/TFM/data/imagefolder/synth/train/melanoma/sdl_000549.png,0.5981613397598267
/home/marsi/TFM/data/imagefolder/synth/train/melanoma/sdl_000550.png,0.6773707270622253
/home/marsi/TFM/data/imagefolder/synth/train/melanoma/sdl_000551.png,0.6731654405593872
/home/marsi/TFM/data/imagefolder/synth/train/melanoma/sdl_000552.png,0.5039480924606323
/home/marsi/TFM/data/imagefolder/synth/train/melanoma/sdl_000553.png,0.6453338265419006
/home/marsi/TFM/data/imagefolder/synth/train/melanoma/sdl_000554.png,0.4451563060283661
/home/marsi/TFM/data/imagefolder/synth/train/melanoma/sdl_000555.png,0.6994292736053467
/home/marsi/TFM/data/imagefolder/synth/train/melanoma/sdl_000556.png,0.49055805802345276
/home/marsi/TFM/data/imagefolder/synth/train/melanoma/sdl_000557.png,0.4978508949279785
/home/marsi/TFM/data/imagefolder/synth/train/melanoma/sdl_000558.png,0.8966166377067566
/home/marsi/TFM/data/imagefolder/synth/train/melanoma/sdl_000560.png,0.6052594184875488
/home/marsi/TFM/data/imagefolder/synth/train/melanoma/sdl_000561.png,0.5968682169914246
/home/marsi/TFM/data/imagefolder/synth/train/melanoma/sdl_000562.png,0.684663712978363
/home/marsi/TFM/data/imagefolder/synth/train/melanoma/sdl_000563.png,0.7966964840888977
/home/marsi/TFM/data/imagefolder/synth/train/melanoma/sdl_000564.png,0.5328462719917297
/home/marsi/TFM/data/imagefolder/synth/train/melanoma/sdl_000565.png,0.9883520007133484
/home/marsi/TFM/data/imagefolder/synth/train/melanoma/sdl_000566.png,0.7143865823745728
/home/marsi/TFM/data/imagefolder/synth/train/melanoma/sdl_000567.png,0.5592997670173645
/home/marsi/TFM/data/imagefolder/synth/train/melanoma/sdl_000568.png,0.6438427567481995
/home/marsi/TFM/data/imagefolder/synth/train/melanoma/sdl_000569.png,0.6691557765007019
/home/marsi/TFM/data/imagefolder/synth/train/melanoma/sdl_000570.png,0.7789596319198608
/home/marsi/TFM/data/imagefolder/synth/train/melanoma/sdl_000571.png,0.5867705345153809
/home/marsi/TFM/data/imagefolder/synth/train/melanoma/sdl_000573.png,0.44584259390830994
/home/marsi/TFM/data/imagefolder/synth/train/melanoma/sdl_000574.png,0.9545804858207703
/home/marsi/TFM/data/imagefolder/synth/train/melanoma/sdl_000575.png,0.8192780017852783
/home/marsi/TFM/data/imagefolder/synth/train/melanoma/sdl_000576.png,0.4546957015991211
/home/marsi/TFM/data/imagefolder/synth/train/melanoma/sdl_000577.png,0.753937840461731
/home/marsi/TFM/data/imagefolder/synth/train/melanoma/sdl_000578.png,0.3819564878940582
/home/marsi/TFM/data/imagefolder/synth/train/melanoma/sdl_000579.png,0.9121552109718323
/home/marsi/TFM/data/imagefolder/synth/train/melanoma/sdl_000580.png,0.44702863693237305
/home/marsi/TFM/data/imagefolder/synth/train/melanoma/sdl_000581.png,0.9400997757911682
/home/marsi/TFM/data/imagefolder/synth/train/melanoma/sdl_000582.png,0.869799017906189
/home/marsi/TFM/data/imagefolder/synth/train/melanoma/sdl_000583.png,0.8750913143157959
/home/marsi/TFM/data/imagefolder/synth/train/melanoma/sdl_000585.png,0.5394652485847473
/home/marsi/TFM/data/imagefolder/synth/train/melanoma/sdl_000586.png,0.7019481062889099
/home/marsi/TFM/data/imagefolder/synth/train/melanoma/sdl_000588.png,0.8474401235580444
/home/marsi/TFM/data/imagefolder/synth/train/melanoma/sdl_000590.png,0.572778046131134
/home/marsi/TFM/data/imagefolder/synth/train/melanoma/sdl_000591.png,0.8980354070663452
/home/marsi/TFM/data/imagefolder/synth/train/melanoma/sdl_000593.png,0.7309073209762573
/home/marsi/TFM/data/imagefolder/synth/train/melanoma/sdl_000594.png,0.8816722631454468
/home/marsi/TFM/data/imagefolder/synth/train/melanoma/sdl_000595.png,0.4647539258003235
/home/marsi/TFM/data/imagefolder/synth/train/melanoma/sdl_000596.png,0.8236702084541321
/home/marsi/TFM/data/imagefolder/synth/train/melanoma/sdl_000597.png,0.7240170240402222
/home/marsi/TFM/data/imagefolder/synth/train/melanoma/sdl_000598.png,0.9660660028457642
/home/marsi/TFM/data/imagefolder/synth/train/melanoma/sdl_000599.png,0.6291400194168091
/home/marsi/TFM/data/imagefolder/synth/train/melanoma/sdl_000600.png,0.49925878643989563
/home/marsi/TFM/data/imagefolder/synth/train/melanoma/sdl_000601.png,0.5570153594017029
/home/marsi/TFM/data/imagefolder/synth/train/melanoma/sdl_000602.png,0.7896473407745361
/home/marsi/TFM/data/imagefolder/synth/train/melanoma/sdl_000603.png,0.9454286694526672
/home/marsi/TFM/data/imagefolder/synth/train/melanoma/sdl_000604.png,0.5647324323654175
/home/marsi/TFM/data/imagefolder/synth/train/melanoma/sdl_000605.png,0.7725620865821838
/home/marsi/TFM/data/imagefolder/synth/train/melanoma/sdl_000606.png,0.7009276747703552
/home/marsi/TFM/data/imagefolder/synth/train/melanoma/sdl_000607.png,0.8632748126983643
/home/marsi/TFM/data/imagefolder/synth/train/melanoma/sdl_000608.png,0.640070378780365
/home/marsi/TFM/data/imagefolder/synth/train/melanoma/sdl_000610.png,0.38674861192703247
/home/marsi/TFM/data/imagefolder/synth/train/melanoma/sdl_000611.png,0.8464896082878113
/home/marsi/TFM/data/imagefolder/synth/train/melanoma/sdl_000612.png,0.6741817593574524
/home/marsi/TFM/data/imagefolder/synth/train/melanoma/sdl_000613.png,0.8111380338668823
/home/marsi/TFM/data/imagefolder/synth/train/melanoma/sdl_000614.png,0.6669015884399414
/home/marsi/TFM/data/imagefolder/synth/train/melanoma/sdl_000615.png,0.4548390209674835
/home/marsi/TFM/data/imagefolder/synth/train/melanoma/sdl_000616.png,0.5096645355224609
/home/marsi/TFM/data/imagefolder/synth/train/melanoma/sdl_000619.png,0.6649482250213623
/home/marsi/TFM/data/imagefolder/synth/train/melanoma/sdl_000620.png,0.7688136696815491
/home/marsi/TFM/data/imagefolder/synth/train/melanoma/sdl_000621.png,0.38753068447113037
/home/marsi/TFM/data/imagefolder/synth/train/melanoma/sdl_000622.png,0.8242149949073792
/home/marsi/TFM/data/imagefolder/synth/train/melanoma/sdl_000623.png,0.7206761837005615
/home/marsi/TFM/data/imagefolder/synth/train/melanoma/sdl_000624.png,0.949962317943573
/home/marsi/TFM/data/imagefolder/synth/train/melanoma/sdl_000625.png,0.5221012830734253
/home/marsi/TFM/data/imagefolder/synth/train/melanoma/sdl_000626.png,0.7477135062217712
/home/marsi/TFM/data/imagefolder/synth/train/melanoma/sdl_000627.png,0.8473923206329346
/home/marsi/TFM/data/imagefolder/synth/train/melanoma/sdl_000628.png,0.3817974328994751
/home/marsi/TFM/data/imagefolder/synth/train/melanoma/sdl_000630.png,0.6788139343261719
/home/marsi/TFM/data/imagefolder/synth/train/melanoma/sdl_000631.png,0.3573354482650757
/home/marsi/TFM/data/imagefolder/synth/train/melanoma/sdl_000632.png,0.6448791027069092
/home/marsi/TFM/data/imagefolder/synth/train/melanoma/sdl_000633.png,0.8198349475860596
/home/marsi/TFM/data/imagefolder/synth/train/melanoma/sdl_000634.png,0.8883726596832275
/home/marsi/TFM/data/imagefolder/synth/train/melanoma/sdl_000635.png,0.7229729890823364
/home/marsi/TFM/data/imagefolder/synth/train/melanoma/sdl_000636.png,0.673959493637085
/home/marsi/TFM/data/imagefolder/synth/train/melanoma/sdl_000637.png,0.7124915719032288
/home/marsi/TFM/data/imagefolder/synth/train/melanoma/sdl_000639.png,0.658093273639679
/home/marsi/TFM/data/imagefolder/synth/train/melanoma/sdl_000640.png,0.3377276062965393
/home/marsi/TFM/data/imagefolder/synth/train/melanoma/sdl_000641.png,0.5129132866859436
/home/marsi/TFM/data/imagefolder/synth/train/melanoma/sdl_000642.png,0.46655580401420593
/home/marsi/TFM/data/imagefolder/synth/train/melanoma/sdl_000643.png,0.6000457406044006
/home/marsi/TFM/data/imagefolder/synth/train/melanoma/sdl_000644.png,0.358640193939209
/home/marsi/TFM/data/imagefolder/synth/train/melanoma/sdl_000645.png,0.712872326374054
/home/marsi/TFM/data/imagefolder/synth/train/melanoma/sdl_000646.png,0.4541058838367462
/home/marsi/TFM/data/imagefolder/synth/train/melanoma/sdl_000647.png,0.7328130602836609
/home/marsi/TFM/data/imagefolder/synth/train/melanoma/sdl_000648.png,0.5786639451980591
/home/marsi/TFM/data/imagefolder/synth/train/melanoma/sdl_000649.png,0.9414882063865662
/home/marsi/TFM/data/imagefolder/synth/train/melanoma/sdl_000650.png,0.9242850542068481
/home/marsi/TFM/data/imagefolder/synth/train/melanoma/sdl_000652.png,0.3891657590866089
/home/marsi/TFM/data/imagefolder/synth/train/melanoma/sdl_000653.png,0.9661293029785156
/home/marsi/TFM/data/imagefolder/synth/train/melanoma/sdl_000654.png,0.4372677206993103
/home/marsi/TFM/data/imagefolder/synth/train/melanoma/sdl_000655.png,0.585236668586731
/home/marsi/TFM/data/imagefolder/synth/train/melanoma/sdl_000656.png,0.7930483818054199
/home/marsi/TFM/data/imagefolder/synth/train/melanoma/sdl_000657.png,0.7136021852493286
/home/marsi/TFM/data/imagefolder/synth/train/melanoma/sdl_000659.png,0.7529899477958679
/home/marsi/TFM/data/imagefolder/synth/train/melanoma/sdl_000660.png,0.5561292767524719
/home/marsi/TFM/data/imagefolder/synth/train/melanoma/sdl_000661.png,0.6567890048027039
/home/marsi/TFM/data/imagefolder/synth/train/melanoma/sdl_000662.png,0.518498957157135
/home/marsi/TFM/data/imagefolder/synth/train/melanoma/sdl_000663.png,0.7224945425987244
/home/marsi/TFM/data/imagefolder/synth/train/melanoma/sdl_000665.png,0.8743487596511841
/home/marsi/TFM/data/imagefolder/synth/train/melanoma/sdl_000667.png,0.8749148845672607
/home/marsi/TFM/data/imagefolder/synth/train/melanoma/sdl_000669.png,0.5244185328483582
/home/marsi/TFM/data/imagefolder/synth/train/melanoma/sdl_000670.png,0.5913366079330444
/home/marsi/TFM/data/imagefolder/synth/train/melanoma/sdl_000672.png,0.42989251017570496
/home/marsi/TFM/data/imagefolder/synth/train/melanoma/sdl_000673.png,0.439617782831192
/home/marsi/TFM/data/imagefolder/synth/train/melanoma/sdl_000674.png,0.5833306908607483
/home/marsi/TFM/data/imagefolder/synth/train/melanoma/sdl_000675.png,0.9492934346199036
/home/marsi/TFM/data/imagefolder/synth/train/melanoma/sdl_000677.png,0.8586355447769165
/home/marsi/TFM/data/imagefolder/synth/train/melanoma/sdl_000678.png,0.758262038230896
/home/marsi/TFM/data/imagefolder/synth/train/melanoma/sdl_000679.png,0.8794445991516113
/home/marsi/TFM/data/imagefolder/synth/train/melanoma/sdl_000680.png,0.3274741470813751
/home/marsi/TFM/data/imagefolder/synth/train/melanoma/sdl_000684.png,0.5885921120643616
/home/marsi/TFM/data/imagefolder/synth/train/melanoma/sdl_000685.png,0.7163646221160889
/home/marsi/TFM/data/imagefolder/synth/train/melanoma/sdl_000686.png,0.7050273418426514
/home/marsi/TFM/data/imagefolder/synth/train/melanoma/sdl_000687.png,0.7732989192008972
/home/marsi/TFM/data/imagefolder/synth/train/melanoma/sdl_000688.png,0.8694553971290588
/home/marsi/TFM/data/imagefolder/synth/train/melanoma/sdl_000689.png,0.45638179779052734
/home/marsi/TFM/data/imagefolder/synth/train/melanoma/sdl_000691.png,0.7394382953643799
/home/marsi/TFM/data/imagefolder/synth/train/melanoma/sdl_000692.png,0.3698764443397522
/home/marsi/TFM/data/imagefolder/synth/train/melanoma/sdl_000693.png,0.823202908039093
/home/marsi/TFM/data/imagefolder/synth/train/melanoma/sdl_000694.png,0.7082136273384094
/home/marsi/TFM/data/imagefolder/synth/train/melanoma/sdl_000695.png,0.5944288372993469
/home/marsi/TFM/data/imagefolder/synth/train/melanoma/sdl_000696.png,0.8122883439064026
/home/marsi/TFM/data/imagefolder/synth/train/melanoma/sdl_000697.png,0.7377890944480896
/home/marsi/TFM/data/imagefolder/synth/train/melanoma/sdl_000698.png,0.997412383556366
/home/marsi/TFM/data/imagefolder/synth/train/melanoma/sdl_000699.png,0.5576616525650024
/home/marsi/TFM/data/imagefolder/synth/train/melanoma/sdl_000700.png,0.7187674641609192
/home/marsi/TFM/data/imagefolder/synth/train/melanoma/sdl_000701.png,0.5035569667816162
/home/marsi/TFM/data/imagefolder/synth/train/melanoma/sdl_000702.png,0.5120620727539062
/home/marsi/TFM/data/imagefolder/synth/train/melanoma/sdl_000703.png,0.7835246920585632
/home/marsi/TFM/data/imagefolder/synth/train/melanoma/sdl_000704.png,0.7955541610717773
/home/marsi/TFM/data/imagefolder/synth/train/melanoma/sdl_000706.png,0.7002936601638794
/home/marsi/TFM/data/imagefolder/synth/train/melanoma/sdl_000710.png,0.8417850732803345
/home/marsi/TFM/data/imagefolder/synth/train/melanoma/sdl_000711.png,0.6059899926185608
/home/marsi/TFM/data/imagefolder/synth/train/melanoma/sdl_000712.png,0.4740840792655945
/home/marsi/TFM/data/imagefolder/synth/train/melanoma/sdl_000713.png,0.7291096448898315
/home/marsi/TFM/data/imagefolder/synth/train/melanoma/sdl_000714.png,0.7345547676086426
/home/marsi/TFM/data/imagefolder/synth/train/melanoma/sdl_000715.png,0.5630117654800415
/home/marsi/TFM/data/imagefolder/synth/train/melanoma/sdl_000716.png,0.7137548327445984
/home/marsi/TFM/data/imagefolder/synth/train/melanoma/sdl_000719.png,0.821806013584137
/home/marsi/TFM/data/imagefolder/synth/train/melanoma/sdl_000720.png,0.673463761806488
/home/marsi/TFM/data/imagefolder/synth/train/melanoma/sdl_000721.png,0.49433213472366333
/home/marsi/TFM/data/imagefolder/synth/train/melanoma/sdl_000722.png,0.9831460118293762
/home/marsi/TFM/data/imagefolder/synth/train/melanoma/sdl_000723.png,0.6297351717948914
/home/marsi/TFM/data/imagefolder/synth/train/melanoma/sdl_000724.png,0.5405124425888062
/home/marsi/TFM/data/imagefolder/synth/train/melanoma/sdl_000725.png,0.5371729135513306
/home/marsi/TFM/data/imagefolder/synth/train/melanoma/sdl_000727.png,0.5759207606315613
/home/marsi/TFM/data/imagefolder/synth/train/melanoma/sdl_000728.png,0.6931706070899963
/home/marsi/TFM/data/imagefolder/synth/train/melanoma/sdl_000729.png,0.7220145463943481
/home/marsi/TFM/data/imagefolder/synth/train/melanoma/sdl_000730.png,0.8860090374946594
/home/marsi/TFM/data/imagefolder/synth/train/melanoma/sdl_000731.png,0.6882742643356323
/home/marsi/TFM/data/imagefolder/synth/train/melanoma/sdl_000732.png,0.40100550651550293
/home/marsi/TFM/data/imagefolder/synth/train/melanoma/sdl_000733.png,0.5403584837913513
/home/marsi/TFM/data/imagefolder/synth/train/melanoma/sdl_000734.png,0.4725852608680725
/home/marsi/TFM/data/imagefolder/synth/train/melanoma/sdl_000735.png,0.314716637134552
/home/marsi/TFM/data/imagefolder/synth/train/melanoma/sdl_000736.png,0.7714411616325378
/home/marsi/TFM/data/imagefolder/synth/train/melanoma/sdl_000737.png,0.7692061066627502
/home/marsi/TFM/data/imagefolder/synth/train/melanoma/sdl_000738.png,0.30792519450187683
/home/marsi/TFM/data/imagefolder/synth/train/melanoma/sdl_000739.png,0.5080900192260742
/home/marsi/TFM/data/imagefolder/synth/train/melanoma/sdl_000740.png,0.39027589559555054
/home/marsi/TFM/data/imagefolder/synth/train/melanoma/sdl_000741.png,0.6983614563941956
/home/marsi/TFM/data/imagefolder/synth/train/melanoma/sdl_000742.png,0.6008670926094055
/home/marsi/TFM/data/imagefolder/synth/train/melanoma/sdl_000743.png,0.680603563785553
/home/marsi/TFM/data/imagefolder/synth/train/melanoma/sdl_000744.png,0.4575663208961487
/home/marsi/TFM/data/imagefolder/synth/train/melanoma/sdl_000746.png,0.8043575882911682
/home/marsi/TFM/data/imagefolder/synth/train/melanoma/sdl_000747.png,0.4370967745780945
/home/marsi/TFM/data/imagefolder/synth/train/melanoma/sdl_000748.png,0.9173948168754578
/home/marsi/TFM/data/imagefolder/synth/train/melanoma/sdl_000749.png,0.34499824047088623
/home/marsi/TFM/data/imagefolder/synth/train/melanoma/sdl_000750.png,0.4539368152618408
/home/marsi/TFM/data/imagefolder/synth/train/melanoma/sdl_000751.png,0.8088743686676025
/home/marsi/TFM/data/imagefolder/synth/train/melanoma/sdl_000752.png,0.543460488319397
/home/marsi/TFM/data/imagefolder/synth/train/melanoma/sdl_000753.png,0.6578795313835144
/home/marsi/TFM/data/imagefolder/synth/train/melanoma/sdl_000754.png,0.9740495085716248
/home/marsi/TFM/data/imagefolder/synth/train/melanoma/sdl_000755.png,0.5237451195716858
/home/marsi/TFM/data/imagefolder/synth/train/melanoma/sdl_000756.png,0.8910736441612244
/home/marsi/TFM/data/imagefolder/synth/train/melanoma/sdl_000758.png,0.7825230360031128
/home/marsi/TFM/data/imagefolder/synth/train/melanoma/sdl_000759.png,0.6573543548583984
/home/marsi/TFM/data/imagefolder/synth/train/melanoma/sdl_000760.png,0.7506669163703918
/home/marsi/TFM/data/imagefolder/synth/train/melanoma/sdl_000761.png,0.5723353624343872
/home/marsi/TFM/data/imagefolder/synth/train/melanoma/sdl_000763.png,0.7116826176643372
/home/marsi/TFM/data/imagefolder/synth/train/melanoma/sdl_000765.png,0.8766538500785828
/home/marsi/TFM/data/imagefolder/synth/train/melanoma/sdl_000766.png,0.8184959888458252
/home/marsi/TFM/data/imagefolder/synth/train/melanoma/sdl_000767.png,0.7631505131721497
/home/marsi/TFM/data/imagefolder/synth/train/melanoma/sdl_000768.png,0.3281872868537903
/home/marsi/TFM/data/imagefolder/synth/train/melanoma/sdl_000770.png,0.39962440729141235
/home/marsi/TFM/data/imagefolder/synth/train/melanoma/sdl_000771.png,0.4147094190120697
/home/marsi/TFM/data/imagefolder/synth/train/melanoma/sdl_000773.png,0.3598697781562805
/home/marsi/TFM/data/imagefolder/synth/train/melanoma/sdl_000774.png,0.4960305094718933
/home/marsi/TFM/data/imagefolder/synth/train/melanoma/sdl_000775.png,0.48301979899406433
/home/marsi/TFM/data/imagefolder/synth/train/melanoma/sdl_000776.png,0.6552395224571228
/home/marsi/TFM/data/imagefolder/synth/train/melanoma/sdl_000777.png,0.6991145014762878
/home/marsi/TFM/data/imagefolder/synth/train/melanoma/sdl_000778.png,0.32048720121383667
/home/marsi/TFM/data/imagefolder/synth/train/melanoma/sdl_000779.png,0.9204877018928528
/home/marsi/TFM/data/imagefolder/synth/train/melanoma/sdl_000780.png,0.9590617418289185
/home/marsi/TFM/data/imagefolder/synth/train/melanoma/sdl_000782.png,0.6152477860450745
/home/marsi/TFM/data/imagefolder/synth/train/melanoma/sdl_000783.png,0.7979906797409058
/home/marsi/TFM/data/imagefolder/synth/train/melanoma/sdl_000784.png,0.8899048566818237
/home/marsi/TFM/data/imagefolder/synth/train/melanoma/sdl_000785.png,0.6535497307777405
/home/marsi/TFM/data/imagefolder/synth/train/melanoma/sdl_000786.png,0.8311781287193298
/home/marsi/TFM/data/imagefolder/synth/train/melanoma/sdl_000787.png,0.8034490942955017
/home/marsi/TFM/data/imagefolder/synth/train/melanoma/sdl_000788.png,0.5099971890449524
/home/marsi/TFM/data/imagefolder/synth/train/melanoma/sdl_000789.png,0.33818021416664124
/home/marsi/TFM/data/imagefolder/synth/train/melanoma/sdl_000791.png,0.38381510972976685
/home/marsi/TFM/data/imagefolder/synth/train/melanoma/sdl_000792.png,0.513385534286499
/home/marsi/TFM/data/imagefolder/synth/train/melanoma/sdl_000793.png,0.7461536526679993
/home/marsi/TFM/data/imagefolder/synth/train/melanoma/sdl_000794.png,0.769078254699707
/home/marsi/TFM/data/imagefolder/synth/train/melanoma/sdl_000795.png,0.9848832488059998
/home/marsi/TFM/data/imagefolder/synth/train/melanoma/sdl_000796.png,0.6602185964584351
/home/marsi/TFM/data/imagefolder/synth/train/melanoma/sdl_000797.png,0.803809404373169
/home/marsi/TFM/data/imagefolder/synth/train/melanoma/sdl_000799.png,0.7830893993377686
/home/marsi/TFM/data/imagefolder/synth/train/melanoma/sdl_000800.png,0.7727869153022766
/home/marsi/TFM/data/imagefolder/synth/train/melanoma/sdl_000801.png,0.928164541721344
/home/marsi/TFM/data/imagefolder/synth/train/melanoma/sdl_000802.png,0.455571711063385
/home/marsi/TFM/data/imagefolder/synth/train/melanoma/sdl_000803.png,0.9002165198326111
/home/marsi/TFM/data/imagefolder/synth/train/melanoma/sdl_000804.png,0.7938714623451233
/home/marsi/TFM/data/imagefolder/synth/train/melanoma/sdl_000805.png,0.39400896430015564
/home/marsi/TFM/data/imagefolder/synth/train/melanoma/sdl_000806.png,0.7387198209762573
/home/marsi/TFM/data/imagefolder/synth/train/melanoma/sdl_000807.png,0.8090195655822754
/home/marsi/TFM/data/imagefolder/synth/train/melanoma/sdl_000808.png,0.7333122491836548
/home/marsi/TFM/data/imagefolder/synth/train/melanoma/sdl_000809.png,0.5463100075721741
/home/marsi/TFM/data/imagefolder/synth/train/melanoma/sdl_000810.png,0.6058521866798401
/home/marsi/TFM/data/imagefolder/synth/train/melanoma/sdl_000811.png,0.5435711145401001
/home/marsi/TFM/data/imagefolder/synth/train/melanoma/sdl_000812.png,0.7828091382980347
/home/marsi/TFM/data/imagefolder/synth/train/melanoma/sdl_000813.png,0.4316020607948303
/home/marsi/TFM/data/imagefolder/synth/train/melanoma/sdl_000814.png,0.9473216533660889
/home/marsi/TFM/data/imagefolder/synth/train/melanoma/sdl_000816.png,0.8453988432884216
/home/marsi/TFM/data/imagefolder/synth/train/melanoma/sdl_000818.png,0.6795976758003235
/home/marsi/TFM/data/imagefolder/synth/train/melanoma/sdl_000819.png,0.7286143898963928
/home/marsi/TFM/data/imagefolder/synth/train/melanoma/sdl_000820.png,0.9985104203224182
/home/marsi/TFM/data/imagefolder/synth/train/melanoma/sdl_000821.png,0.7291976809501648
/home/marsi/TFM/data/imagefolder/synth/train/melanoma/sdl_000822.png,0.6981072425842285
/home/marsi/TFM/data/imagefolder/synth/train/melanoma/sdl_000823.png,0.9030756950378418
/home/marsi/TFM/data/imagefolder/synth/train/melanoma/sdl_000824.png,0.6340949535369873
/home/marsi/TFM/data/imagefolder/synth/train/melanoma/sdl_000825.png,0.38631781935691833
/home/marsi/TFM/data/imagefolder/synth/train/melanoma/sdl_000826.png,0.7599309086799622
/home/marsi/TFM/data/imagefolder/synth/train/melanoma/sdl_000827.png,0.8899197578430176
/home/marsi/TFM/data/imagefolder/synth/train/melanoma/sdl_000829.png,0.697358250617981
/home/marsi/TFM/data/imagefolder/synth/train/melanoma/sdl_000830.png,0.7626795172691345
/home/marsi/TFM/data/imagefolder/synth/train/melanoma/sdl_000831.png,0.8513649702072144
/home/marsi/TFM/data/imagefolder/synth/train/melanoma/sdl_000832.png,0.486193984746933
/home/marsi/TFM/data/imagefolder/synth/train/melanoma/sdl_000833.png,0.7634004354476929
/home/marsi/TFM/data/imagefolder/synth/train/melanoma/sdl_000834.png,0.7559309601783752
/home/marsi/TFM/data/imagefolder/synth/train/melanoma/sdl_000835.png,0.5710741281509399
/home/marsi/TFM/data/imagefolder/synth/train/melanoma/sdl_000836.png,0.8499158024787903
/home/marsi/TFM/data/imagefolder/synth/train/melanoma/sdl_000837.png,0.5594892501831055
/home/marsi/TFM/data/imagefolder/synth/train/melanoma/sdl_000838.png,0.5170466899871826
/home/marsi/TFM/data/imagefolder/synth/train/melanoma/sdl_000840.png,0.5043953061103821
/home/marsi/TFM/data/imagefolder/synth/train/melanoma/sdl_000842.png,0.8503499031066895
/home/marsi/TFM/data/imagefolder/synth/train/melanoma/sdl_000843.png,0.6690184473991394
/home/marsi/TFM/data/imagefolder/synth/train/melanoma/sdl_000844.png,0.9417030811309814
/home/marsi/TFM/data/imagefolder/synth/train/melanoma/sdl_000845.png,0.6785476803779602
/home/marsi/TFM/data/imagefolder/synth/train/melanoma/sdl_000846.png,0.8205698728561401
/home/marsi/TFM/data/imagefolder/synth/train/melanoma/sdl_000847.png,0.5743374824523926
/home/marsi/TFM/data/imagefolder/synth/train/melanoma/sdl_000848.png,0.7914078235626221
/home/marsi/TFM/data/imagefolder/synth/train/melanoma/sdl_000849.png,0.5682066679000854
/home/marsi/TFM/data/imagefolder/synth/train/melanoma/sdl_000850.png,0.7027868032455444
/home/marsi/TFM/data/imagefolder/synth/train/melanoma/sdl_000851.png,0.9076762795448303
/home/marsi/TFM/data/imagefolder/synth/train/melanoma/sdl_000852.png,0.9426103234291077
/home/marsi/TFM/data/imagefolder/synth/train/melanoma/sdl_000853.png,0.9091854095458984
/home/marsi/TFM/data/imagefolder/synth/train/melanoma/sdl_000854.png,0.7463988661766052
/home/marsi/TFM/data/imagefolder/synth/train/melanoma/sdl_000855.png,0.8672623634338379
/home/marsi/TFM/data/imagefolder/synth/train/melanoma/sdl_000856.png,0.7535446286201477
/home/marsi/TFM/data/imagefolder/synth/train/melanoma/sdl_000858.png,0.6314095854759216
/home/marsi/TFM/data/imagefolder/synth/train/melanoma/sdl_000859.png,0.8812706470489502
/home/marsi/TFM/data/imagefolder/synth/train/melanoma/sdl_000860.png,0.35562169551849365
/home/marsi/TFM/data/imagefolder/synth/train/melanoma/sdl_000861.png,0.8170571327209473
/home/marsi/TFM/data/imagefolder/synth/train/melanoma/sdl_000862.png,0.48239779472351074
/home/marsi/TFM/data/imagefolder/synth/train/melanoma/sdl_000864.png,0.5014066100120544
/home/marsi/TFM/data/imagefolder/synth/train/melanoma/sdl_000865.png,0.7004837393760681
/home/marsi/TFM/data/imagefolder/synth/train/melanoma/sdl_000866.png,0.4860767722129822
/home/marsi/TFM/data/imagefolder/synth/train/melanoma/sdl_000867.png,0.6157329678535461
/home/marsi/TFM/data/imagefolder/synth/train/melanoma/sdl_000868.png,0.4544946849346161
/home/marsi/TFM/data/imagefolder/synth/train/melanoma/sdl_000869.png,0.8584755659103394
/home/marsi/TFM/data/imagefolder/synth/train/melanoma/sdl_000870.png,0.6585730910301208
/home/marsi/TFM/data/imagefolder/synth/train/melanoma/sdl_000871.png,0.7197127342224121
/home/marsi/TFM/data/imagefolder/synth/train/melanoma/sdl_000872.png,0.6572653651237488
/home/marsi/TFM/data/imagefolder/synth/train/melanoma/sdl_000874.png,0.8794447779655457
/home/marsi/TFM/data/imagefolder/synth/train/melanoma/sdl_000879.png,0.8168813586235046
/home/marsi/TFM/data/imagefolder/synth/train/melanoma/sdl_000880.png,0.3317480981349945
/home/marsi/TFM/data/imagefolder/synth/train/melanoma/sdl_000881.png,0.9368622899055481
/home/marsi/TFM/data/imagefolder/synth/train/melanoma/sdl_000882.png,0.9030501246452332
/home/marsi/TFM/data/imagefolder/synth/train/melanoma/sdl_000883.png,0.5465219616889954
/home/marsi/TFM/data/imagefolder/synth/train/melanoma/sdl_000884.png,0.7224597334861755
/home/marsi/TFM/data/imagefolder/synth/train/melanoma/sdl_000885.png,0.9272809028625488
/home/marsi/TFM/data/imagefolder/synth/train/melanoma/sdl_000886.png,0.9498848915100098
/home/marsi/TFM/data/imagefolder/synth/train/melanoma/sdl_000887.png,0.5618939995765686
/home/marsi/TFM/data/imagefolder/synth/train/melanoma/sdl_000888.png,0.6705377697944641
/home/marsi/TFM/data/imagefolder/synth/train/melanoma/sdl_000889.png,0.7368980050086975
/home/marsi/TFM/data/imagefolder/synth/train/melanoma/sdl_000890.png,0.979826033115387
/home/marsi/TFM/data/imagefolder/synth/train/melanoma/sdl_000891.png,0.9665353894233704
/home/marsi/TFM/data/imagefolder/synth/train/melanoma/sdl_000892.png,0.5015705227851868
/home/marsi/TFM/data/imagefolder/synth/train/melanoma/sdl_000893.png,0.5242916941642761
/home/marsi/TFM/data/imagefolder/synth/train/melanoma/sdl_000894.png,0.713620662689209
/home/marsi/TFM/data/imagefolder/synth/train/melanoma/sdl_000895.png,0.9353219270706177
/home/marsi/TFM/data/imagefolder/synth/train/melanoma/sdl_000896.png,0.5919871926307678
/home/marsi/TFM/data/imagefolder/synth/train/melanoma/sdl_000897.png,0.4099997580051422
/home/marsi/TFM/data/imagefolder/synth/train/melanoma/sdl_000898.png,0.8172023296356201
/home/marsi/TFM/data/imagefolder/synth/train/melanoma/sdl_000899.png,0.4784191846847534
/home/marsi/TFM/data/imagefolder/synth/train/melanoma/sdl_000900.png,0.8659127950668335
/home/marsi/TFM/data/imagefolder/synth/train/melanoma/sdl_000901.png,0.9085679650306702
/home/marsi/TFM/data/imagefolder/synth/train/melanoma/sdl_000902.png,0.45151475071907043
/home/marsi/TFM/data/imagefolder/synth/train/melanoma/sdl_000903.png,0.7338041067123413
/home/marsi/TFM/data/imagefolder/synth/train/melanoma/sdl_000904.png,0.6228905916213989
/home/marsi/TFM/data/imagefolder/synth/train/melanoma/sdl_000905.png,0.7856431603431702
/home/marsi/TFM/data/imagefolder/synth/train/melanoma/sdl_000909.png,0.8434668779373169
/home/marsi/TFM/data/imagefolder/synth/train/melanoma/sdl_000910.png,0.7460752129554749
/home/marsi/TFM/data/imagefolder/synth/train/melanoma/sdl_000911.png,0.7152097821235657
/home/marsi/TFM/data/imagefolder/synth/train/melanoma/sdl_000912.png,0.4732294976711273
/home/marsi/TFM/data/imagefolder/synth/train/melanoma/sdl_000913.png,0.8497570753097534
/home/marsi/TFM/data/imagefolder/synth/train/melanoma/sdl_000914.png,0.6840423345565796
/home/marsi/TFM/data/imagefolder/synth/train/melanoma/sdl_000915.png,0.8376290798187256
/home/marsi/TFM/data/imagefolder/synth/train/melanoma/sdl_000916.png,0.9254212975502014
/home/marsi/TFM/data/imagefolder/synth/train/melanoma/sdl_000917.png,0.7931222915649414
/home/marsi/TFM/data/imagefolder/synth/train/melanoma/sdl_000918.png,0.3383713364601135
/home/marsi/TFM/data/imagefolder/synth/train/melanoma/sdl_000919.png,0.34306442737579346
/home/marsi/TFM/data/imagefolder/synth/train/melanoma/sdl_000920.png,0.5752838253974915
/home/marsi/TFM/data/imagefolder/synth/train/melanoma/sdl_000921.png,0.6461329460144043
/home/marsi/TFM/data/imagefolder/synth/train/melanoma/sdl_000922.png,0.649478018283844
/home/marsi/TFM/data/imagefolder/synth/train/melanoma/sdl_000923.png,0.9060189127922058
/home/marsi/TFM/data/imagefolder/synth/train/melanoma/sdl_000924.png,0.7873330116271973
/home/marsi/TFM/data/imagefolder/synth/train/melanoma/sdl_000926.png,0.6883364915847778
/home/marsi/TFM/data/imagefolder/synth/train/melanoma/sdl_000927.png,0.9941624999046326
/home/marsi/TFM/data/imagefolder/synth/train/melanoma/sdl_000928.png,0.772310733795166
/home/marsi/TFM/data/imagefolder/synth/train/melanoma/sdl_000930.png,0.9205888509750366
/home/marsi/TFM/data/imagefolder/synth/train/melanoma/sdl_000931.png,0.3481100797653198
/home/marsi/TFM/data/imagefolder/synth/train/melanoma/sdl_000932.png,0.7944295406341553
/home/marsi/TFM/data/imagefolder/synth/train/melanoma/sdl_000933.png,0.6744719743728638
/home/marsi/TFM/data/imagefolder/synth/train/melanoma/sdl_000934.png,0.9191744923591614
/home/marsi/TFM/data/imagefolder/synth/train/melanoma/sdl_000935.png,0.9419663548469543
/home/marsi/TFM/data/imagefolder/synth/train/melanoma/sdl_000936.png,0.732544481754303
/home/marsi/TFM/data/imagefolder/synth/train/melanoma/sdl_000937.png,0.9467850923538208
/home/marsi/TFM/data/imagefolder/synth/train/melanoma/sdl_000938.png,0.603360652923584
/home/marsi/TFM/data/imagefolder/synth/train/melanoma/sdl_000939.png,0.48051464557647705
/home/marsi/TFM/data/imagefolder/synth/train/melanoma/sdl_000940.png,0.7798758745193481
/home/marsi/TFM/data/imagefolder/synth/train/melanoma/sdl_000941.png,0.7374361157417297
/home/marsi/TFM/data/imagefolder/synth/train/melanoma/sdl_000942.png,0.8318746089935303
/home/marsi/TFM/data/imagefolder/synth/train/melanoma/sdl_000943.png,0.9082927107810974
/home/marsi/TFM/data/imagefolder/synth/train/melanoma/sdl_000944.png,0.3745931386947632
/home/marsi/TFM/data/imagefolder/synth/train/melanoma/sdl_000945.png,0.658720850944519
/home/marsi/TFM/data/imagefolder/synth/train/melanoma/sdl_000947.png,0.4530126750469208
/home/marsi/TFM/data/imagefolder/synth/train/melanoma/sdl_000948.png,0.8209176659584045
/home/marsi/TFM/data/imagefolder/synth/train/melanoma/sdl_000949.png,0.7743424773216248
/home/marsi/TFM/data/imagefolder/synth/train/melanoma/sdl_000950.png,0.37413692474365234
/home/marsi/TFM/data/imagefolder/synth/train/melanoma/sdl_000951.png,0.9426716566085815
/home/marsi/TFM/data/imagefolder/synth/train/melanoma/sdl_000953.png,0.8496516942977905
/home/marsi/TFM/data/imagefolder/synth/train/melanoma/sdl_000954.png,0.5358223915100098
/home/marsi/TFM/data/imagefolder/synth/train/melanoma/sdl_000957.png,0.8685020208358765
/home/marsi/TFM/data/imagefolder/synth/train/melanoma/sdl_000958.png,0.9226950407028198
/home/marsi/TFM/data/imagefolder/synth/train/melanoma/sdl_000959.png,0.7202874422073364
/home/marsi/TFM/data/imagefolder/synth/train/melanoma/sdl_000960.png,0.8630370497703552
/home/marsi/TFM/data/imagefolder/synth/train/melanoma/sdl_000961.png,0.7006800174713135
/home/marsi/TFM/data/imagefolder/synth/train/melanoma/sdl_000963.png,0.8263925313949585
/home/marsi/TFM/data/imagefolder/synth/train/melanoma/sdl_000964.png,0.6678335070610046
/home/marsi/TFM/data/imagefolder/synth/train/melanoma/sdl_000965.png,0.6765718460083008
/home/marsi/TFM/data/imagefolder/synth/train/melanoma/sdl_000966.png,0.7822665572166443
/home/marsi/TFM/data/imagefolder/synth/train/melanoma/sdl_000967.png,0.7369504570960999
/home/marsi/TFM/data/imagefolder/synth/train/melanoma/sdl_000968.png,0.9741218090057373
/home/marsi/TFM/data/imagefolder/synth/train/melanoma/sdl_000969.png,0.8859047293663025
/home/marsi/TFM/data/imagefolder/synth/train/melanoma/sdl_000970.png,0.8402071595191956
/home/marsi/TFM/data/imagefolder/synth/train/melanoma/sdl_000971.png,0.8660081028938293
/home/marsi/TFM/data/imagefolder/synth/train/melanoma/sdl_000972.png,0.8207861185073853
/home/marsi/TFM/data/imagefolder/synth/train/melanoma/sdl_000973.png,0.7714571952819824
/home/marsi/TFM/data/imagefolder/synth/train/melanoma/sdl_000974.png,0.40913450717926025
/home/marsi/TFM/data/imagefolder/synth/train/melanoma/sdl_000975.png,0.342670738697052
/home/marsi/TFM/data/imagefolder/synth/train/melanoma/sdl_000976.png,0.647466242313385
/home/marsi/TFM/data/imagefolder/synth/train/melanoma/sdl_000977.png,0.8786328434944153
/home/marsi/TFM/data/imagefolder/synth/train/melanoma/sdl_000978.png,0.5855351090431213
/home/marsi/TFM/data/imagefolder/synth/train/melanoma/sdl_000980.png,0.7941251993179321
/home/marsi/TFM/data/imagefolder/synth/train/melanoma/sdl_000981.png,0.49389857053756714
/home/marsi/TFM/data/imagefolder/synth/train/melanoma/sdl_000983.png,0.918757438659668
/home/marsi/TFM/data/imagefolder/synth/train/melanoma/sdl_000984.png,0.8953726291656494
/home/marsi/TFM/data/imagefolder/synth/train/melanoma/sdl_000985.png,0.47322726249694824
/home/marsi/TFM/data/imagefolder/synth/train/melanoma/sdl_000986.png,0.592850923538208
/home/marsi/TFM/data/imagefolder/synth/train/melanoma/sdl_000987.png,0.7571929693222046
/home/marsi/TFM/data/imagefolder/synth/train/melanoma/sdl_000989.png,0.5686987638473511
/home/marsi/TFM/data/imagefolder/synth/train/melanoma/sdl_000990.png,0.9063660502433777
/home/marsi/TFM/data/imagefolder/synth/train/melanoma/sdl_000991.png,0.5512357950210571
/home/marsi/TFM/data/imagefolder/synth/train/melanoma/sdl_000992.png,0.7352697849273682
/home/marsi/TFM/data/imagefolder/synth/train/melanoma/sdl_000993.png,0.39391767978668213
/home/marsi/TFM/data/imagefolder/synth/train/melanoma/sdl_000994.png,0.6941601634025574
/home/marsi/TFM/data/imagefolder/synth/train/melanoma/sdl_000995.png,0.376352459192276
/home/marsi/TFM/data/imagefolder/synth/train/melanoma/sdl_000996.png,0.7643185257911682
/home/marsi/TFM/data/imagefolder/synth/train/melanoma/sdl_000997.png,0.5356362462043762
/home/marsi/TFM/data/imagefolder/synth/train/melanoma/sdl_000999.png,0.8991335034370422
/home/marsi/TFM/data/imagefolder/synth/train/melanoma/sdl_001000.png,0.7338308095932007
/home/marsi/TFM/data/imagefolder/synth/train/melanoma/sdl_001001.png,0.8794334530830383
/home/marsi/TFM/data/imagefolder/synth/train/melanoma/sdl_001002.png,0.9025534391403198
/home/marsi/TFM/data/imagefolder/synth/train/melanoma/sdl_001003.png,0.3396027386188507
/home/marsi/TFM/data/imagefolder/synth/train/melanoma/sdl_001005.png,0.39701029658317566
/home/marsi/TFM/data/imagefolder/synth/train/melanoma/sdl_001006.png,0.6455837488174438
/home/marsi/TFM/data/imagefolder/synth/train/melanoma/sdl_001007.png,0.8122221827507019
/home/marsi/TFM/data/imagefolder/synth/train/melanoma/sdl_001008.png,0.8750380277633667
/home/marsi/TFM/data/imagefolder/synth/train/melanoma/sdl_001009.png,0.632264256477356
/home/marsi/TFM/data/imagefolder/synth/train/melanoma/sdl_001011.png,0.8932891488075256
/home/marsi/TFM/data/imagefolder/synth/train/melanoma/sdl_001012.png,0.4689182937145233
/home/marsi/TFM/data/imagefolder/synth/train/melanoma/sdl_001013.png,0.7074615359306335
/home/marsi/TFM/data/imagefolder/synth/train/melanoma/sdl_001014.png,0.586928129196167
/home/marsi/TFM/data/imagefolder/synth/train/melanoma/sdl_001015.png,0.6148581504821777
/home/marsi/TFM/data/imagefolder/synth/train/melanoma/sdl_001016.png,0.4432774782180786
/home/marsi/TFM/data/imagefolder/synth/train/melanoma/sdl_001017.png,0.8779892921447754
/home/marsi/TFM/data/imagefolder/synth/train/melanoma/sdl_001019.png,0.8944969177246094
/home/marsi/TFM/data/imagefolder/synth/train/melanoma/sdl_001020.png,0.9784300327301025
/home/marsi/TFM/data/imagefolder/synth/train/melanoma/sdl_001021.png,0.3992440700531006
/home/marsi/TFM/data/imagefolder/synth/train/melanoma/sdl_001022.png,0.5469781756401062
/home/marsi/TFM/data/imagefolder/synth/train/melanoma/sdl_001023.png,0.8189841508865356
/home/marsi/TFM/data/imagefolder/synth/train/melanoma/sdl_001024.png,0.8738314509391785
/home/marsi/TFM/data/imagefolder/synth/train/melanoma/sdl_001025.png,0.49028459191322327
/home/marsi/TFM/data/imagefolder/synth/train/melanoma/sdl_001026.png,0.6854115724563599
/home/marsi/TFM/data/imagefolder/synth/train/melanoma/sdl_001027.png,0.3797436058521271
/home/marsi/TFM/data/imagefolder/synth/train/melanoma/sdl_001028.png,0.8010169267654419
/home/marsi/TFM/data/imagefolder/synth/train/melanoma/sdl_001029.png,0.8661500811576843
/home/marsi/TFM/data/imagefolder/synth/train/melanoma/sdl_001030.png,0.7142224311828613
/home/marsi/TFM/data/imagefolder/synth/train/melanoma/sdl_001031.png,0.8278665542602539
/home/marsi/TFM/data/imagefolder/synth/train/melanoma/sdl_001033.png,0.7835516929626465
/home/marsi/TFM/data/imagefolder/synth/train/melanoma/sdl_001034.png,0.8810420036315918
/home/marsi/TFM/data/imagefolder/synth/train/melanoma/sdl_001035.png,0.992345929145813
/home/marsi/TFM/data/imagefolder/synth/train/melanoma/sdl_001036.png,0.7313973307609558
/home/marsi/TFM/data/imagefolder/synth/train/melanoma/sdl_001038.png,0.8732665181159973
/home/marsi/TFM/data/imagefolder/synth/train/melanoma/sdl_001039.png,0.8886920809745789
/home/marsi/TFM/data/imagefolder/synth/train/melanoma/sdl_001040.png,0.793917179107666
/home/marsi/TFM/data/imagefolder/synth/train/melanoma/sdl_001041.png,0.5667237639427185
/home/marsi/TFM/data/imagefolder/synth/train/melanoma/sdl_001043.png,0.7903614640235901
/home/marsi/TFM/data/imagefolder/synth/train/melanoma/sdl_001044.png,0.6207860708236694
/home/marsi/TFM/data/imagefolder/synth/train/melanoma/sdl_001045.png,0.4997538924217224
/home/marsi/TFM/data/imagefolder/synth/train/melanoma/sdl_001046.png,0.31773480772972107
/home/marsi/TFM/data/imagefolder/synth/train/melanoma/sdl_001047.png,0.6089230179786682
/home/marsi/TFM/data/imagefolder/synth/train/melanoma/sdl_001048.png,0.7545416951179504
/home/marsi/TFM/data/imagefolder/synth/train/melanoma/sdl_001049.png,0.9240655303001404
/home/marsi/TFM/data/imagefolder/synth/train/melanoma/sdl_001050.png,0.5443227291107178
/home/marsi/TFM/data/imagefolder/synth/train/melanoma/sdl_001051.png,0.6117992401123047
/home/marsi/TFM/data/imagefolder/synth/train/melanoma/sdl_001052.png,0.5029259920120239
/home/marsi/TFM/data/imagefolder/synth/train/melanoma/sdl_001053.png,0.7912625074386597
/home/marsi/TFM/data/imagefolder/synth/train/melanoma/sdl_001054.png,0.9739593863487244
/home/marsi/TFM/data/imagefolder/synth/train/melanoma/sdl_001055.png,0.8451749086380005
/home/marsi/TFM/data/imagefolder/synth/train/melanoma/sdl_001056.png,0.4644507169723511
/home/marsi/TFM/data/imagefolder/synth/train/melanoma/sdl_001057.png,0.37366819381713867
/home/marsi/TFM/data/imagefolder/synth/train/melanoma/sdl_001058.png,0.9251644015312195
/home/marsi/TFM/data/imagefolder/synth/train/melanoma/sdl_001059.png,0.7110869288444519
/home/marsi/TFM/data/imagefolder/synth/train/melanoma/sdl_001060.png,0.8636951446533203
/home/marsi/TFM/data/imagefolder/synth/train/melanoma/sdl_001061.png,0.43550512194633484
/home/marsi/TFM/data/imagefolder/synth/train/melanoma/sdl_001062.png,0.3808739483356476
/home/marsi/TFM/data/imagefolder/synth/train/melanoma/sdl_001063.png,0.9408814311027527
/home/marsi/TFM/data/imagefolder/synth/train/melanoma/sdl_001064.png,0.7993452548980713
/home/marsi/TFM/data/imagefolder/synth/train/melanoma/sdl_001065.png,0.8444058299064636
/home/marsi/TFM/data/imagefolder/synth/train/melanoma/sdl_001066.png,0.9926955699920654
/home/marsi/TFM/data/imagefolder/synth/train/melanoma/sdl_001067.png,0.9240261912345886
/home/marsi/TFM/data/imagefolder/synth/train/melanoma/sdl_001068.png,0.5905174612998962
/home/marsi/TFM/data/imagefolder/synth/train/melanoma/sdl_001069.png,0.8880999088287354
/home/marsi/TFM/data/imagefolder/synth/train/melanoma/sdl_001071.png,0.8417710661888123
/home/marsi/TFM/data/imagefolder/synth/train/melanoma/sdl_001072.png,0.31945621967315674
/home/marsi/TFM/data/imagefolder/synth/train/melanoma/sdl_001073.png,0.8858135938644409
/home/marsi/TFM/data/imagefolder/synth/train/melanoma/sdl_001074.png,0.5579007267951965
/home/marsi/TFM/data/imagefolder/synth/train/melanoma/sdl_001075.png,0.8906921148300171
/home/marsi/TFM/data/imagefolder/synth/train/melanoma/sdl_001077.png,0.45353811979293823
/home/marsi/TFM/data/imagefolder/synth/train/melanoma/sdl_001078.png,0.8113995790481567
/home/marsi/TFM/data/imagefolder/synth/train/melanoma/sdl_001079.png,0.6274835467338562
/home/marsi/TFM/data/imagefolder/synth/train/melanoma/sdl_001080.png,0.36076605319976807
/home/marsi/TFM/data/imagefolder/synth/train/melanoma/sdl_001081.png,0.8005639314651489
/home/marsi/TFM/data/imagefolder/synth/train/melanoma/sdl_001082.png,0.6775421500205994
/home/marsi/TFM/data/imagefolder/synth/train/melanoma/sdl_001083.png,0.38254112005233765
/home/marsi/TFM/data/imagefolder/synth/train/melanoma/sdl_001084.png,0.9345183968544006
/home/marsi/TFM/data/imagefolder/synth/train/melanoma/sdl_001085.png,0.6013686060905457
/home/marsi/TFM/data/imagefolder/synth/train/melanoma/sdl_001086.png,0.9696180820465088
/home/marsi/TFM/data/imagefolder/synth/train/melanoma/sdl_001087.png,0.7289761304855347
/home/marsi/TFM/data/imagefolder/synth/train/melanoma/sdl_001088.png,0.8303951025009155
/home/marsi/TFM/data/imagefolder/synth/train/melanoma/sdl_001090.png,0.923261821269989
/home/marsi/TFM/data/imagefolder/synth/train/melanoma/sdl_001091.png,0.3770732879638672
/home/marsi/TFM/data/imagefolder/synth/train/melanoma/sdl_001092.png,0.846871554851532
/home/marsi/TFM/data/imagefolder/synth/train/melanoma/sdl_001094.png,0.6175513863563538
/home/marsi/TFM/data/imagefolder/synth/train/melanoma/sdl_001095.png,0.7759340405464172
/home/marsi/TFM/data/imagefolder/synth/train/melanoma/sdl_001096.png,0.5618836879730225
/home/marsi/TFM/data/imagefolder/synth/train/melanoma/sdl_001097.png,0.6083230376243591
/home/marsi/TFM/data/imagefolder/synth/train/melanoma/sdl_001099.png,0.8547955751419067
/home/marsi/TFM/data/imagefolder/synth/train/melanoma/sdl_001100.png,0.4800706207752228
/home/marsi/TFM/data/imagefolder/synth/train/melanoma/sdl_001101.png,0.4847998321056366
/home/marsi/TFM/data/imagefolder/synth/train/melanoma/sdl_001102.png,0.9347320795059204
/home/marsi/TFM/data/imagefolder/synth/train/melanoma/sdl_001103.png,0.5634570717811584
/home/marsi/TFM/data/imagefolder/synth/train/melanoma/sdl_001104.png,0.9111818671226501
/home/marsi/TFM/data/imagefolder/synth/train/melanoma/sdl_001106.png,0.6431028842926025
/home/marsi/TFM/data/imagefolder/synth/train/melanoma/sdl_001107.png,0.4189019799232483
/home/marsi/TFM/data/imagefolder/synth/train/melanoma/sdl_001109.png,0.9170436263084412
/home/marsi/TFM/data/imagefolder/synth/train/melanoma/sdl_001111.png,0.6788498759269714
/home/marsi/TFM/data/imagefolder/synth/train/melanoma/sdl_001112.png,0.5800051689147949
/home/marsi/TFM/data/imagefolder/synth/train/melanoma/sdl_001113.png,0.8874577283859253
/home/marsi/TFM/data/imagefolder/synth/train/melanoma/sdl_001115.png,0.9358752369880676
/home/marsi/TFM/data/imagefolder/synth/train/melanoma/sdl_001116.png,0.787406325340271
/home/marsi/TFM/data/imagefolder/synth/train/melanoma/sdl_001117.png,0.41362398862838745
/home/marsi/TFM/data/imagefolder/synth/train/melanoma/sdl_001118.png,0.40411293506622314
/home/marsi/TFM/data/imagefolder/synth/train/melanoma/sdl_001119.png,0.4591025114059448
/home/marsi/TFM/data/imagefolder/synth/train/melanoma/sdl_001120.png,0.8519250750541687
/home/marsi/TFM/data/imagefolder/synth/train/melanoma/sdl_001121.png,0.5151188969612122
/home/marsi/TFM/data/imagefolder/synth/train/melanoma/sdl_001122.png,0.5796676874160767
/home/marsi/TFM/data/imagefolder/synth/train/melanoma/sdl_001123.png,0.7098354697227478
/home/marsi/TFM/data/imagefolder/synth/train/melanoma/sdl_001124.png,0.30379512906074524
/home/marsi/TFM/data/imagefolder/synth/train/melanoma/sdl_001125.png,0.9282945394515991
/home/marsi/TFM/data/imagefolder/synth/train/melanoma/sdl_001126.png,0.8094089031219482
/home/marsi/TFM/data/imagefolder/synth/train/melanoma/sdl_001128.png,0.9322616457939148
/home/marsi/TFM/data/imagefolder/synth/train/melanoma/sdl_001129.png,0.9753561615943909
/home/marsi/TFM/data/imagefolder/synth/train/melanoma/sdl_001131.png,0.35314512252807617
/home/marsi/TFM/data/imagefolder/synth/train/melanoma/sdl_001132.png,0.5375291109085083
/home/marsi/TFM/data/imagefolder/synth/train/melanoma/sdl_001133.png,0.9741845726966858
/home/marsi/TFM/data/imagefolder/synth/train/melanoma/sdl_001134.png,0.8136850595474243
/home/marsi/TFM/data/imagefolder/synth/train/melanoma/sdl_001135.png,0.9001249074935913
/home/marsi/TFM/data/imagefolder/synth/train/melanoma/sdl_001136.png,0.5647807121276855
/home/marsi/TFM/data/imagefolder/synth/train/melanoma/sdl_001137.png,0.6911129951477051
/home/marsi/TFM/data/imagefolder/synth/train/melanoma/sdl_001138.png,0.7368625402450562
/home/marsi/TFM/data/imagefolder/synth/train/melanoma/sdl_001139.png,0.47827035188674927
/home/marsi/TFM/data/imagefolder/synth/train/melanoma/sdl_001140.png,0.8423875570297241
/home/marsi/TFM/data/imagefolder/synth/train/melanoma/sdl_001141.png,0.9076421856880188
/home/marsi/TFM/data/imagefolder/synth/train/melanoma/sdl_001142.png,0.6580381393432617
/home/marsi/TFM/data/imagefolder/synth/train/melanoma/sdl_001143.png,0.926339864730835
/home/marsi/TFM/data/imagefolder/synth/train/melanoma/sdl_001144.png,0.5781930685043335
/home/marsi/TFM/data/imagefolder/synth/train/melanoma/sdl_001145.png,0.8672649264335632
/home/marsi/TFM/data/imagefolder/synth/train/melanoma/sdl_001147.png,0.476232647895813
/home/marsi/TFM/data/imagefolder/synth/train/melanoma/sdl_001148.png,0.5052788257598877
/home/marsi/TFM/data/imagefolder/synth/train/melanoma/sdl_001149.png,0.5507117509841919
/home/marsi/TFM/data/imagefolder/synth/train/melanoma/sdl_001150.png,0.8169834017753601
/home/marsi/TFM/data/imagefolder/synth/train/melanoma/sdl_001151.png,0.6662349700927734
/home/marsi/TFM/data/imagefolder/synth/train/melanoma/sdl_001152.png,0.5358124375343323
/home/marsi/TFM/data/imagefolder/synth/train/melanoma/sdl_001153.png,0.4403029978275299
/home/marsi/TFM/data/imagefolder/synth/train/melanoma/sdl_001154.png,0.7036831974983215
/home/marsi/TFM/data/imagefolder/synth/train/melanoma/sdl_001155.png,0.3239176869392395
/home/marsi/TFM/data/imagefolder/synth/train/melanoma/sdl_001156.png,0.8608425855636597
/home/marsi/TFM/data/imagefolder/synth/train/melanoma/sdl_001157.png,0.5858537554740906
/home/marsi/TFM/data/imagefolder/synth/train/melanoma/sdl_001158.png,0.8044859766960144
/home/marsi/TFM/data/imagefolder/synth/train/melanoma/sdl_001159.png,0.6194594502449036
/home/marsi/TFM/data/imagefolder/synth/train/melanoma/sdl_001160.png,0.953740119934082
/home/marsi/TFM/data/imagefolder/synth/train/melanoma/sdl_001161.png,0.9244311451911926
/home/marsi/TFM/data/imagefolder/synth/train/melanoma/sdl_001162.png,0.7113069891929626
/home/marsi/TFM/data/imagefolder/synth/train/melanoma/sdl_001163.png,0.7641767263412476
/home/marsi/TFM/data/imagefolder/synth/train/melanoma/sdl_001164.png,0.6383706331253052
/home/marsi/TFM/data/imagefolder/synth/train/melanoma/sdl_001165.png,0.5980125665664673
/home/marsi/TFM/data/imagefolder/synth/train/melanoma/sdl_001167.png,0.7804993987083435
/home/marsi/TFM/data/imagefolder/synth/train/melanoma/sdl_001168.png,0.7565135955810547
/home/marsi/TFM/data/imagefolder/synth/train/melanoma/sdl_001169.png,0.7907215356826782
/home/marsi/TFM/data/imagefolder/synth/train/melanoma/sdl_001170.png,0.5618501901626587
/home/marsi/TFM/data/imagefolder/synth/train/melanoma/sdl_001171.png,0.8972380757331848
/home/marsi/TFM/data/imagefolder/synth/train/melanoma/sdl_001172.png,0.8899101614952087
/home/marsi/TFM/data/imagefolder/synth/train/melanoma/sdl_001174.png,0.8502758145332336
/home/marsi/TFM/data/imagefolder/synth/train/melanoma/sdl_001175.png,0.7884466648101807
/home/marsi/TFM/data/imagefolder/synth/train/melanoma/sdl_001176.png,0.8314884305000305
/home/marsi/TFM/data/imagefolder/synth/train/melanoma/sdl_001177.png,0.9162694215774536
/home/marsi/TFM/data/imagefolder/synth/train/melanoma/sdl_001178.png,0.7785558104515076
/home/marsi/TFM/data/imagefolder/synth/train/melanoma/sdl_001179.png,0.6726202368736267
/home/marsi/TFM/data/imagefolder/synth/train/melanoma/sdl_001180.png,0.5308350920677185
/home/marsi/TFM/data/imagefolder/synth/train/melanoma/sdl_001181.png,0.4105626344680786
/home/marsi/TFM/data/imagefolder/synth/train/melanoma/sdl_001182.png,0.8684921860694885
/home/marsi/TFM/data/imagefolder/synth/train/melanoma/sdl_001183.png,0.5694806575775146
/home/marsi/TFM/data/imagefolder/synth/train/melanoma/sdl_001184.png,0.48052167892456055
/home/marsi/TFM/data/imagefolder/synth/train/melanoma/sdl_001185.png,0.8183125853538513
/home/marsi/TFM/data/imagefolder/synth/train/melanoma/sdl_001186.png,0.8653498291969299
/home/marsi/TFM/data/imagefolder/synth/train/melanoma/sdl_001187.png,0.7560000419616699
/home/marsi/TFM/data/imagefolder/synth/train/melanoma/sdl_001188.png,0.4957968592643738
/home/marsi/TFM/data/imagefolder/synth/train/melanoma/sdl_001189.png,0.32793405652046204
/home/marsi/TFM/data/imagefolder/synth/train/melanoma/sdl_001190.png,0.49979063868522644
/home/marsi/TFM/data/imagefolder/synth/train/melanoma/sdl_001191.png,0.6581811308860779
/home/marsi/TFM/data/imagefolder/synth/train/melanoma/sdl_001192.png,0.7969005107879639
/home/marsi/TFM/data/imagefolder/synth/train/melanoma/sdl_001193.png,0.5580027103424072
/home/marsi/TFM/data/imagefolder/synth/train/melanoma/sdl_001194.png,0.8519784808158875
/home/marsi/TFM/data/imagefolder/synth/train/melanoma/sdl_001195.png,0.6587117910385132
/home/marsi/TFM/data/imagefolder/synth/train/melanoma/sdl_001196.png,0.38324815034866333
/home/marsi/TFM/data/imagefolder/synth/train/melanoma/sdl_001197.png,0.5045111775398254
/home/marsi/TFM/data/imagefolder/synth/train/melanoma/sdl_001198.png,0.6779438853263855
/home/marsi/TFM/data/imagefolder/synth/train/melanoma/sdl_001199.png,0.3814322352409363
/home/marsi/TFM/data/imagefolder/synth/train/melanoma/sdl_001200.png,0.3826994001865387
/home/marsi/TFM/data/imagefolder/synth/train/melanoma/sdl_001201.png,0.7612408995628357
/home/marsi/TFM/data/imagefolder/synth/train/melanoma/sdl_001202.png,0.9068717360496521
/home/marsi/TFM/data/imagefolder/synth/train/melanoma/sdl_001203.png,0.9096925258636475
/home/marsi/TFM/data/imagefolder/synth/train/melanoma/sdl_001204.png,0.43452519178390503
/home/marsi/TFM/data/imagefolder/synth/train/melanoma/sdl_001205.png,0.7951737642288208
/home/marsi/TFM/data/imagefolder/synth/train/melanoma/sdl_001206.png,0.6699727177619934
/home/marsi/TFM/data/imagefolder/synth/train/melanoma/sdl_001208.png,0.3718741834163666
/home/marsi/TFM/data/imagefolder/synth/train/melanoma/sdl_001209.png,0.7670373916625977
/home/marsi/TFM/data/imagefolder/synth/train/melanoma/sdl_001210.png,0.838779628276825
/home/marsi/TFM/data/imagefolder/synth/train/melanoma/sdl_001211.png,0.9606472253799438
/home/marsi/TFM/data/imagefolder/synth/train/melanoma/sdl_001212.png,0.7020248770713806
/home/marsi/TFM/data/imagefolder/synth/train/melanoma/sdl_001213.png,0.8453364372253418
/home/marsi/TFM/data/imagefolder/synth/train/melanoma/sdl_001214.png,0.5561267137527466
/home/marsi/TFM/data/imagefolder/synth/train/melanoma/sdl_001216.png,0.6112604737281799
/home/marsi/TFM/data/imagefolder/synth/train/melanoma/sdl_001217.png,0.9963494539260864
/home/marsi/TFM/data/imagefolder/synth/train/melanoma/sdl_001218.png,0.6230680346488953
/home/marsi/TFM/data/imagefolder/synth/train/melanoma/sdl_001219.png,0.662955105304718
/home/marsi/TFM/data/imagefolder/synth/train/melanoma/sdl_001220.png,0.7072120308876038
/home/marsi/TFM/data/imagefolder/synth/train/melanoma/sdl_001221.png,0.7128908634185791
/home/marsi/TFM/data/imagefolder/synth/train/melanoma/sdl_001224.png,0.7859070301055908
/home/marsi/TFM/data/imagefolder/synth/train/melanoma/sdl_001226.png,0.9307175874710083
/home/marsi/TFM/data/imagefolder/synth/train/melanoma/sdl_001227.png,0.7202258110046387
/home/marsi/TFM/data/imagefolder/synth/train/melanoma/sdl_001229.png,0.899872899055481
/home/marsi/TFM/data/imagefolder/synth/train/melanoma/sdl_001230.png,0.9178203344345093
/home/marsi/TFM/data/imagefolder/synth/train/melanoma/sdl_001231.png,0.8477683663368225
/home/marsi/TFM/data/imagefolder/synth/train/melanoma/sdl_001232.png,0.5548989176750183
/home/marsi/TFM/data/imagefolder/synth/train/melanoma/sdl_001233.png,0.7144543528556824
/home/marsi/TFM/data/imagefolder/synth/train/melanoma/sdl_001234.png,0.8680351376533508
/home/marsi/TFM/data/imagefolder/synth/train/melanoma/sdl_001235.png,0.6222668886184692
/home/marsi/TFM/data/imagefolder/synth/train/melanoma/sdl_001236.png,0.8142809271812439
/home/marsi/TFM/data/imagefolder/synth/train/melanoma/sdl_001237.png,0.6826540231704712
/home/marsi/TFM/data/imagefolder/synth/train/melanoma/sdl_001238.png,0.7160207629203796
/home/marsi/TFM/data/imagefolder/synth/train/melanoma/sdl_001239.png,0.6368135809898376
/home/marsi/TFM/data/imagefolder/synth/train/melanoma/sdl_001240.png,0.8511024713516235
/home/marsi/TFM/data/imagefolder/synth/train/melanoma/sdl_001241.png,0.5620079636573792
/home/marsi/TFM/data/imagefolder/synth/train/melanoma/sdl_001242.png,0.7794368267059326
/home/marsi/TFM/data/imagefolder/synth/train/melanoma/sdl_001244.png,0.5886936783790588
/home/marsi/TFM/data/imagefolder/synth/train/melanoma/sdl_001245.png,0.8829164505004883
/home/marsi/TFM/data/imagefolder/synth/train/melanoma/sdl_001246.png,0.5914280414581299
/home/marsi/TFM/data/imagefolder/synth/train/melanoma/sdl_001247.png,0.782575249671936
/home/marsi/TFM/data/imagefolder/synth/train/melanoma/sdl_001249.png,0.9469897150993347
/home/marsi/TFM/data/imagefolder/synth/train/melanoma/sdl_001250.png,0.6300292611122131
/home/marsi/TFM/data/imagefolder/synth/train/melanoma/sdl_001251.png,0.7146939635276794
/home/marsi/TFM/data/imagefolder/synth/train/melanoma/sdl_001252.png,0.8890272974967957
/home/marsi/TFM/data/imagefolder/synth/train/melanoma/sdl_001253.png,0.6034042835235596
/home/marsi/TFM/data/imagefolder/synth/train/melanoma/sdl_001254.png,0.8385124802589417
/home/marsi/TFM/data/imagefolder/synth/train/melanoma/sdl_001255.png,0.4588467478752136
/home/marsi/TFM/data/imagefolder/synth/train/melanoma/sdl_001256.png,0.900032103061676
/home/marsi/TFM/data/imagefolder/synth/train/melanoma/sdl_001257.png,0.45294952392578125
/home/marsi/TFM/data/imagefolder/synth/train/melanoma/sdl_001258.png,0.9252672791481018
/home/marsi/TFM/data/imagefolder/synth/train/melanoma/sdl_001259.png,0.5554327368736267
/home/marsi/TFM/data/imagefolder/synth/train/melanoma/sdl_001261.png,0.9014947414398193
/home/marsi/TFM/data/imagefolder/synth/train/melanoma/sdl_001263.png,0.4065563380718231
/home/marsi/TFM/data/imagefolder/synth/train/melanoma/sdl_001264.png,0.5103613138198853
/home/marsi/TFM/data/imagefolder/synth/train/melanoma/sdl_001265.png,0.6260946393013
/home/marsi/TFM/data/imagefolder/synth/train/melanoma/sdl_001266.png,0.9521878957748413
/home/marsi/TFM/data/imagefolder/synth/train/melanoma/sdl_001267.png,0.9141826629638672
/home/marsi/TFM/data/imagefolder/synth/train/melanoma/sdl_001268.png,0.9926906228065491
/home/marsi/TFM/data/imagefolder/synth/train/melanoma/sdl_001269.png,0.401213675737381
/home/marsi/TFM/data/imagefolder/synth/train/melanoma/sdl_001270.png,0.5377061367034912
/home/marsi/TFM/data/imagefolder/synth/train/melanoma/sdl_001271.png,0.8954010009765625
/home/marsi/TFM/data/imagefolder/synth/train/melanoma/sdl_001272.png,0.7422933578491211
/home/marsi/TFM/data/imagefolder/synth/train/melanoma/sdl_001273.png,0.43060511350631714
/home/marsi/TFM/data/imagefolder/synth/train/melanoma/sdl_001274.png,0.49390220642089844
/home/marsi/TFM/data/imagefolder/synth/train/melanoma/sdl_001275.png,0.7945625185966492
/home/marsi/TFM/data/imagefolder/synth/train/melanoma/sdl_001276.png,0.5846009850502014
/home/marsi/TFM/data/imagefolder/synth/train/melanoma/sdl_001277.png,0.462711364030838
/home/marsi/TFM/data/imagefolder/synth/train/melanoma/sdl_001278.png,0.6086953282356262
/home/marsi/TFM/data/imagefolder/synth/train/melanoma/sdl_001279.png,0.7094132304191589
/home/marsi/TFM/data/imagefolder/synth/train/melanoma/sdl_001280.png,0.505134642124176
/home/marsi/TFM/data/imagefolder/synth/train/melanoma/sdl_001281.png,0.9196836948394775
/home/marsi/TFM/data/imagefolder/synth/train/melanoma/sdl_001282.png,0.6929525136947632
/home/marsi/TFM/data/imagefolder/synth/train/melanoma/sdl_001283.png,0.8386462926864624
/home/marsi/TFM/data/imagefolder/synth/train/melanoma/sdl_001284.png,0.8853896260261536
/home/marsi/TFM/data/imagefolder/synth/train/melanoma/sdl_001285.png,0.646744966506958
/home/marsi/TFM/data/imagefolder/synth/train/melanoma/sdl_001286.png,0.5920886397361755
/home/marsi/TFM/data/imagefolder/synth/train/melanoma/sdl_001288.png,0.9735789895057678
/home/marsi/TFM/data/imagefolder/synth/train/melanoma/sdl_001289.png,0.9694421291351318
/home/marsi/TFM/data/imagefolder/synth/train/melanoma/sdl_001290.png,0.4770675301551819
/home/marsi/TFM/data/imagefolder/synth/train/melanoma/sdl_001291.png,0.6267855167388916
/home/marsi/TFM/data/imagefolder/synth/train/melanoma/sdl_001292.png,0.6190369725227356
/home/marsi/TFM/data/imagefolder/synth/train/melanoma/sdl_001293.png,0.5017082095146179
/home/marsi/TFM/data/imagefolder/synth/train/melanoma/sdl_001294.png,0.8569025993347168
/home/marsi/TFM/data/imagefolder/synth/train/melanoma/sdl_001295.png,0.475617378950119
/home/marsi/TFM/data/imagefolder/synth/train/melanoma/sdl_001297.png,0.5387566685676575
/home/marsi/TFM/data/imagefolder/synth/train/melanoma/sdl_001299.png,0.8699739575386047
/home/marsi/TFM/data/imagefolder/synth/train/melanoma/sdl_001300.png,0.4043983817100525
/home/marsi/TFM/data/imagefolder/synth/train/melanoma/sdl_001301.png,0.7810853719711304
/home/marsi/TFM/data/imagefolder/synth/train/melanoma/sdl_001302.png,0.6033651232719421
/home/marsi/TFM/data/imagefolder/synth/train/melanoma/sdl_001304.png,0.570786714553833
/home/marsi/TFM/data/imagefolder/synth/train/melanoma/sdl_001305.png,0.656231164932251
/home/marsi/TFM/data/imagefolder/synth/train/melanoma/sdl_001306.png,0.6480613946914673
/home/marsi/TFM/data/imagefolder/synth/train/melanoma/sdl_001307.png,0.38470765948295593
/home/marsi/TFM/data/imagefolder/synth/train/melanoma/sdl_001308.png,0.4146849513053894
/home/marsi/TFM/data/imagefolder/synth/train/melanoma/sdl_001310.png,0.4865231215953827
/home/marsi/TFM/data/imagefolder/synth/train/melanoma/sdl_001313.png,0.7323924899101257
/home/marsi/TFM/data/imagefolder/synth/train/melanoma/sdl_001314.png,0.5732276439666748
/home/marsi/TFM/data/imagefolder/synth/train/melanoma/sdl_001315.png,0.8825430870056152
/home/marsi/TFM/data/imagefolder/synth/train/melanoma/sdl_001316.png,0.5111810564994812
/home/marsi/TFM/data/imagefolder/synth/train/melanoma/sdl_001317.png,0.49090880155563354
/home/marsi/TFM/data/imagefolder/synth/train/melanoma/sdl_001318.png,0.749488890171051
/home/marsi/TFM/data/imagefolder/synth/train/melanoma/sdl_001320.png,0.8357701897621155
/home/marsi/TFM/data/imagefolder/synth/train/melanoma/sdl_001321.png,0.6653849482536316
/home/marsi/TFM/data/imagefolder/synth/train/melanoma/sdl_001322.png,0.8086645603179932
/home/marsi/TFM/data/imagefolder/synth/train/melanoma/sdl_001325.png,0.8171183466911316
/home/marsi/TFM/data/imagefolder/synth/train/melanoma/sdl_001327.png,0.8126731514930725
/home/marsi/TFM/data/imagefolder/synth/train/melanoma/sdl_001328.png,0.729577898979187
/home/marsi/TFM/data/imagefolder/synth/train/melanoma/sdl_001329.png,0.7005777955055237
/home/marsi/TFM/data/imagefolder/synth/train/melanoma/sdl_001330.png,0.32770127058029175
/home/marsi/TFM/data/imagefolder/synth/train/melanoma/sdl_001331.png,0.6074475049972534
/home/marsi/TFM/data/imagefolder/synth/train/melanoma/sdl_001334.png,0.6214643716812134
/home/marsi/TFM/data/imagefolder/synth/train/melanoma/sdl_001335.png,0.7086095213890076
/home/marsi/TFM/data/imagefolder/synth/train/melanoma/sdl_001338.png,0.6281329989433289
/home/marsi/TFM/data/imagefolder/synth/train/melanoma/sdl_001339.png,0.6505954265594482
/home/marsi/TFM/data/imagefolder/synth/train/melanoma/sdl_001340.png,0.6476438045501709
/home/marsi/TFM/data/imagefolder/synth/train/melanoma/sdl_001341.png,0.5011985301971436
/home/marsi/TFM/data/imagefolder/synth/train/melanoma/sdl_001342.png,0.8857427835464478
/home/marsi/TFM/data/imagefolder/synth/train/melanoma/sdl_001343.png,0.6923379898071289
/home/marsi/TFM/data/imagefolder/synth/train/melanoma/sdl_001344.png,0.8898614048957825
/home/marsi/TFM/data/imagefolder/synth/train/melanoma/sdl_001345.png,0.6214026808738708
/home/marsi/TFM/data/imagefolder/synth/train/melanoma/sdl_001346.png,0.3431726098060608
/home/marsi/TFM/data/imagefolder/synth/train/melanoma/sdl_001347.png,0.7239643335342407
/home/marsi/TFM/data/imagefolder/synth/train/melanoma/sdl_001348.png,0.9642071723937988
/home/marsi/TFM/data/imagefolder/synth/train/melanoma/sdl_001349.png,0.8914832472801208
/home/marsi/TFM/data/imagefolder/synth/train/melanoma/sdl_001350.png,0.7351638674736023
/home/marsi/TFM/data/imagefolder/synth/train/melanoma/sdl_001351.png,0.867252767086029
/home/marsi/TFM/data/imagefolder/synth/train/melanoma/sdl_001353.png,0.9419586658477783
/home/marsi/TFM/data/imagefolder/synth/train/melanoma/sdl_001354.png,0.6855098009109497
/home/marsi/TFM/data/imagefolder/synth/train/melanoma/sdl_001355.png,0.3775937557220459
/home/marsi/TFM/data/imagefolder/synth/train/melanoma/sdl_001356.png,0.9198037981987
/home/marsi/TFM/data/imagefolder/synth/train/melanoma/sdl_001358.png,0.5942245125770569
/home/marsi/TFM/data/imagefolder/synth/train/melanoma/sdl_001359.png,0.7686767578125
/home/marsi/TFM/data/imagefolder/synth/train/melanoma/sdl_001360.png,0.7144728899002075
/home/marsi/TFM/data/imagefolder/synth/train/melanoma/sdl_001361.png,0.4070430099964142
/home/marsi/TFM/data/imagefolder/synth/train/melanoma/sdl_001362.png,0.3751199245452881
/home/marsi/TFM/data/imagefolder/synth/train/melanoma/sdl_001363.png,0.6081613302230835
/home/marsi/TFM/data/imagefolder/synth/train/melanoma/sdl_001364.png,0.6488915681838989
/home/marsi/TFM/data/imagefolder/synth/train/melanoma/sdl_001365.png,0.45266103744506836
/home/marsi/TFM/data/imagefolder/synth/train/melanoma/sdl_001366.png,0.4696560800075531
/home/marsi/TFM/data/imagefolder/synth/train/melanoma/sdl_001367.png,0.8770312070846558
/home/marsi/TFM/data/imagefolder/synth/train/melanoma/sdl_001368.png,0.37660855054855347
/home/marsi/TFM/data/imagefolder/synth/train/melanoma/sdl_001369.png,0.47625771164894104
/home/marsi/TFM/data/imagefolder/synth/train/melanoma/sdl_001370.png,0.3084137439727783
/home/marsi/TFM/data/imagefolder/synth/train/melanoma/sdl_001371.png,0.5213212966918945
/home/marsi/TFM/data/imagefolder/synth/train/melanoma/sdl_001372.png,0.4879695177078247
/home/marsi/TFM/data/imagefolder/synth/train/melanoma/sdl_001373.png,0.6435742378234863
/home/marsi/TFM/data/imagefolder/synth/train/melanoma/sdl_001374.png,0.5021926164627075
/home/marsi/TFM/data/imagefolder/synth/train/melanoma/sdl_001375.png,0.6120156645774841
/home/marsi/TFM/data/imagefolder/synth/train/melanoma/sdl_001376.png,0.8154675364494324
/home/marsi/TFM/data/imagefolder/synth/train/melanoma/sdl_001377.png,0.40219900012016296
/home/marsi/TFM/data/imagefolder/synth/train/melanoma/sdl_001378.png,0.9820361733436584
/home/marsi/TFM/data/imagefolder/synth/train/melanoma/sdl_001379.png,0.9163056015968323
/home/marsi/TFM/data/imagefolder/synth/train/melanoma/sdl_001381.png,0.6209057569503784
/home/marsi/TFM/data/imagefolder/synth/train/melanoma/sdl_001382.png,0.3421512544155121
/home/marsi/TFM/data/imagefolder/synth/train/melanoma/sdl_001383.png,0.9413030743598938
/home/marsi/TFM/data/imagefolder/synth/train/melanoma/sdl_001384.png,0.8981887698173523
/home/marsi/TFM/data/imagefolder/synth/train/melanoma/sdl_001385.png,0.7151198983192444
/home/marsi/TFM/data/imagefolder/synth/train/melanoma/sdl_001386.png,0.8820352554321289
/home/marsi/TFM/data/imagefolder/synth/train/melanoma/sdl_001387.png,0.5351900458335876
/home/marsi/TFM/data/imagefolder/synth/train/melanoma/sdl_001388.png,0.594056248664856
/home/marsi/TFM/data/imagefolder/synth/train/melanoma/sdl_001390.png,0.8315487504005432
/home/marsi/TFM/data/imagefolder/synth/train/melanoma/sdl_001391.png,0.5024145841598511
/home/marsi/TFM/data/imagefolder/synth/train/melanoma/sdl_001392.png,0.9782172441482544
/home/marsi/TFM/data/imagefolder/synth/train/melanoma/sdl_001393.png,0.7026798129081726
/home/marsi/TFM/data/imagefolder/synth/train/melanoma/sdl_001395.png,0.8483774065971375
/home/marsi/TFM/data/imagefolder/synth/train/melanoma/sdl_001396.png,0.6553990244865417
/home/marsi/TFM/data/imagefolder/synth/train/melanoma/sdl_001397.png,0.7425541877746582
/home/marsi/TFM/data/imagefolder/synth/train/melanoma/sdl_001398.png,0.9506915211677551
/home/marsi/TFM/data/imagefolder/synth/train/melanoma/sdl_001399.png,0.5930507779121399
/home/marsi/TFM/data/imagefolder/synth/train/melanoma/sdl_001400.png,0.904686689376831
/home/marsi/TFM/data/imagefolder/synth/train/melanoma/sdl_001401.png,0.8286563754081726
/home/marsi/TFM/data/imagefolder/synth/train/melanoma/sdl_001402.png,0.7782970070838928
/home/marsi/TFM/data/imagefolder/synth/train/melanoma/sdl_001403.png,0.9625369906425476
/home/marsi/TFM/data/imagefolder/synth/train/melanoma/sdl_001404.png,0.34573981165885925
/home/marsi/TFM/data/imagefolder/synth/train/melanoma/sdl_001405.png,0.5732956528663635
/home/marsi/TFM/data/imagefolder/synth/train/melanoma/sdl_001406.png,0.7653575539588928
/home/marsi/TFM/data/imagefolder/synth/train/melanoma/sdl_001408.png,0.5713419914245605
/home/marsi/TFM/data/imagefolder/synth/train/melanoma/sdl_001409.png,0.7987319231033325
/home/marsi/TFM/data/imagefolder/synth/train/melanoma/sdl_001412.png,0.6154299378395081
/home/marsi/TFM/data/imagefolder/synth/train/melanoma/sdl_001414.png,0.42011189460754395
/home/marsi/TFM/data/imagefolder/synth/train/melanoma/sdl_001415.png,0.8230229616165161
/home/marsi/TFM/data/imagefolder/synth/train/melanoma/sdl_001417.png,0.9725672006607056
/home/marsi/TFM/data/imagefolder/synth/train/melanoma/sdl_001418.png,0.5425026416778564
/home/marsi/TFM/data/imagefolder/synth/train/melanoma/sdl_001419.png,0.6802319288253784
/home/marsi/TFM/data/imagefolder/synth/train/melanoma/sdl_001421.png,0.707001268863678
/home/marsi/TFM/data/imagefolder/synth/train/melanoma/sdl_001422.png,0.6942129135131836
/home/marsi/TFM/data/imagefolder/synth/train/melanoma/sdl_001423.png,0.5939479470252991
/home/marsi/TFM/data/imagefolder/synth/train/melanoma/sdl_001424.png,0.427820086479187
/home/marsi/TFM/data/imagefolder/synth/train/melanoma/sdl_001425.png,0.7487198710441589
/home/marsi/TFM/data/imagefolder/synth/train/melanoma/sdl_001426.png,0.7374939918518066
/home/marsi/TFM/data/imagefolder/synth/train/melanoma/sdl_001427.png,0.7670417428016663
/home/marsi/TFM/data/imagefolder/synth/train/melanoma/sdl_001428.png,0.4997624158859253
/home/marsi/TFM/data/imagefolder/synth/train/melanoma/sdl_001429.png,0.37001287937164307
/home/marsi/TFM/data/imagefolder/synth/train/melanoma/sdl_001430.png,0.8186876177787781
/home/marsi/TFM/data/imagefolder/synth/train/melanoma/sdl_001431.png,0.6511932611465454
/home/marsi/TFM/data/imagefolder/synth/train/melanoma/sdl_001432.png,0.6359082460403442
/home/marsi/TFM/data/imagefolder/synth/train/melanoma/sdl_001433.png,0.552643895149231
/home/marsi/TFM/data/imagefolder/synth/train/melanoma/sdl_001434.png,0.8460670709609985
/home/marsi/TFM/data/imagefolder/synth/train/melanoma/sdl_001435.png,0.5180985927581787
/home/marsi/TFM/data/imagefolder/synth/train/melanoma/sdl_001436.png,0.3491678833961487
/home/marsi/TFM/data/imagefolder/synth/train/melanoma/sdl_001437.png,0.8010323643684387
/home/marsi/TFM/data/imagefolder/synth/train/melanoma/sdl_001438.png,0.7656826972961426
/home/marsi/TFM/data/imagefolder/synth/train/melanoma/sdl_001439.png,0.9497956037521362
/home/marsi/TFM/data/imagefolder/synth/train/melanoma/sdl_001440.png,0.6676536202430725
/home/marsi/TFM/data/imagefolder/synth/train/melanoma/sdl_001441.png,0.6069429516792297
/home/marsi/TFM/data/imagefolder/synth/train/melanoma/sdl_001442.png,0.4888156056404114
/home/marsi/TFM/data/imagefolder/synth/train/melanoma/sdl_001443.png,0.7946438193321228
/home/marsi/TFM/data/imagefolder/synth/train/melanoma/sdl_001444.png,0.5477356910705566
/home/marsi/TFM/data/imagefolder/synth/train/melanoma/sdl_001445.png,0.6467939019203186
/home/marsi/TFM/data/imagefolder/synth/train/melanoma/sdl_001447.png,0.45690521597862244
/home/marsi/TFM/data/imagefolder/synth/train/melanoma/sdl_001448.png,0.6088094711303711
/home/marsi/TFM/data/imagefolder/synth/train/melanoma/sdl_001449.png,0.539194643497467
/home/marsi/TFM/data/imagefolder/synth/train/melanoma/sdl_001450.png,0.8771703243255615
/home/marsi/TFM/data/imagefolder/synth/train/melanoma/sdl_001451.png,0.797261655330658
/home/marsi/TFM/data/imagefolder/synth/train/melanoma/sdl_001453.png,0.5492843985557556
/home/marsi/TFM/data/imagefolder/synth/train/melanoma/sdl_001454.png,0.9383358359336853
/home/marsi/TFM/data/imagefolder/synth/train/melanoma/sdl_001455.png,0.5867206454277039
/home/marsi/TFM/data/imagefolder/synth/train/melanoma/sdl_001456.png,0.5130712389945984
/home/marsi/TFM/data/imagefolder/synth/train/melanoma/sdl_001457.png,0.8266271948814392
/home/marsi/TFM/data/imagefolder/synth/train/melanoma/sdl_001458.png,0.6432104706764221
/home/marsi/TFM/data/imagefolder/synth/train/melanoma/sdl_001459.png,0.7362464666366577
/home/marsi/TFM/data/imagefolder/synth/train/melanoma/sdl_001460.png,0.9928760528564453
/home/marsi/TFM/data/imagefolder/synth/train/melanoma/sdl_001462.png,0.8513984084129333
/home/marsi/TFM/data/imagefolder/synth/train/melanoma/sdl_001463.png,0.7196173071861267
/home/marsi/TFM/data/imagefolder/synth/train/melanoma/sdl_001464.png,0.7717187404632568
/home/marsi/TFM/data/imagefolder/synth/train/melanoma/sdl_001466.png,0.5758142471313477
/home/marsi/TFM/data/imagefolder/synth/train/melanoma/sdl_001467.png,0.9230185151100159
/home/marsi/TFM/data/imagefolder/synth/train/melanoma/sdl_001468.png,0.6418284773826599
/home/marsi/TFM/data/imagefolder/synth/train/melanoma/sdl_001470.png,0.8033140897750854
/home/marsi/TFM/data/imagefolder/synth/train/melanoma/sdl_001472.png,0.8692302107810974
/home/marsi/TFM/data/imagefolder/synth/train/melanoma/sdl_001473.png,0.3379180431365967
/home/marsi/TFM/data/imagefolder/synth/train/melanoma/sdl_001474.png,0.9859464764595032
/home/marsi/TFM/data/imagefolder/synth/train/melanoma/sdl_001475.png,0.6824172139167786
/home/marsi/TFM/data/imagefolder/synth/train/melanoma/sdl_001476.png,0.993313729763031
/home/marsi/TFM/data/imagefolder/synth/train/melanoma/sdl_001477.png,0.4022471010684967
/home/marsi/TFM/data/imagefolder/synth/train/melanoma/sdl_001478.png,0.9155230522155762
/home/marsi/TFM/data/imagefolder/synth/train/melanoma/sdl_001479.png,0.6272023320198059
/home/marsi/TFM/data/imagefolder/synth/train/melanoma/sdl_001480.png,0.8593751192092896
/home/marsi/TFM/data/imagefolder/synth/train/melanoma/sdl_001481.png,0.7029897570610046
/home/marsi/TFM/data/imagefolder/synth/train/melanoma/sdl_001482.png,0.3659886121749878
/home/marsi/TFM/data/imagefolder/synth/train/melanoma/sdl_001483.png,0.3736523985862732
/home/marsi/TFM/data/imagefolder/synth/train/melanoma/sdl_001484.png,0.46368205547332764
/home/marsi/TFM/data/imagefolder/synth/train/melanoma/sdl_001485.png,0.7137376070022583
/home/marsi/TFM/data/imagefolder/synth/train/melanoma/sdl_001486.png,0.3299669623374939
/home/marsi/TFM/data/imagefolder/synth/train/melanoma/sdl_001487.png,0.4548933804035187
/home/marsi/TFM/data/imagefolder/synth/train/melanoma/sdl_001489.png,0.4661981463432312
/home/marsi/TFM/data/imagefolder/synth/train/melanoma/sdl_001491.png,0.7563354969024658
/home/marsi/TFM/data/imagefolder/synth/train/melanoma/sdl_001492.png,0.5426614284515381
/home/marsi/TFM/data/imagefolder/synth/train/melanoma/sdl_001493.png,0.8595544099807739
/home/marsi/TFM/data/imagefolder/synth/train/melanoma/sdl_001494.png,0.3421788811683655
/home/marsi/TFM/data/imagefolder/synth/train/melanoma/sdl_001495.png,0.7318909168243408
/home/marsi/TFM/data/imagefolder/synth/train/melanoma/sdl_001496.png,0.4510267674922943
/home/marsi/TFM/data/imagefolder/synth/train/melanoma/sdl_001497.png,0.6638265252113342
/home/marsi/TFM/data/imagefolder/synth/train/melanoma/sdl_001498.png,0.67692631483078
/home/marsi/TFM/data/imagefolder/synth/train/melanoma/sdl_001499.png,0.8601533770561218
/home/marsi/TFM/data/imagefolder/synth/train/melanoma/sdl_001500.png,0.4767172634601593
/home/marsi/TFM/data/imagefolder/synth/train/melanoma/sdl_001501.png,0.5913976430892944
/home/marsi/TFM/data/imagefolder/synth/train/melanoma/sdl_001502.png,0.7469902038574219
/home/marsi/TFM/data/imagefolder/synth/train/melanoma/sdl_001503.png,0.8944454193115234
/home/marsi/TFM/data/imagefolder/synth/train/melanoma/sdl_001504.png,0.81513512134552
/home/marsi/TFM/data/imagefolder/synth/train/melanoma/sdl_001505.png,0.8273853063583374
/home/marsi/TFM/data/imagefolder/synth/train/melanoma/sdl_001506.png,0.8384233117103577
/home/marsi/TFM/data/imagefolder/synth/train/melanoma/sdl_001508.png,0.8028561472892761
/home/marsi/TFM/data/imagefolder/synth/train/melanoma/sdl_001509.png,0.39078617095947266
/home/marsi/TFM/data/imagefolder/synth/train/melanoma/sdl_001510.png,0.6262064576148987
/home/marsi/TFM/data/imagefolder/synth/train/melanoma/sdl_001511.png,0.5986369252204895
/home/marsi/TFM/data/imagefolder/synth/train/melanoma/sdl_001512.png,0.5772186517715454
/home/marsi/TFM/data/imagefolder/synth/train/melanoma/sdl_001513.png,0.6852912306785583
/home/marsi/TFM/data/imagefolder/synth/train/melanoma/sdl_001514.png,0.5637162327766418
/home/marsi/TFM/data/imagefolder/synth/train/melanoma/sdl_001516.png,0.5848641395568848
/home/marsi/TFM/data/imagefolder/synth/train/melanoma/sdl_001517.png,0.7149331569671631
/home/marsi/TFM/data/imagefolder/synth/train/melanoma/sdl_001518.png,0.9508885741233826
/home/marsi/TFM/data/imagefolder/synth/train/melanoma/sdl_001519.png,0.5317567586898804
/home/marsi/TFM/data/imagefolder/synth/train/melanoma/sdl_001520.png,0.998113751411438
/home/marsi/TFM/data/imagefolder/synth/train/melanoma/sdl_001521.png,0.9851780533790588
/home/marsi/TFM/data/imagefolder/synth/train/melanoma/sdl_001522.png,0.8527249097824097
/home/marsi/TFM/data/imagefolder/synth/train/melanoma/sdl_001523.png,0.5474349856376648
/home/marsi/TFM/data/imagefolder/synth/train/melanoma/sdl_001524.png,0.30112674832344055
/home/marsi/TFM/data/imagefolder/synth/train/melanoma/sdl_001525.png,0.7994805574417114
/home/marsi/TFM/data/imagefolder/synth/train/melanoma/sdl_001526.png,0.918588399887085
/home/marsi/TFM/data/imagefolder/synth/train/melanoma/sdl_001527.png,0.7932683229446411
/home/marsi/TFM/data/imagefolder/synth/train/melanoma/sdl_001528.png,0.5797577500343323
/home/marsi/TFM/data/imagefolder/synth/train/melanoma/sdl_001529.png,0.4876358211040497
/home/marsi/TFM/data/imagefolder/synth/train/melanoma/sdl_001530.png,0.6293188333511353
/home/marsi/TFM/data/imagefolder/synth/train/melanoma/sdl_001531.png,0.9131380915641785
/home/marsi/TFM/data/imagefolder/synth/train/melanoma/sdl_001532.png,0.6678354740142822
/home/marsi/TFM/data/imagefolder/synth/train/melanoma/sdl_001535.png,0.4625914990901947
/home/marsi/TFM/data/imagefolder/synth/train/melanoma/sdl_001536.png,0.8206756711006165
/home/marsi/TFM/data/imagefolder/synth/train/melanoma/sdl_001537.png,0.8997242450714111
/home/marsi/TFM/data/imagefolder/synth/train/melanoma/sdl_001539.png,0.6062296628952026
/home/marsi/TFM/data/imagefolder/synth/train/melanoma/sdl_001540.png,0.4919956922531128
/home/marsi/TFM/data/imagefolder/synth/train/melanoma/sdl_001542.png,0.9013615846633911
/home/marsi/TFM/data/imagefolder/synth/train/melanoma/sdl_001543.png,0.9175879955291748
/home/marsi/TFM/data/imagefolder/synth/train/melanoma/sdl_001544.png,0.6806605458259583
/home/marsi/TFM/data/imagefolder/synth/train/melanoma/sdl_001545.png,0.8461589217185974
/home/marsi/TFM/data/imagefolder/synth/train/melanoma/sdl_001546.png,0.6090566515922546
/home/marsi/TFM/data/imagefolder/synth/train/melanoma/sdl_001547.png,0.6197503805160522
/home/marsi/TFM/data/imagefolder/synth/train/melanoma/sdl_001548.png,0.9305548071861267
/home/marsi/TFM/data/imagefolder/synth/train/melanoma/sdl_001549.png,0.48364388942718506
/home/marsi/TFM/data/imagefolder/synth/train/melanoma/sdl_001550.png,0.8429287075996399
/home/marsi/TFM/data/imagefolder/synth/train/melanoma/sdl_001551.png,0.5253245234489441
/home/marsi/TFM/data/imagefolder/synth/train/melanoma/sdl_001552.png,0.5570070743560791
/home/marsi/TFM/data/imagefolder/synth/train/melanoma/sdl_001553.png,0.48703455924987793
/home/marsi/TFM/data/imagefolder/synth/train/melanoma/sdl_001554.png,0.7045400738716125
/home/marsi/TFM/data/imagefolder/synth/train/melanoma/sdl_001555.png,0.9270811080932617
/home/marsi/TFM/data/imagefolder/synth/train/melanoma/sdl_001556.png,0.9750897288322449
/home/marsi/TFM/data/imagefolder/synth/train/melanoma/sdl_001557.png,0.8546483516693115
/home/marsi/TFM/data/imagefolder/synth/train/melanoma/sdl_001559.png,0.9365812540054321
/home/marsi/TFM/data/imagefolder/synth/train/melanoma/sdl_001560.png,0.5321640968322754
/home/marsi/TFM/data/imagefolder/synth/train/melanoma/sdl_001561.png,0.7063286900520325
/home/marsi/TFM/data/imagefolder/synth/train/melanoma/sdl_001562.png,0.44569453597068787
/home/marsi/TFM/data/imagefolder/synth/train/melanoma/sdl_001563.png,0.5918899774551392
/home/marsi/TFM/data/imagefolder/synth/train/melanoma/sdl_001564.png,0.8874330520629883
/home/marsi/TFM/data/imagefolder/synth/train/melanoma/sdl_001566.png,0.8224292993545532
/home/marsi/TFM/data/imagefolder/synth/train/melanoma/sdl_001567.png,0.6536266207695007
/home/marsi/TFM/data/imagefolder/synth/train/melanoma/sdl_001569.png,0.32319191098213196
/home/marsi/TFM/data/imagefolder/synth/train/melanoma/sdl_001570.png,0.6421825885772705
/home/marsi/TFM/data/imagefolder/synth/train/melanoma/sdl_001571.png,0.7907056212425232
/home/marsi/TFM/data/imagefolder/synth/train/melanoma/sdl_001572.png,0.9627392292022705
/home/marsi/TFM/data/imagefolder/synth/train/melanoma/sdl_001573.png,0.6879642009735107
/home/marsi/TFM/data/imagefolder/synth/train/melanoma/sdl_001574.png,0.9322075843811035
/home/marsi/TFM/data/imagefolder/synth/train/melanoma/sdl_001575.png,0.8995953798294067
/home/marsi/TFM/data/imagefolder/synth/train/melanoma/sdl_001576.png,0.7593979835510254
/home/marsi/TFM/data/imagefolder/synth/train/melanoma/sdl_001578.png,0.7063053846359253
/home/marsi/TFM/data/imagefolder/synth/train/melanoma/sdl_001579.png,0.3753305971622467
/home/marsi/TFM/data/imagefolder/synth/train/melanoma/sdl_001580.png,0.7227572202682495
/home/marsi/TFM/data/imagefolder/synth/train/melanoma/sdl_001581.png,0.7709972262382507
/home/marsi/TFM/data/imagefolder/synth/train/melanoma/sdl_001582.png,0.7996894717216492
/home/marsi/TFM/data/imagefolder/synth/train/melanoma/sdl_001583.png,0.5687826871871948
/home/marsi/TFM/data/imagefolder/synth/train/melanoma/sdl_001584.png,0.9452956914901733
/home/marsi/TFM/data/imagefolder/synth/train/melanoma/sdl_001585.png,0.5434894561767578
/home/marsi/TFM/data/imagefolder/synth/train/melanoma/sdl_001586.png,0.8750878572463989
/home/marsi/TFM/data/imagefolder/synth/train/melanoma/sdl_001587.png,0.8905500173568726
/home/marsi/TFM/data/imagefolder/synth/train/melanoma/sdl_001588.png,0.5162377953529358
/home/marsi/TFM/data/imagefolder/synth/train/melanoma/sdl_001589.png,0.9948301911354065
/home/marsi/TFM/data/imagefolder/synth/train/melanoma/sdl_001592.png,0.6150124669075012
/home/marsi/TFM/data/imagefolder/synth/train/melanoma/sdl_001593.png,0.49938979744911194
/home/marsi/TFM/data/imagefolder/synth/train/melanoma/sdl_001594.png,0.42216160893440247
/home/marsi/TFM/data/imagefolder/synth/train/melanoma/sdl_001596.png,0.9179128408432007
/home/marsi/TFM/data/imagefolder/synth/train/melanoma/sdl_001597.png,0.8638852834701538
/home/marsi/TFM/data/imagefolder/synth/train/melanoma/sdl_001598.png,0.3235549330711365
/home/marsi/TFM/data/imagefolder/synth/train/melanoma/sdl_001599.png,0.8030838370323181
/home/marsi/TFM/data/imagefolder/synth/train/melanoma/sdl_001600.png,0.774182140827179
/home/marsi/TFM/data/imagefolder/synth/train/melanoma/sdl_001601.png,0.4044240415096283
/home/marsi/TFM/data/imagefolder/synth/train/melanoma/sdl_001602.png,0.34886789321899414
/home/marsi/TFM/data/imagefolder/synth/train/melanoma/sdl_001606.png,0.7471094727516174
/home/marsi/TFM/data/imagefolder/synth/train/melanoma/sdl_001608.png,0.9586457014083862
/home/marsi/TFM/data/imagefolder/synth/train/melanoma/sdl_001609.png,0.7194505929946899
/home/marsi/TFM/data/imagefolder/synth/train/melanoma/sdl_001610.png,0.7430069446563721
/home/marsi/TFM/data/imagefolder/synth/train/melanoma/sdl_001613.png,0.7881551384925842
/home/marsi/TFM/data/imagefolder/synth/train/melanoma/sdl_001614.png,0.5393506288528442
/home/marsi/TFM/data/imagefolder/synth/train/melanoma/sdl_001615.png,0.7767698764801025
/home/marsi/TFM/data/imagefolder/synth/train/melanoma/sdl_001616.png,0.9070454239845276
/home/marsi/TFM/data/imagefolder/synth/train/melanoma/sdl_001617.png,0.4317992031574249
/home/marsi/TFM/data/imagefolder/synth/train/melanoma/sdl_001618.png,0.5471915006637573
/home/marsi/TFM/data/imagefolder/synth/train/melanoma/sdl_001619.png,0.7461797595024109
/home/marsi/TFM/data/imagefolder/synth/train/melanoma/sdl_001620.png,0.40809401869773865
/home/marsi/TFM/data/imagefolder/synth/train/melanoma/sdl_001621.png,0.8050394058227539
/home/marsi/TFM/data/imagefolder/synth/train/melanoma/sdl_001622.png,0.7348102927207947
/home/marsi/TFM/data/imagefolder/synth/train/melanoma/sdl_001623.png,0.36283525824546814
/home/marsi/TFM/data/imagefolder/synth/train/melanoma/sdl_001624.png,0.5497280955314636
/home/marsi/TFM/data/imagefolder/synth/train/melanoma/sdl_001626.png,0.7901052832603455
/home/marsi/TFM/data/imagefolder/synth/train/melanoma/sdl_001627.png,0.9301040768623352
/home/marsi/TFM/data/imagefolder/synth/train/melanoma/sdl_001628.png,0.9393557906150818
/home/marsi/TFM/data/imagefolder/synth/train/melanoma/sdl_001629.png,0.7351099252700806
/home/marsi/TFM/data/imagefolder/synth/train/melanoma/sdl_001631.png,0.42603644728660583
/home/marsi/TFM/data/imagefolder/synth/train/melanoma/sdl_001632.png,0.6246148943901062
/home/marsi/TFM/data/imagefolder/synth/train/melanoma/sdl_001633.png,0.8812955617904663
/home/marsi/TFM/data/imagefolder/synth/train/melanoma/sdl_001634.png,0.7710016369819641
/home/marsi/TFM/data/imagefolder/synth/train/melanoma/sdl_001635.png,0.7492967844009399
/home/marsi/TFM/data/imagefolder/synth/train/melanoma/sdl_001637.png,0.8888981938362122
/home/marsi/TFM/data/imagefolder/synth/train/melanoma/sdl_001639.png,0.7027716040611267
/home/marsi/TFM/data/imagefolder/synth/train/melanoma/sdl_001640.png,0.695344865322113
/home/marsi/TFM/data/imagefolder/synth/train/melanoma/sdl_001641.png,0.7031453251838684
/home/marsi/TFM/data/imagefolder/synth/train/melanoma/sdl_001642.png,0.6446497440338135
/home/marsi/TFM/data/imagefolder/synth/train/melanoma/sdl_001643.png,0.6588335037231445
/home/marsi/TFM/data/imagefolder/synth/train/melanoma/sdl_001645.png,0.6877742409706116
/home/marsi/TFM/data/imagefolder/synth/train/melanoma/sdl_001646.png,0.6394554376602173
/home/marsi/TFM/data/imagefolder/synth/train/melanoma/sdl_001648.png,0.3069009482860565
/home/marsi/TFM/data/imagefolder/synth/train/melanoma/sdl_001649.png,0.7770673632621765
/home/marsi/TFM/data/imagefolder/synth/train/melanoma/sdl_001650.png,0.6945937871932983
/home/marsi/TFM/data/imagefolder/synth/train/melanoma/sdl_001651.png,0.7946928143501282
/home/marsi/TFM/data/imagefolder/synth/train/melanoma/sdl_001652.png,0.7645213603973389
/home/marsi/TFM/data/imagefolder/synth/train/melanoma/sdl_001653.png,0.61957186460495
/home/marsi/TFM/data/imagefolder/synth/train/melanoma/sdl_001654.png,0.3634350895881653
/home/marsi/TFM/data/imagefolder/synth/train/melanoma/sdl_001655.png,0.9109589457511902
/home/marsi/TFM/data/imagefolder/synth/train/melanoma/sdl_001656.png,0.34558066725730896
/home/marsi/TFM/data/imagefolder/synth/train/melanoma/sdl_001657.png,0.9630151391029358
/home/marsi/TFM/data/imagefolder/synth/train/melanoma/sdl_001658.png,0.4887894093990326
/home/marsi/TFM/data/imagefolder/synth/train/melanoma/sdl_001659.png,0.835037887096405
/home/marsi/TFM/data/imagefolder/synth/train/melanoma/sdl_001660.png,0.8931466937065125
/home/marsi/TFM/data/imagefolder/synth/train/melanoma/sdl_001661.png,0.5634270310401917
/home/marsi/TFM/data/imagefolder/synth/train/melanoma/sdl_001663.png,0.5814511775970459
/home/marsi/TFM/data/imagefolder/synth/train/melanoma/sdl_001664.png,0.83353590965271
/home/marsi/TFM/data/imagefolder/synth/train/melanoma/sdl_001665.png,0.5720792412757874
/home/marsi/TFM/data/imagefolder/synth/train/melanoma/sdl_001667.png,0.7250866293907166
/home/marsi/TFM/data/imagefolder/synth/train/melanoma/sdl_001669.png,0.9393688440322876
/home/marsi/TFM/data/imagefolder/synth/train/melanoma/sdl_001670.png,0.7782804369926453
/home/marsi/TFM/data/imagefolder/synth/train/melanoma/sdl_001671.png,0.8631590604782104
/home/marsi/TFM/data/imagefolder/synth/train/melanoma/sdl_001672.png,0.8323213458061218
/home/marsi/TFM/data/imagefolder/synth/train/melanoma/sdl_001674.png,0.840488851070404
/home/marsi/TFM/data/imagefolder/synth/train/melanoma/sdl_001675.png,0.592694103717804
/home/marsi/TFM/data/imagefolder/synth/train/melanoma/sdl_001677.png,0.5378326177597046
/home/marsi/TFM/data/imagefolder/synth/train/melanoma/sdl_001678.png,0.5220746397972107
/home/marsi/TFM/data/imagefolder/synth/train/melanoma/sdl_001679.png,0.6563093066215515
/home/marsi/TFM/data/imagefolder/synth/train/melanoma/sdl_001680.png,0.8203670978546143
/home/marsi/TFM/data/imagefolder/synth/train/melanoma/sdl_001681.png,0.5277511477470398
/home/marsi/TFM/data/imagefolder/synth/train/melanoma/sdl_001682.png,0.7414937019348145
/home/marsi/TFM/data/imagefolder/synth/train/melanoma/sdl_001683.png,0.5063605308532715
/home/marsi/TFM/data/imagefolder/synth/train/melanoma/sdl_001685.png,0.3509388267993927
/home/marsi/TFM/data/imagefolder/synth/train/melanoma/sdl_001686.png,0.936180830001831
/home/marsi/TFM/data/imagefolder/synth/train/melanoma/sdl_001687.png,0.8858600854873657
/home/marsi/TFM/data/imagefolder/synth/train/melanoma/sdl_001688.png,0.8983450531959534
/home/marsi/TFM/data/imagefolder/synth/train/melanoma/sdl_001689.png,0.7945078611373901
/home/marsi/TFM/data/imagefolder/synth/train/melanoma/sdl_001690.png,0.7831816077232361
/home/marsi/TFM/data/imagefolder/synth/train/melanoma/sdl_001692.png,0.9832462668418884
/home/marsi/TFM/data/imagefolder/synth/train/melanoma/sdl_001693.png,0.6219472289085388
/home/marsi/TFM/data/imagefolder/synth/train/melanoma/sdl_001694.png,0.3875061571598053
/home/marsi/TFM/data/imagefolder/synth/train/melanoma/sdl_001695.png,0.9784274101257324
/home/marsi/TFM/data/imagefolder/synth/train/melanoma/sdl_001696.png,0.9156753420829773
/home/marsi/TFM/data/imagefolder/synth/train/melanoma/sdl_001697.png,0.33431053161621094
/home/marsi/TFM/data/imagefolder/synth/train/melanoma/sdl_001699.png,0.8115967512130737
/home/marsi/TFM/data/imagefolder/synth/train/melanoma/sdl_001700.png,0.6874356269836426
/home/marsi/TFM/data/imagefolder/synth/train/melanoma/sdl_001701.png,0.8585768342018127
/home/marsi/TFM/data/imagefolder/synth/train/melanoma/sdl_001702.png,0.8475624918937683
/home/marsi/TFM/data/imagefolder/synth/train/melanoma/sdl_001703.png,0.7910329103469849
/home/marsi/TFM/data/imagefolder/synth/train/melanoma/sdl_001704.png,0.6711140871047974
/home/marsi/TFM/data/imagefolder/synth/train/melanoma/sdl_001705.png,0.8624171018600464
/home/marsi/TFM/data/imagefolder/synth/train/melanoma/sdl_001706.png,0.9927863478660583
/home/marsi/TFM/data/imagefolder/synth/train/melanoma/sdl_001707.png,0.8145601749420166
/home/marsi/TFM/data/imagefolder/synth/train/melanoma/sdl_001708.png,0.8549637198448181
/home/marsi/TFM/data/imagefolder/synth/train/melanoma/sdl_001709.png,0.6293453574180603
/home/marsi/TFM/data/imagefolder/synth/train/melanoma/sdl_001710.png,0.8483192920684814
/home/marsi/TFM/data/imagefolder/synth/train/melanoma/sdl_001711.png,0.9494982361793518
/home/marsi/TFM/data/imagefolder/synth/train/melanoma/sdl_001712.png,0.4544263184070587
/home/marsi/TFM/data/imagefolder/synth/train/melanoma/sdl_001713.png,0.5779439806938171
/home/marsi/TFM/data/imagefolder/synth/train/melanoma/sdl_001714.png,0.6008491516113281
/home/marsi/TFM/data/imagefolder/synth/train/melanoma/sdl_001715.png,0.8796056509017944
/home/marsi/TFM/data/imagefolder/synth/train/melanoma/sdl_001716.png,0.5434160232543945
/home/marsi/TFM/data/imagefolder/synth/train/melanoma/sdl_001717.png,0.3775671720504761
/home/marsi/TFM/data/imagefolder/synth/train/melanoma/sdl_001718.png,0.647634744644165
/home/marsi/TFM/data/imagefolder/synth/train/melanoma/sdl_001719.png,0.5388337969779968
/home/marsi/TFM/data/imagefolder/synth/train/melanoma/sdl_001720.png,0.9706361889839172
/home/marsi/TFM/data/imagefolder/synth/train/melanoma/sdl_001721.png,0.6289741396903992
/home/marsi/TFM/data/imagefolder/synth/train/melanoma/sdl_001722.png,0.8136056661605835
/home/marsi/TFM/data/imagefolder/synth/train/melanoma/sdl_001723.png,0.850483238697052
/home/marsi/TFM/data/imagefolder/synth/train/melanoma/sdl_001724.png,0.9156980514526367
/home/marsi/TFM/data/imagefolder/synth/train/melanoma/sdl_001725.png,0.6810512542724609
/home/marsi/TFM/data/imagefolder/synth/train/melanoma/sdl_001727.png,0.96375572681427
/home/marsi/TFM/data/imagefolder/synth/train/melanoma/sdl_001728.png,0.47280097007751465
/home/marsi/TFM/data/imagefolder/synth/train/melanoma/sdl_001729.png,0.7246789336204529
/home/marsi/TFM/data/imagefolder/synth/train/melanoma/sdl_001730.png,0.7351161241531372
/home/marsi/TFM/data/imagefolder/synth/train/melanoma/sdl_001732.png,0.6124567985534668
/home/marsi/TFM/data/imagefolder/synth/train/melanoma/sdl_001733.png,0.9423284530639648
/home/marsi/TFM/data/imagefolder/synth/train/melanoma/sdl_001734.png,0.6013139486312866
/home/marsi/TFM/data/imagefolder/synth/train/melanoma/sdl_001735.png,0.8944088816642761
/home/marsi/TFM/data/imagefolder/synth/train/melanoma/sdl_001736.png,0.7299875020980835
/home/marsi/TFM/data/imagefolder/synth/train/melanoma/sdl_001737.png,0.9787747859954834
/home/marsi/TFM/data/imagefolder/synth/train/melanoma/sdl_001738.png,0.8031432628631592
/home/marsi/TFM/data/imagefolder/synth/train/melanoma/sdl_001739.png,0.8708520531654358
/home/marsi/TFM/data/imagefolder/synth/train/melanoma/sdl_001740.png,0.9482423663139343
/home/marsi/TFM/data/imagefolder/synth/train/melanoma/sdl_001741.png,0.7554402947425842
/home/marsi/TFM/data/imagefolder/synth/train/melanoma/sdl_001742.png,0.5864416360855103
/home/marsi/TFM/data/imagefolder/synth/train/melanoma/sdl_001743.png,0.9788409471511841
/home/marsi/TFM/data/imagefolder/synth/train/melanoma/sdl_001744.png,0.5055279731750488
/home/marsi/TFM/data/imagefolder/synth/train/melanoma/sdl_001745.png,0.48643049597740173
/home/marsi/TFM/data/imagefolder/synth/train/melanoma/sdl_001746.png,0.682443380355835
/home/marsi/TFM/data/imagefolder/synth/train/melanoma/sdl_001747.png,0.5114938020706177
/home/marsi/TFM/data/imagefolder/synth/train/melanoma/sdl_001748.png,0.510201096534729
/home/marsi/TFM/data/imagefolder/synth/train/melanoma/sdl_001749.png,0.6030482649803162
/home/marsi/TFM/data/imagefolder/synth/train/melanoma/sdl_001750.png,0.903702437877655
/home/marsi/TFM/data/imagefolder/synth/train/melanoma/sdl_001751.png,0.9256139397621155
/home/marsi/TFM/data/imagefolder/synth/train/melanoma/sdl_001752.png,0.6311154961585999
/home/marsi/TFM/data/imagefolder/synth/train/melanoma/sdl_001753.png,0.6876107454299927
/home/marsi/TFM/data/imagefolder/synth/train/melanoma/sdl_001754.png,0.6601380705833435
/home/marsi/TFM/data/imagefolder/synth/train/melanoma/sdl_001755.png,0.7163985967636108
/home/marsi/TFM/data/imagefolder/synth/train/melanoma/sdl_001756.png,0.8619227409362793
/home/marsi/TFM/data/imagefolder/synth/train/melanoma/sdl_001757.png,0.8586633801460266
/home/marsi/TFM/data/imagefolder/synth/train/melanoma/sdl_001758.png,0.7168916463851929
/home/marsi/TFM/data/imagefolder/synth/train/melanoma/sdl_001759.png,0.9191065430641174
/home/marsi/TFM/data/imagefolder/synth/train/melanoma/sdl_001761.png,0.8435309529304504
/home/marsi/TFM/data/imagefolder/synth/train/melanoma/sdl_001762.png,0.9190632104873657
/home/marsi/TFM/data/imagefolder/synth/train/melanoma/sdl_001763.png,0.3317810595035553
/home/marsi/TFM/data/imagefolder/synth/train/melanoma/sdl_001764.png,0.9400271773338318
/home/marsi/TFM/data/imagefolder/synth/train/melanoma/sdl_001765.png,0.6830059885978699
/home/marsi/TFM/data/imagefolder/synth/train/melanoma/sdl_001767.png,0.9320993423461914
/home/marsi/TFM/data/imagefolder/synth/train/melanoma/sdl_001768.png,0.9007739424705505
/home/marsi/TFM/data/imagefolder/synth/train/melanoma/sdl_001769.png,0.8991769552230835
/home/marsi/TFM/data/imagefolder/synth/train/melanoma/sdl_001770.png,0.8278070092201233
/home/marsi/TFM/data/imagefolder/synth/train/melanoma/sdl_001771.png,0.4596515893936157
/home/marsi/TFM/data/imagefolder/synth/train/melanoma/sdl_001772.png,0.9503709673881531
/home/marsi/TFM/data/imagefolder/synth/train/melanoma/sdl_001773.png,0.35779544711112976
/home/marsi/TFM/data/imagefolder/synth/train/melanoma/sdl_001774.png,0.45690712332725525
/home/marsi/TFM/data/imagefolder/synth/train/melanoma/sdl_001775.png,0.706498920917511
/home/marsi/TFM/data/imagefolder/synth/train/melanoma/sdl_001776.png,0.6753086447715759
/home/marsi/TFM/data/imagefolder/synth/train/melanoma/sdl_001777.png,0.7612218260765076
/home/marsi/TFM/data/imagefolder/synth/train/melanoma/sdl_001778.png,0.5013289451599121
/home/marsi/TFM/data/imagefolder/synth/train/melanoma/sdl_001780.png,0.8767704963684082
/home/marsi/TFM/data/imagefolder/synth/train/melanoma/sdl_001781.png,0.39309442043304443
/home/marsi/TFM/data/imagefolder/synth/train/melanoma/sdl_001782.png,0.6598578691482544
/home/marsi/TFM/data/imagefolder/synth/train/melanoma/sdl_001783.png,0.6809897422790527
/home/marsi/TFM/data/imagefolder/synth/train/melanoma/sdl_001784.png,0.9654742479324341
/home/marsi/TFM/data/imagefolder/synth/train/melanoma/sdl_001785.png,0.7715489268302917
/home/marsi/TFM/data/imagefolder/synth/train/melanoma/sdl_001786.png,0.41634345054626465
/home/marsi/TFM/data/imagefolder/synth/train/melanoma/sdl_001787.png,0.7706770300865173
/home/marsi/TFM/data/imagefolder/synth/train/melanoma/sdl_001788.png,0.8650850653648376
/home/marsi/TFM/data/imagefolder/synth/train/melanoma/sdl_001789.png,0.31377020478248596
/home/marsi/TFM/data/imagefolder/synth/train/melanoma/sdl_001790.png,0.4722103476524353
/home/marsi/TFM/data/imagefolder/synth/train/melanoma/sdl_001791.png,0.7610640525817871
/home/marsi/TFM/data/imagefolder/synth/train/melanoma/sdl_001792.png,0.6558560132980347
/home/marsi/TFM/data/imagefolder/synth/train/melanoma/sdl_001793.png,0.4793965220451355
/home/marsi/TFM/data/imagefolder/synth/train/melanoma/sdl_001794.png,0.8528862595558167
/home/marsi/TFM/data/imagefolder/synth/train/melanoma/sdl_001795.png,0.576256513595581
/home/marsi/TFM/data/imagefolder/synth/train/melanoma/sdl_001797.png,0.6641643643379211
/home/marsi/TFM/data/imagefolder/synth/train/melanoma/sdl_001798.png,0.4422036111354828
/home/marsi/TFM/data/imagefolder/synth/train/melanoma/sdl_001799.png,0.6831584572792053
/home/marsi/TFM/data/imagefolder/synth/train/melanoma/sdl_001800.png,0.8465303778648376
/home/marsi/TFM/data/imagefolder/synth/train/melanoma/sdl_001801.png,0.4123693108558655
/home/marsi/TFM/data/imagefolder/synth/train/melanoma/sdl_001802.png,0.9136517643928528
/home/marsi/TFM/data/imagefolder/synth/train/melanoma/sdl_001803.png,0.6767613291740417
/home/marsi/TFM/data/imagefolder/synth/train/melanoma/sdl_001804.png,0.981895923614502
/home/marsi/TFM/data/imagefolder/synth/train/melanoma/sdl_001805.png,0.7586215734481812
/home/marsi/TFM/data/imagefolder/synth/train/melanoma/sdl_001806.png,0.9778916835784912
/home/marsi/TFM/data/imagefolder/synth/train/melanoma/sdl_001809.png,0.6750308275222778
/home/marsi/TFM/data/imagefolder/synth/train/melanoma/sdl_001810.png,0.7688478231430054
/home/marsi/TFM/data/imagefolder/synth/train/melanoma/sdl_001811.png,0.7519400119781494
/home/marsi/TFM/data/imagefolder/synth/train/melanoma/sdl_001812.png,0.5021975636482239
/home/marsi/TFM/data/imagefolder/synth/train/melanoma/sdl_001813.png,0.7123743891716003
/home/marsi/TFM/data/imagefolder/synth/train/melanoma/sdl_001814.png,0.4270174503326416
/home/marsi/TFM/data/imagefolder/synth/train/melanoma/sdl_001815.png,0.5261572003364563
/home/marsi/TFM/data/imagefolder/synth/train/melanoma/sdl_001816.png,0.9247579574584961
/home/marsi/TFM/data/imagefolder/synth/train/melanoma/sdl_001817.png,0.9525001645088196
/home/marsi/TFM/data/imagefolder/synth/train/melanoma/sdl_001818.png,0.8591494560241699
/home/marsi/TFM/data/imagefolder/synth/train/melanoma/sdl_001819.png,0.7682040333747864
/home/marsi/TFM/data/imagefolder/synth/train/melanoma/sdl_001820.png,0.35235172510147095
/home/marsi/TFM/data/imagefolder/synth/train/melanoma/sdl_001821.png,0.554785430431366
/home/marsi/TFM/data/imagefolder/synth/train/melanoma/sdl_001822.png,0.9383624196052551
/home/marsi/TFM/data/imagefolder/synth/train/melanoma/sdl_001824.png,0.8810743689537048
/home/marsi/TFM/data/imagefolder/synth/train/melanoma/sdl_001825.png,0.4179896414279938
/home/marsi/TFM/data/imagefolder/synth/train/melanoma/sdl_001827.png,0.3386516869068146
/home/marsi/TFM/data/imagefolder/synth/train/melanoma/sdl_001828.png,0.5976248383522034
/home/marsi/TFM/data/imagefolder/synth/train/melanoma/sdl_001829.png,0.6173633337020874
/home/marsi/TFM/data/imagefolder/synth/train/melanoma/sdl_001830.png,0.553737461566925
/home/marsi/TFM/data/imagefolder/synth/train/melanoma/sdl_001831.png,0.9519554972648621
/home/marsi/TFM/data/imagefolder/synth/train/melanoma/sdl_001832.png,0.5164937973022461
/home/marsi/TFM/data/imagefolder/synth/train/melanoma/sdl_001833.png,0.6171804070472717
/home/marsi/TFM/data/imagefolder/synth/train/melanoma/sdl_001834.png,0.7047484517097473
/home/marsi/TFM/data/imagefolder/synth/train/melanoma/sdl_001835.png,0.6691082715988159
/home/marsi/TFM/data/imagefolder/synth/train/melanoma/sdl_001836.png,0.7288092970848083
/home/marsi/TFM/data/imagefolder/synth/train/melanoma/sdl_001837.png,0.9274706244468689
/home/marsi/TFM/data/imagefolder/synth/train/melanoma/sdl_001838.png,0.8536397218704224
/home/marsi/TFM/data/imagefolder/synth/train/melanoma/sdl_001839.png,0.6494763493537903
/home/marsi/TFM/data/imagefolder/synth/train/melanoma/sdl_001840.png,0.8752644658088684
/home/marsi/TFM/data/imagefolder/synth/train/melanoma/sdl_001841.png,0.5156238079071045
/home/marsi/TFM/data/imagefolder/synth/train/melanoma/sdl_001842.png,0.8437728881835938
/home/marsi/TFM/data/imagefolder/synth/train/melanoma/sdl_001843.png,0.951965868473053
/home/marsi/TFM/data/imagefolder/synth/train/melanoma/sdl_001844.png,0.6202419400215149
/home/marsi/TFM/data/imagefolder/synth/train/melanoma/sdl_001845.png,0.493526428937912
/home/marsi/TFM/data/imagefolder/synth/train/melanoma/sdl_001847.png,0.33751967549324036
/home/marsi/TFM/data/imagefolder/synth/train/melanoma/sdl_001848.png,0.8248071670532227
/home/marsi/TFM/data/imagefolder/synth/train/melanoma/sdl_001849.png,0.381547749042511
/home/marsi/TFM/data/imagefolder/synth/train/melanoma/sdl_001850.png,0.9359095692634583
/home/marsi/TFM/data/imagefolder/synth/train/melanoma/sdl_001851.png,0.9312372803688049
/home/marsi/TFM/data/imagefolder/synth/train/melanoma/sdl_001852.png,0.3742524981498718
/home/marsi/TFM/data/imagefolder/synth/train/melanoma/sdl_001853.png,0.37183988094329834
/home/marsi/TFM/data/imagefolder/synth/train/melanoma/sdl_001854.png,0.6210227608680725
/home/marsi/TFM/data/imagefolder/synth/train/melanoma/sdl_001855.png,0.9072211980819702
/home/marsi/TFM/data/imagefolder/synth/train/melanoma/sdl_001856.png,0.8450895547866821
/home/marsi/TFM/data/imagefolder/synth/train/melanoma/sdl_001857.png,0.4797934293746948
/home/marsi/TFM/data/imagefolder/synth/train/melanoma/sdl_001858.png,0.36099907755851746
/home/marsi/TFM/data/imagefolder/synth/train/melanoma/sdl_001859.png,0.4898284077644348
/home/marsi/TFM/data/imagefolder/synth/train/melanoma/sdl_001860.png,0.8030277490615845
/home/marsi/TFM/data/imagefolder/synth/train/melanoma/sdl_001861.png,0.5046048760414124
/home/marsi/TFM/data/imagefolder/synth/train/melanoma/sdl_001862.png,0.4831453263759613
/home/marsi/TFM/data/imagefolder/synth/train/melanoma/sdl_001863.png,0.8012357950210571
/home/marsi/TFM/data/imagefolder/synth/train/melanoma/sdl_001864.png,0.7133772373199463
/home/marsi/TFM/data/imagefolder/synth/train/melanoma/sdl_001865.png,0.642812967300415
/home/marsi/TFM/data/imagefolder/synth/train/melanoma/sdl_001866.png,0.8338546752929688
/home/marsi/TFM/data/imagefolder/synth/train/melanoma/sdl_001867.png,0.6051998734474182
/home/marsi/TFM/data/imagefolder/synth/train/melanoma/sdl_001868.png,0.5781458020210266
/home/marsi/TFM/data/imagefolder/synth/train/melanoma/sdl_001869.png,0.353793740272522
/home/marsi/TFM/data/imagefolder/synth/train/melanoma/sdl_001870.png,0.8702751398086548
/home/marsi/TFM/data/imagefolder/synth/train/melanoma/sdl_001871.png,0.915359377861023
/home/marsi/TFM/data/imagefolder/synth/train/melanoma/sdl_001873.png,0.7676785588264465
/home/marsi/TFM/data/imagefolder/synth/train/melanoma/sdl_001874.png,0.6761125326156616
/home/marsi/TFM/data/imagefolder/synth/train/melanoma/sdl_001875.png,0.6970695853233337
/home/marsi/TFM/data/imagefolder/synth/train/melanoma/sdl_001876.png,0.6627362966537476
/home/marsi/TFM/data/imagefolder/synth/train/melanoma/sdl_001877.png,0.3073665201663971
/home/marsi/TFM/data/imagefolder/synth/train/melanoma/sdl_001878.png,0.48761817812919617
/home/marsi/TFM/data/imagefolder/synth/train/melanoma/sdl_001880.png,0.4851037859916687
/home/marsi/TFM/data/imagefolder/synth/train/melanoma/sdl_001882.png,0.8706219792366028
/home/marsi/TFM/data/imagefolder/synth/train/melanoma/sdl_001883.png,0.9473321437835693
/home/marsi/TFM/data/imagefolder/synth/train/melanoma/sdl_001884.png,0.4331778287887573
/home/marsi/TFM/data/imagefolder/synth/train/melanoma/sdl_001885.png,0.46524208784103394
/home/marsi/TFM/data/imagefolder/synth/train/melanoma/sdl_001886.png,0.5490110516548157
/home/marsi/TFM/data/imagefolder/synth/train/melanoma/sdl_001888.png,0.6492117643356323
/home/marsi/TFM/data/imagefolder/synth/train/melanoma/sdl_001889.png,0.6955849528312683
/home/marsi/TFM/data/imagefolder/synth/train/melanoma/sdl_001890.png,0.7063336372375488
/home/marsi/TFM/data/imagefolder/synth/train/melanoma/sdl_001891.png,0.3189425468444824
/home/marsi/TFM/data/imagefolder/synth/train/melanoma/sdl_001892.png,0.6597965955734253
/home/marsi/TFM/data/imagefolder/synth/train/melanoma/sdl_001893.png,0.5820396542549133
/home/marsi/TFM/data/imagefolder/synth/train/melanoma/sdl_001894.png,0.8136805891990662
/home/marsi/TFM/data/imagefolder/synth/train/melanoma/sdl_001895.png,0.3300532102584839
/home/marsi/TFM/data/imagefolder/synth/train/melanoma/sdl_001896.png,0.4647412598133087
/home/marsi/TFM/data/imagefolder/synth/train/melanoma/sdl_001897.png,0.873153567314148
/home/marsi/TFM/data/imagefolder/synth/train/melanoma/sdl_001898.png,0.6236388087272644
/home/marsi/TFM/data/imagefolder/synth/train/melanoma/sdl_001899.png,0.7566946744918823
/home/marsi/TFM/data/imagefolder/synth/train/melanoma/sdl_001900.png,0.45188605785369873
/home/marsi/TFM/data/imagefolder/synth/train/melanoma/sdl_001901.png,0.4504222571849823
/home/marsi/TFM/data/imagefolder/synth/train/melanoma/sdl_001902.png,0.5934363603591919
/home/marsi/TFM/data/imagefolder/synth/train/melanoma/sdl_001903.png,0.4607258141040802
/home/marsi/TFM/data/imagefolder/synth/train/melanoma/sdl_001905.png,0.40290117263793945
/home/marsi/TFM/data/imagefolder/synth/train/melanoma/sdl_001906.png,0.5607727766036987
/home/marsi/TFM/data/imagefolder/synth/train/melanoma/sdl_001907.png,0.7631518840789795
/home/marsi/TFM/data/imagefolder/synth/train/melanoma/sdl_001908.png,0.765436053276062
/home/marsi/TFM/data/imagefolder/synth/train/melanoma/sdl_001909.png,0.9507548809051514
/home/marsi/TFM/data/imagefolder/synth/train/melanoma/sdl_001910.png,0.5441455245018005
/home/marsi/TFM/data/imagefolder/synth/train/melanoma/sdl_001911.png,0.6818060874938965
/home/marsi/TFM/data/imagefolder/synth/train/melanoma/sdl_001912.png,0.8472536206245422
/home/marsi/TFM/data/imagefolder/synth/train/melanoma/sdl_001914.png,0.6926733255386353
/home/marsi/TFM/data/imagefolder/synth/train/melanoma/sdl_001915.png,0.7460902333259583
/home/marsi/TFM/data/imagefolder/synth/train/melanoma/sdl_001916.png,0.9350573420524597
/home/marsi/TFM/data/imagefolder/synth/train/melanoma/sdl_001918.png,0.7176542282104492
/home/marsi/TFM/data/imagefolder/synth/train/melanoma/sdl_001919.png,0.5769069790840149
/home/marsi/TFM/data/imagefolder/synth/train/melanoma/sdl_001920.png,0.9658197164535522
/home/marsi/TFM/data/imagefolder/synth/train/melanoma/sdl_001921.png,0.4594278633594513
/home/marsi/TFM/data/imagefolder/synth/train/melanoma/sdl_001922.png,0.9304243326187134
/home/marsi/TFM/data/imagefolder/synth/train/melanoma/sdl_001923.png,0.7115164995193481
/home/marsi/TFM/data/imagefolder/synth/train/melanoma/sdl_001924.png,0.5295370817184448
/home/marsi/TFM/data/imagefolder/synth/train/melanoma/sdl_001925.png,0.7022961974143982
/home/marsi/TFM/data/imagefolder/synth/train/melanoma/sdl_001926.png,0.718834400177002
/home/marsi/TFM/data/imagefolder/synth/train/melanoma/sdl_001927.png,0.7887101769447327
/home/marsi/TFM/data/imagefolder/synth/train/melanoma/sdl_001928.png,0.9945533275604248
/home/marsi/TFM/data/imagefolder/synth/train/melanoma/sdl_001929.png,0.5704861283302307
/home/marsi/TFM/data/imagefolder/synth/train/melanoma/sdl_001930.png,0.9844575524330139
/home/marsi/TFM/data/imagefolder/synth/train/melanoma/sdl_001931.png,0.9447166919708252
/home/marsi/TFM/data/imagefolder/synth/train/melanoma/sdl_001933.png,0.7026035189628601
/home/marsi/TFM/data/imagefolder/synth/train/melanoma/sdl_001934.png,0.8397372364997864
/home/marsi/TFM/data/imagefolder/synth/train/melanoma/sdl_001935.png,0.7776764035224915
/home/marsi/TFM/data/imagefolder/synth/train/melanoma/sdl_001936.png,0.6252379417419434
/home/marsi/TFM/data/imagefolder/synth/train/melanoma/sdl_001937.png,0.7969042658805847
/home/marsi/TFM/data/imagefolder/synth/train/melanoma/sdl_001938.png,0.6755202412605286
/home/marsi/TFM/data/imagefolder/synth/train/melanoma/sdl_001941.png,0.4659939110279083
/home/marsi/TFM/data/imagefolder/synth/train/melanoma/sdl_001942.png,0.6753502488136292
/home/marsi/TFM/data/imagefolder/synth/train/melanoma/sdl_001943.png,0.7540323138237
/home/marsi/TFM/data/imagefolder/synth/train/melanoma/sdl_001945.png,0.6426977515220642
/home/marsi/TFM/data/imagefolder/synth/train/melanoma/sdl_001946.png,0.7377480268478394
/home/marsi/TFM/data/imagefolder/synth/train/melanoma/sdl_001948.png,0.4906955063343048
/home/marsi/TFM/data/imagefolder/synth/train/melanoma/sdl_001949.png,0.9366288185119629
/home/marsi/TFM/data/imagefolder/synth/train/melanoma/sdl_001950.png,0.4768441617488861
/home/marsi/TFM/data/imagefolder/synth/train/melanoma/sdl_001951.png,0.6244021654129028
/home/marsi/TFM/data/imagefolder/synth/train/melanoma/sdl_001952.png,0.6658642888069153
/home/marsi/TFM/data/imagefolder/synth/train/melanoma/sdl_001954.png,0.44466450810432434
/home/marsi/TFM/data/imagefolder/synth/train/melanoma/sdl_001955.png,0.579178512096405
/home/marsi/TFM/data/imagefolder/synth/train/melanoma/sdl_001956.png,0.38909608125686646
/home/marsi/TFM/data/imagefolder/synth/train/melanoma/sdl_001957.png,0.7439496517181396
/home/marsi/TFM/data/imagefolder/synth/train/melanoma/sdl_001958.png,0.41795340180397034
/home/marsi/TFM/data/imagefolder/synth/train/melanoma/sdl_001959.png,0.9455982446670532
/home/marsi/TFM/data/imagefolder/synth/train/melanoma/sdl_001960.png,0.3088468909263611
/home/marsi/TFM/data/imagefolder/synth/train/melanoma/sdl_001961.png,0.810924768447876
/home/marsi/TFM/data/imagefolder/synth/train/melanoma/sdl_001962.png,0.5562667846679688
/home/marsi/TFM/data/imagefolder/synth/train/melanoma/sdl_001963.png,0.4387270510196686
/home/marsi/TFM/data/imagefolder/synth/train/melanoma/sdl_001965.png,0.38929232954978943
/home/marsi/TFM/data/imagefolder/synth/train/melanoma/sdl_001966.png,0.4919234812259674
/home/marsi/TFM/data/imagefolder/synth/train/melanoma/sdl_001968.png,0.4461483061313629
/home/marsi/TFM/data/imagefolder/synth/train/melanoma/sdl_001969.png,0.7518025636672974
/home/marsi/TFM/data/imagefolder/synth/train/melanoma/sdl_001970.png,0.893412172794342
/home/marsi/TFM/data/imagefolder/synth/train/melanoma/sdl_001971.png,0.3179839253425598
/home/marsi/TFM/data/imagefolder/synth/train/melanoma/sdl_001972.png,0.9553565979003906
/home/marsi/TFM/data/imagefolder/synth/train/melanoma/sdl_001973.png,0.33447787165641785
/home/marsi/TFM/data/imagefolder/synth/train/melanoma/sdl_001974.png,0.76163649559021
/home/marsi/TFM/data/imagefolder/synth/train/melanoma/sdl_001976.png,0.6166338920593262
/home/marsi/TFM/data/imagefolder/synth/train/melanoma/sdl_001977.png,0.6740573048591614
/home/marsi/TFM/data/imagefolder/synth/train/melanoma/sdl_001978.png,0.6852090954780579
/home/marsi/TFM/data/imagefolder/synth/train/melanoma/sdl_001979.png,0.44928595423698425
/home/marsi/TFM/data/imagefolder/synth/train/melanoma/sdl_001980.png,0.7073348760604858
/home/marsi/TFM/data/imagefolder/synth/train/melanoma/sdl_001981.png,0.4738301634788513
/home/marsi/TFM/data/imagefolder/synth/train/melanoma/sdl_001982.png,0.7115517258644104
/home/marsi/TFM/data/imagefolder/synth/train/melanoma/sdl_001983.png,0.6077566742897034
/home/marsi/TFM/data/imagefolder/synth/train/melanoma/sdl_001984.png,0.607145369052887
/home/marsi/TFM/data/imagefolder/synth/train/melanoma/sdl_001986.png,0.5514258742332458
/home/marsi/TFM/data/imagefolder/synth/train/melanoma/sdl_001987.png,0.9265597462654114
/home/marsi/TFM/data/imagefolder/synth/train/melanoma/sdl_001988.png,0.7171567678451538
/home/marsi/TFM/data/imagefolder/synth/train/melanoma/sdl_001989.png,0.756679356098175
/home/marsi/TFM/data/imagefolder/synth/train/melanoma/sdl_001991.png,0.7318781018257141
/home/marsi/TFM/data/imagefolder/synth/train/melanoma/sdl_001992.png,0.6664333343505859
/home/marsi/TFM/data/imagefolder/synth/train/melanoma/sdl_001993.png,0.577855110168457
/home/marsi/TFM/data/imagefolder/synth/train/melanoma/sdl_001994.png,0.7657827138900757
/home/marsi/TFM/data/imagefolder/synth/train/melanoma/sdl_001995.png,0.6365183591842651
/home/marsi/TFM/data/imagefolder/synth/train/melanoma/sdl_001996.png,0.4071693420410156
/home/marsi/TFM/data/imagefolder/synth/train/melanoma/sdl_001997.png,0.801141619682312
/home/marsi/TFM/data/imagefolder/synth/train/melanoma/sdl_001998.png,0.8648728132247925
/home/marsi/TFM/data/imagefolder/synth/train/melanoma/sdl_001999.png,0.5103721618652344
