dataset,image_name,path,width,height,original_label,binary,superclass,subclass,acquisition_type,anatom_site,split,channels,is_rgb,is_corrupt,age,sex,fitzpatrick,diagnosis_method,clinical_diagnosis,dermoscopic_diagnosis,histological_diagnosis,asymmetry,color_white,color_red,color_light_brown,color_dark_brown,color_blue_gray,color_black,phash,license,blur,md5
Synth,02c82c78ab8016249c74bb77f0bb105f_ITA-109.png,/home/marsi/TFM/data/gen/SD_E2_HOPE/v1_8000/02c82c78ab8016249c74bb77f0bb105f_ITA-109.png,284,284,,1,melanoma,,,,train,3,1,0,,,,,,,,,,,,,,,,,,
Synth,02dbebd0b19c14f427ffd445afdd923b_ITA-28.png,/home/marsi/TFM/data/gen/SD_E2_HOPE/v1_8000/02dbebd0b19c14f427ffd445afdd923b_ITA-28.png,284,284,,1,melanoma,,,,train,3,1,0,,,,,,,,,,,,,,,,,,
Synth,02de76a051b4602b7354cbd217195db2_ITA-42.png,/home/marsi/TFM/data/gen/SD_E2_HOPE/v1_8000/02de76a051b4602b7354cbd217195db2_ITA-42.png,284,284,,1,melanoma,,,,train,3,1,0,,,,,,,,,,,,,,,,,,
Synth,0314d88201c6105f9cf091c84bcd0d9f_ITA-38.png,/home/marsi/TFM/data/gen/SD_E2_HOPE/v1_8000/0314d88201c6105f9cf091c84bcd0d9f_ITA-38.png,284,284,,1,melanoma,,,,train,3,1,0,,,,,,,,,,,,,,,,,,
Synth,03df0a5474151deba054565452647f78_ITA-101.png,/home/marsi/TFM/data/gen/SD_E2_HOPE/v1_8000/03df0a5474151deba054565452647f78_ITA-101.png,284,284,,1,melanoma,,,,train,3,1,0,,,,,,,,,,,,,,,,,,
Synth,05dacc9ac4d694efceac29970e9bbca1_ITA-126.png,/home/marsi/TFM/data/gen/SD_E2_HOPE/v1_8000/05dacc9ac4d694efceac29970e9bbca1_ITA-126.png,284,284,,1,melanoma,,,,train,3,1,0,,,,,,,,,,,,,,,,,,
Synth,068f89b64ab961066d579b19e78fb07c_ITA-146.png,/home/marsi/TFM/data/gen/SD_E2_HOPE/v1_8000/068f89b64ab961066d579b19e78fb07c_ITA-146.png,284,284,,1,melanoma,,,,train,3,1,0,,,,,,,,,,,,,,,,,,
Synth,07372d729c011eba2e09899b06ef92e1_ITA-96.png,/home/marsi/TFM/data/gen/SD_E2_HOPE/v1_8000/07372d729c011eba2e09899b06ef92e1_ITA-96.png,284,284,,1,melanoma,,,,train,3,1,0,,,,,,,,,,,,,,,,,,
Synth,079b9410b91f16eae9172d02ae78588c_ITA-103.png,/home/marsi/TFM/data/gen/SD_E2_HOPE/v1_8000/079b9410b91f16eae9172d02ae78588c_ITA-103.png,284,284,,1,melanoma,,,,train,3,1,0,,,,,,,,,,,,,,,,,,
Synth,07a0729cda0dd8df65449ef8556fd5c4_ITA-75.png,/home/marsi/TFM/data/gen/SD_E2_HOPE/v1_8000/07a0729cda0dd8df65449ef8556fd5c4_ITA-75.png,284,284,,1,melanoma,,,,train,3,1,0,,,,,,,,,,,,,,,,,,
Synth,082dc830e309eaa0a297f4eb1ffcd353_ITA-26.png,/home/marsi/TFM/data/gen/SD_E2_HOPE/v1_8000/082dc830e309eaa0a297f4eb1ffcd353_ITA-26.png,284,284,,1,melanoma,,,,train,3,1,0,,,,,,,,,,,,,,,,,,
Synth,0aa9baede2061ec2237e3dbc41ce72de_ITA-148.png,/home/marsi/TFM/data/gen/SD_E2_HOPE/v1_8000/0aa9baede2061ec2237e3dbc41ce72de_ITA-148.png,284,284,,1,melanoma,,,,train,3,1,0,,,,,,,,,,,,,,,,,,
Synth,0b4e2e95166ca3c6f9c74b426bc4d309_ITA-145.png,/home/marsi/TFM/data/gen/SD_E2_HOPE/v1_8000/0b4e2e95166ca3c6f9c74b426bc4d309_ITA-145.png,284,284,,1,melanoma,,,,train,3,1,0,,,,,,,,,,,,,,,,,,
Synth,0b923b464326c462aab1c03bc2455f33_ITA-136.png,/home/marsi/TFM/data/gen/SD_E2_HOPE/v1_8000/0b923b464326c462aab1c03bc2455f33_ITA-136.png,284,284,,1,melanoma,,,,train,3,1,0,,,,,,,,,,,,,,,,,,
Synth,0ba2cd1f9b97913f6d4f11998ba4a3a8_ITA-123.png,/home/marsi/TFM/data/gen/SD_E2_HOPE/v1_8000/0ba2cd1f9b97913f6d4f11998ba4a3a8_ITA-123.png,284,284,,1,melanoma,,,,train,3,1,0,,,,,,,,,,,,,,,,,,
Synth,0bfb4a12092f29b7880abc4a0346dd9a_ITA-11.png,/home/marsi/TFM/data/gen/SD_E2_HOPE/v1_8000/0bfb4a12092f29b7880abc4a0346dd9a_ITA-11.png,284,284,,1,melanoma,,,,train,3,1,0,,,,,,,,,,,,,,,,,,
Synth,0c66c0f179927d901235b2327a1a5f7b_ITA-6.png,/home/marsi/TFM/data/gen/SD_E2_HOPE/v1_8000/0c66c0f179927d901235b2327a1a5f7b_ITA-6.png,284,284,,1,melanoma,,,,train,3,1,0,,,,,,,,,,,,,,,,,,
Synth,0cca43e575001e406a79739f32a4a4e7_ITA-58.png,/home/marsi/TFM/data/gen/SD_E2_HOPE/v1_8000/0cca43e575001e406a79739f32a4a4e7_ITA-58.png,284,284,,1,melanoma,,,,train,3,1,0,,,,,,,,,,,,,,,,,,
Synth,0cd33c4270020b313bb2ce80c690480f_ITA-53.png,/home/marsi/TFM/data/gen/SD_E2_HOPE/v1_8000/0cd33c4270020b313bb2ce80c690480f_ITA-53.png,284,284,,1,melanoma,,,,train,3,1,0,,,,,,,,,,,,,,,,,,
Synth,0ea29ab6589b0a2c766a6cbd3d241de4_ITA-107.png,/home/marsi/TFM/data/gen/SD_E2_HOPE/v1_8000/0ea29ab6589b0a2c766a6cbd3d241de4_ITA-107.png,284,284,,1,melanoma,,,,train,3,1,0,,,,,,,,,,,,,,,,,,
Synth,0eb19d128c2364df8910e1d9e14178e0_ITA-104.png,/home/marsi/TFM/data/gen/SD_E2_HOPE/v1_8000/0eb19d128c2364df8910e1d9e14178e0_ITA-104.png,284,284,,1,melanoma,,,,train,3,1,0,,,,,,,,,,,,,,,,,,
Synth,0f2fd84e23fb2d88d5231d2441efb0d6_ITA-20.png,/home/marsi/TFM/data/gen/SD_E2_HOPE/v1_8000/0f2fd84e23fb2d88d5231d2441efb0d6_ITA-20.png,284,284,,1,melanoma,,,,train,3,1,0,,,,,,,,,,,,,,,,,,
Synth,0f31e6526e1e1b7596bbcedde852009d_ITA-57.png,/home/marsi/TFM/data/gen/SD_E2_HOPE/v1_8000/0f31e6526e1e1b7596bbcedde852009d_ITA-57.png,284,284,,1,melanoma,,,,train,3,1,0,,,,,,,,,,,,,,,,,,
Synth,0f72d148be348f804feb58e284612554_ITA-101.png,/home/marsi/TFM/data/gen/SD_E2_HOPE/v1_8000/0f72d148be348f804feb58e284612554_ITA-101.png,284,284,,1,melanoma,,,,train,3,1,0,,,,,,,,,,,,,,,,,,
Synth,10416ad809283bf65889ff3c49fe3ec6_ITA-41.png,/home/marsi/TFM/data/gen/SD_E2_HOPE/v1_8000/10416ad809283bf65889ff3c49fe3ec6_ITA-41.png,284,284,,1,melanoma,,,,train,3,1,0,,,,,,,,,,,,,,,,,,
Synth,10f0c131b4d7e82a8e6e7d5131695bb0_ITA-88.png,/home/marsi/TFM/data/gen/SD_E2_HOPE/v1_8000/10f0c131b4d7e82a8e6e7d5131695bb0_ITA-88.png,284,284,,1,melanoma,,,,train,3,1,0,,,,,,,,,,,,,,,,,,
Synth,1125b81c793f85564377e33e00a713df_ITA-171.png,/home/marsi/TFM/data/gen/SD_E2_HOPE/v1_8000/1125b81c793f85564377e33e00a713df_ITA-171.png,284,284,,1,melanoma,,,,train,3,1,0,,,,,,,,,,,,,,,,,,
Synth,1158fa796b07d96b8a11ebe44f4bedaf_ITA-106.png,/home/marsi/TFM/data/gen/SD_E2_HOPE/v1_8000/1158fa796b07d96b8a11ebe44f4bedaf_ITA-106.png,284,284,,1,melanoma,,,,train,3,1,0,,,,,,,,,,,,,,,,,,
Synth,11e21ab24920d4981b6615f56fb109e3_ITA-23.png,/home/marsi/TFM/data/gen/SD_E2_HOPE/v1_8000/11e21ab24920d4981b6615f56fb109e3_ITA-23.png,284,284,,1,melanoma,,,,train,3,1,0,,,,,,,,,,,,,,,,,,
Synth,121417e4c88c97438606c56316bed25e_ITA-147.png,/home/marsi/TFM/data/gen/SD_E2_HOPE/v1_8000/121417e4c88c97438606c56316bed25e_ITA-147.png,284,284,,1,melanoma,,,,train,3,1,0,,,,,,,,,,,,,,,,,,
Synth,12d9175a0534e28bf5085a5816807072_ITA-160.png,/home/marsi/TFM/data/gen/SD_E2_HOPE/v1_8000/12d9175a0534e28bf5085a5816807072_ITA-160.png,284,284,,1,melanoma,,,,train,3,1,0,,,,,,,,,,,,,,,,,,
Synth,13f998ecadcc36a87ade633529e90c53_ITA-39.png,/home/marsi/TFM/data/gen/SD_E2_HOPE/v1_8000/13f998ecadcc36a87ade633529e90c53_ITA-39.png,284,284,,1,melanoma,,,,train,3,1,0,,,,,,,,,,,,,,,,,,
Synth,1526df28a85fa2ce68a898e8cb8e110b_ITA-105.png,/home/marsi/TFM/data/gen/SD_E2_HOPE/v1_8000/1526df28a85fa2ce68a898e8cb8e110b_ITA-105.png,284,284,,1,melanoma,,,,train,3,1,0,,,,,,,,,,,,,,,,,,
Synth,158bb6b55f845b43b80e1e12b608e124_ITA-24.png,/home/marsi/TFM/data/gen/SD_E2_HOPE/v1_8000/158bb6b55f845b43b80e1e12b608e124_ITA-24.png,284,284,,1,melanoma,,,,train,3,1,0,,,,,,,,,,,,,,,,,,
Synth,158bd00ccd61604bc2143fd7c9a8d873_ITA5.png,/home/marsi/TFM/data/gen/SD_E2_HOPE/v1_8000/158bd00ccd61604bc2143fd7c9a8d873_ITA5.png,284,284,,1,melanoma,,,,train,3,1,0,,,,,,,,,,,,,,,,,,
Synth,15c16c5746ebd604a7f9faee7d839620_ITA-164.png,/home/marsi/TFM/data/gen/SD_E2_HOPE/v1_8000/15c16c5746ebd604a7f9faee7d839620_ITA-164.png,284,284,,1,melanoma,,,,train,3,1,0,,,,,,,,,,,,,,,,,,
Synth,1602e53e792329ac1731b930db8da2c5_ITA-176.png,/home/marsi/TFM/data/gen/SD_E2_HOPE/v1_8000/1602e53e792329ac1731b930db8da2c5_ITA-176.png,284,284,,1,melanoma,,,,train,3,1,0,,,,,,,,,,,,,,,,,,
Synth,17232a7679b75b6dbf73549d2880dab1_ITA-47.png,/home/marsi/TFM/data/gen/SD_E2_HOPE/v1_8000/17232a7679b75b6dbf73549d2880dab1_ITA-47.png,284,284,,1,melanoma,,,,train,3,1,0,,,,,,,,,,,,,,,,,,
Synth,1745a2551c7c7b3e6eaf0c975d0a2e51_ITA-29.png,/home/marsi/TFM/data/gen/SD_E2_HOPE/v1_8000/1745a2551c7c7b3e6eaf0c975d0a2e51_ITA-29.png,284,284,,1,melanoma,,,,train,3,1,0,,,,,,,,,,,,,,,,,,
Synth,1752a3a540909740796cf4df30109692_ITA-150.png,/home/marsi/TFM/data/gen/SD_E2_HOPE/v1_8000/1752a3a540909740796cf4df30109692_ITA-150.png,284,284,,1,melanoma,,,,train,3,1,0,,,,,,,,,,,,,,,,,,
Synth,178160ccbb1486cd3dcdb2949bd69e42_ITA-60.png,/home/marsi/TFM/data/gen/SD_E2_HOPE/v1_8000/178160ccbb1486cd3dcdb2949bd69e42_ITA-60.png,284,284,,1,melanoma,,,,train,3,1,0,,,,,,,,,,,,,,,,,,
Synth,17fc0263bd0f4ed309531c27c2c0b132_ITA-95.png,/home/marsi/TFM/data/gen/SD_E2_HOPE/v1_8000/17fc0263bd0f4ed309531c27c2c0b132_ITA-95.png,284,284,,1,melanoma,,,,train,3,1,0,,,,,,,,,,,,,,,,,,
Synth,184a290a299c184822c489d402d6a015_ITA-24.png,/home/marsi/TFM/data/gen/SD_E2_HOPE/v1_8000/184a290a299c184822c489d402d6a015_ITA-24.png,284,284,,1,melanoma,,,,train,3,1,0,,,,,,,,,,,,,,,,,,
Synth,189ad2eb741457a7954dd0a1a232bbed_ITA-167.png,/home/marsi/TFM/data/gen/SD_E2_HOPE/v1_8000/189ad2eb741457a7954dd0a1a232bbed_ITA-167.png,284,284,,1,melanoma,,,,train,3,1,0,,,,,,,,,,,,,,,,,,
Synth,18a700e4e1bfd25ea23dba3c26e5eebd_ITA7.png,/home/marsi/TFM/data/gen/SD_E2_HOPE/v1_8000/18a700e4e1bfd25ea23dba3c26e5eebd_ITA7.png,284,284,,1,melanoma,,,,train,3,1,0,,,,,,,,,,,,,,,,,,
Synth,1ab8da6927d30ebf86ada5fdea63a182_ITA-42.png,/home/marsi/TFM/data/gen/SD_E2_HOPE/v1_8000/1ab8da6927d30ebf86ada5fdea63a182_ITA-42.png,284,284,,1,melanoma,,,,train,3,1,0,,,,,,,,,,,,,,,,,,
Synth,1bc973a57b1e7b98e013a268b1cee2bf_ITA-49.png,/home/marsi/TFM/data/gen/SD_E2_HOPE/v1_8000/1bc973a57b1e7b98e013a268b1cee2bf_ITA-49.png,284,284,,1,melanoma,,,,train,3,1,0,,,,,,,,,,,,,,,,,,
Synth,1c0290c3ebe9719c5282c3b4fef50828_ITA-70.png,/home/marsi/TFM/data/gen/SD_E2_HOPE/v1_8000/1c0290c3ebe9719c5282c3b4fef50828_ITA-70.png,284,284,,1,melanoma,,,,train,3,1,0,,,,,,,,,,,,,,,,,,
Synth,1d40296c924705140aed7fcc21caa312_ITA-54.png,/home/marsi/TFM/data/gen/SD_E2_HOPE/v1_8000/1d40296c924705140aed7fcc21caa312_ITA-54.png,284,284,,1,melanoma,,,,train,3,1,0,,,,,,,,,,,,,,,,,,
Synth,1e072e517ac73ecc8f400cb812e06fee_ITA-28.png,/home/marsi/TFM/data/gen/SD_E2_HOPE/v1_8000/1e072e517ac73ecc8f400cb812e06fee_ITA-28.png,284,284,,1,melanoma,,,,train,3,1,0,,,,,,,,,,,,,,,,,,
Synth,1e0f49b196498460c2774c4f3539ded5_ITA-92.png,/home/marsi/TFM/data/gen/SD_E2_HOPE/v1_8000/1e0f49b196498460c2774c4f3539ded5_ITA-92.png,284,284,,1,melanoma,,,,train,3,1,0,,,,,,,,,,,,,,,,,,
Synth,1ebfc7677cff36ab43049e3b429f279f_ITA-48.png,/home/marsi/TFM/data/gen/SD_E2_HOPE/v1_8000/1ebfc7677cff36ab43049e3b429f279f_ITA-48.png,284,284,,1,melanoma,,,,train,3,1,0,,,,,,,,,,,,,,,,,,
Synth,1f7444d71d089a6603c905857b698a34_ITA-21.png,/home/marsi/TFM/data/gen/SD_E2_HOPE/v1_8000/1f7444d71d089a6603c905857b698a34_ITA-21.png,284,284,,1,melanoma,,,,train,3,1,0,,,,,,,,,,,,,,,,,,
Synth,2292e481fd509265e2521defc91c620d_ITA-105.png,/home/marsi/TFM/data/gen/SD_E2_HOPE/v1_8000/2292e481fd509265e2521defc91c620d_ITA-105.png,284,284,,1,melanoma,,,,train,3,1,0,,,,,,,,,,,,,,,,,,
Synth,237f66e5498e5ca184b9c1773febbce5_ITA-52.png,/home/marsi/TFM/data/gen/SD_E2_HOPE/v1_8000/237f66e5498e5ca184b9c1773febbce5_ITA-52.png,284,284,,1,melanoma,,,,train,3,1,0,,,,,,,,,,,,,,,,,,
Synth,24b669c542ca90a6494ed31c63bd117f_ITA-134.png,/home/marsi/TFM/data/gen/SD_E2_HOPE/v1_8000/24b669c542ca90a6494ed31c63bd117f_ITA-134.png,284,284,,1,melanoma,,,,train,3,1,0,,,,,,,,,,,,,,,,,,
Synth,2633d1049758da92c61083fb334bfca5_ITA-68.png,/home/marsi/TFM/data/gen/SD_E2_HOPE/v1_8000/2633d1049758da92c61083fb334bfca5_ITA-68.png,284,284,,1,melanoma,,,,train,3,1,0,,,,,,,,,,,,,,,,,,
Synth,265fc52573b9c6d72127545eccfe34e6_ITA-26.png,/home/marsi/TFM/data/gen/SD_E2_HOPE/v1_8000/265fc52573b9c6d72127545eccfe34e6_ITA-26.png,284,284,,1,melanoma,,,,train,3,1,0,,,,,,,,,,,,,,,,,,
Synth,27310438e39d92a81273dff315904952_ITA-47.png,/home/marsi/TFM/data/gen/SD_E2_HOPE/v1_8000/27310438e39d92a81273dff315904952_ITA-47.png,284,284,,1,melanoma,,,,train,3,1,0,,,,,,,,,,,,,,,,,,
Synth,27cc61ab54cef9f571eef8a0a8e5fcd3_ITA-92.png,/home/marsi/TFM/data/gen/SD_E2_HOPE/v1_8000/27cc61ab54cef9f571eef8a0a8e5fcd3_ITA-92.png,284,284,,1,melanoma,,,,train,3,1,0,,,,,,,,,,,,,,,,,,
Synth,29005ab8b6e43cfd67789b0131eec453_ITA-78.png,/home/marsi/TFM/data/gen/SD_E2_HOPE/v1_8000/29005ab8b6e43cfd67789b0131eec453_ITA-78.png,284,284,,1,melanoma,,,,train,3,1,0,,,,,,,,,,,,,,,,,,
Synth,292281439a6aa88bfffcd024c1e164d4_ITA-9.png,/home/marsi/TFM/data/gen/SD_E2_HOPE/v1_8000/292281439a6aa88bfffcd024c1e164d4_ITA-9.png,284,284,,1,melanoma,,,,train,3,1,0,,,,,,,,,,,,,,,,,,
Synth,2a53b8003fcf74003607e5ff146ef731_ITA-73.png,/home/marsi/TFM/data/gen/SD_E2_HOPE/v1_8000/2a53b8003fcf74003607e5ff146ef731_ITA-73.png,284,284,,1,melanoma,,,,train,3,1,0,,,,,,,,,,,,,,,,,,
Synth,2af4dce5112d0136e7f8d1fc75e3c2ca_ITA-145.png,/home/marsi/TFM/data/gen/SD_E2_HOPE/v1_8000/2af4dce5112d0136e7f8d1fc75e3c2ca_ITA-145.png,284,284,,1,melanoma,,,,train,3,1,0,,,,,,,,,,,,,,,,,,
Synth,2b039e3eb100a48514fcd2fb802f15e7_ITA-107.png,/home/marsi/TFM/data/gen/SD_E2_HOPE/v1_8000/2b039e3eb100a48514fcd2fb802f15e7_ITA-107.png,284,284,,1,melanoma,,,,train,3,1,0,,,,,,,,,,,,,,,,,,
Synth,2beb392dae0857b68a1dddd6021319ba_ITA-154.png,/home/marsi/TFM/data/gen/SD_E2_HOPE/v1_8000/2beb392dae0857b68a1dddd6021319ba_ITA-154.png,284,284,,1,melanoma,,,,train,3,1,0,,,,,,,,,,,,,,,,,,
Synth,2d6d636656131183cd2fb5f114aef6b7_ITA-70.png,/home/marsi/TFM/data/gen/SD_E2_HOPE/v1_8000/2d6d636656131183cd2fb5f114aef6b7_ITA-70.png,284,284,,1,melanoma,,,,train,3,1,0,,,,,,,,,,,,,,,,,,
Synth,2ddaa677aef073b8f69de878679f28c4_ITA-35.png,/home/marsi/TFM/data/gen/SD_E2_HOPE/v1_8000/2ddaa677aef073b8f69de878679f28c4_ITA-35.png,284,284,,1,melanoma,,,,train,3,1,0,,,,,,,,,,,,,,,,,,
Synth,2e49096cbb50662d487d48abaf8dc427_ITA-26.png,/home/marsi/TFM/data/gen/SD_E2_HOPE/v1_8000/2e49096cbb50662d487d48abaf8dc427_ITA-26.png,284,284,,1,melanoma,,,,train,3,1,0,,,,,,,,,,,,,,,,,,
Synth,2e933f361d420578d429e7511d1feb48_ITA-158.png,/home/marsi/TFM/data/gen/SD_E2_HOPE/v1_8000/2e933f361d420578d429e7511d1feb48_ITA-158.png,284,284,,1,melanoma,,,,train,3,1,0,,,,,,,,,,,,,,,,,,
Synth,2ee129faf2212634a47cdb3a7e1b8cf8_ITA-167.png,/home/marsi/TFM/data/gen/SD_E2_HOPE/v1_8000/2ee129faf2212634a47cdb3a7e1b8cf8_ITA-167.png,284,284,,1,melanoma,,,,train,3,1,0,,,,,,,,,,,,,,,,,,
Synth,2f19bb802eb55df9d3541b17e3372c14_ITA-115.png,/home/marsi/TFM/data/gen/SD_E2_HOPE/v1_8000/2f19bb802eb55df9d3541b17e3372c14_ITA-115.png,284,284,,1,melanoma,,,,train,3,1,0,,,,,,,,,,,,,,,,,,
Synth,2f5f4eda9ebfe97e90c5e0a6215da670_ITA-52.png,/home/marsi/TFM/data/gen/SD_E2_HOPE/v1_8000/2f5f4eda9ebfe97e90c5e0a6215da670_ITA-52.png,284,284,,1,melanoma,,,,train,3,1,0,,,,,,,,,,,,,,,,,,
Synth,2fe18f0a52307fadec20da6c93b0a155_ITA-75.png,/home/marsi/TFM/data/gen/SD_E2_HOPE/v1_8000/2fe18f0a52307fadec20da6c93b0a155_ITA-75.png,284,284,,1,melanoma,,,,train,3,1,0,,,,,,,,,,,,,,,,,,
Synth,30284d20355625ee883d32a5b06d1266_ITA-41.png,/home/marsi/TFM/data/gen/SD_E2_HOPE/v1_8000/30284d20355625ee883d32a5b06d1266_ITA-41.png,284,284,,1,melanoma,,,,train,3,1,0,,,,,,,,,,,,,,,,,,
Synth,3067b35736b8d3f3645abf52e96fe700_ITA-158.png,/home/marsi/TFM/data/gen/SD_E2_HOPE/v1_8000/3067b35736b8d3f3645abf52e96fe700_ITA-158.png,284,284,,1,melanoma,,,,train,3,1,0,,,,,,,,,,,,,,,,,,
Synth,30a887bcb3e73398a3562ce259291007_ITA-32.png,/home/marsi/TFM/data/gen/SD_E2_HOPE/v1_8000/30a887bcb3e73398a3562ce259291007_ITA-32.png,284,284,,1,melanoma,,,,train,3,1,0,,,,,,,,,,,,,,,,,,
Synth,30cb3184af9287598fc83d9025a54b01_ITA-54.png,/home/marsi/TFM/data/gen/SD_E2_HOPE/v1_8000/30cb3184af9287598fc83d9025a54b01_ITA-54.png,284,284,,1,melanoma,,,,train,3,1,0,,,,,,,,,,,,,,,,,,
Synth,3156a064724ad9674cdb4579a15988a3_ITA-122.png,/home/marsi/TFM/data/gen/SD_E2_HOPE/v1_8000/3156a064724ad9674cdb4579a15988a3_ITA-122.png,284,284,,1,melanoma,,,,train,3,1,0,,,,,,,,,,,,,,,,,,
Synth,32676036f89e2e1ca29e6f8d2e131d24_ITA-174.png,/home/marsi/TFM/data/gen/SD_E2_HOPE/v1_8000/32676036f89e2e1ca29e6f8d2e131d24_ITA-174.png,284,284,,1,melanoma,,,,train,3,1,0,,,,,,,,,,,,,,,,,,
Synth,33b3a8aaed3264e06270af06f40a99bb_ITA-154.png,/home/marsi/TFM/data/gen/SD_E2_HOPE/v1_8000/33b3a8aaed3264e06270af06f40a99bb_ITA-154.png,284,284,,1,melanoma,,,,train,3,1,0,,,,,,,,,,,,,,,,,,
Synth,33c4bf5ca13518d9a48a9266fd98e0c5_ITA-93.png,/home/marsi/TFM/data/gen/SD_E2_HOPE/v1_8000/33c4bf5ca13518d9a48a9266fd98e0c5_ITA-93.png,284,284,,1,melanoma,,,,train,3,1,0,,,,,,,,,,,,,,,,,,
Synth,355798027f209f5251ee462f39b9d838_ITA-30.png,/home/marsi/TFM/data/gen/SD_E2_HOPE/v1_8000/355798027f209f5251ee462f39b9d838_ITA-30.png,284,284,,1,melanoma,,,,train,3,1,0,,,,,,,,,,,,,,,,,,
Synth,35747c89b252f304efb174214e1bebd2_ITA-44.png,/home/marsi/TFM/data/gen/SD_E2_HOPE/v1_8000/35747c89b252f304efb174214e1bebd2_ITA-44.png,284,284,,1,melanoma,,,,train,3,1,0,,,,,,,,,,,,,,,,,,
Synth,358d42ce5eeac58bb2300986af639b7c_ITA-63.png,/home/marsi/TFM/data/gen/SD_E2_HOPE/v1_8000/358d42ce5eeac58bb2300986af639b7c_ITA-63.png,284,284,,1,melanoma,,,,train,3,1,0,,,,,,,,,,,,,,,,,,
Synth,359d89f78bd10f82eedf7259b13e0db8_ITA-70.png,/home/marsi/TFM/data/gen/SD_E2_HOPE/v1_8000/359d89f78bd10f82eedf7259b13e0db8_ITA-70.png,284,284,,1,melanoma,,,,train,3,1,0,,,,,,,,,,,,,,,,,,
Synth,35afc9bbe524b0986fd0b6d1050168ef_ITA1.png,/home/marsi/TFM/data/gen/SD_E2_HOPE/v1_8000/35afc9bbe524b0986fd0b6d1050168ef_ITA1.png,284,284,,1,melanoma,,,,train,3,1,0,,,,,,,,,,,,,,,,,,
Synth,35e6dda982c5048c41bfe2c212656ad2_ITA-118.png,/home/marsi/TFM/data/gen/SD_E2_HOPE/v1_8000/35e6dda982c5048c41bfe2c212656ad2_ITA-118.png,284,284,,1,melanoma,,,,train,3,1,0,,,,,,,,,,,,,,,,,,
Synth,363dc23a42920b824fb49c914aa73e90_ITA-114.png,/home/marsi/TFM/data/gen/SD_E2_HOPE/v1_8000/363dc23a42920b824fb49c914aa73e90_ITA-114.png,284,284,,1,melanoma,,,,train,3,1,0,,,,,,,,,,,,,,,,,,
Synth,36f2b5d348aa11279875a2c12ad1859d_ITA-43.png,/home/marsi/TFM/data/gen/SD_E2_HOPE/v1_8000/36f2b5d348aa11279875a2c12ad1859d_ITA-43.png,284,284,,1,melanoma,,,,train,3,1,0,,,,,,,,,,,,,,,,,,
Synth,3933301850ae4cf67c487d1a15f1d8aa_ITA-102.png,/home/marsi/TFM/data/gen/SD_E2_HOPE/v1_8000/3933301850ae4cf67c487d1a15f1d8aa_ITA-102.png,284,284,,1,melanoma,,,,train,3,1,0,,,,,,,,,,,,,,,,,,
Synth,3b0f97cfb8741181bc52350176da669a_ITA-116.png,/home/marsi/TFM/data/gen/SD_E2_HOPE/v1_8000/3b0f97cfb8741181bc52350176da669a_ITA-116.png,284,284,,1,melanoma,,,,train,3,1,0,,,,,,,,,,,,,,,,,,
Synth,3bc552d75ce2404d4d1c392a1fe8ffe1_ITA-139.png,/home/marsi/TFM/data/gen/SD_E2_HOPE/v1_8000/3bc552d75ce2404d4d1c392a1fe8ffe1_ITA-139.png,284,284,,1,melanoma,,,,train,3,1,0,,,,,,,,,,,,,,,,,,
Synth,3bfc671b6888b0e73eddcd8b0ec98b1a_ITA-128.png,/home/marsi/TFM/data/gen/SD_E2_HOPE/v1_8000/3bfc671b6888b0e73eddcd8b0ec98b1a_ITA-128.png,284,284,,1,melanoma,,,,train,3,1,0,,,,,,,,,,,,,,,,,,
Synth,3d8978be742825069f61d4168fa377b4_ITA-104.png,/home/marsi/TFM/data/gen/SD_E2_HOPE/v1_8000/3d8978be742825069f61d4168fa377b4_ITA-104.png,284,284,,1,melanoma,,,,train,3,1,0,,,,,,,,,,,,,,,,,,
Synth,4080d6e9d42a5047a8925ddaeafb0a9e_ITA-65.png,/home/marsi/TFM/data/gen/SD_E2_HOPE/v1_8000/4080d6e9d42a5047a8925ddaeafb0a9e_ITA-65.png,284,284,,1,melanoma,,,,train,3,1,0,,,,,,,,,,,,,,,,,,
Synth,416b58845ddb8a0f4aedc93332a25f02_ITA-162.png,/home/marsi/TFM/data/gen/SD_E2_HOPE/v1_8000/416b58845ddb8a0f4aedc93332a25f02_ITA-162.png,284,284,,1,melanoma,,,,train,3,1,0,,,,,,,,,,,,,,,,,,
Synth,41d1cf23e081743a6683874e5ef8f78d_ITA-84.png,/home/marsi/TFM/data/gen/SD_E2_HOPE/v1_8000/41d1cf23e081743a6683874e5ef8f78d_ITA-84.png,284,284,,1,melanoma,,,,train,3,1,0,,,,,,,,,,,,,,,,,,
Synth,426f6841cb3c3763059b72800002b7d9_ITA-43.png,/home/marsi/TFM/data/gen/SD_E2_HOPE/v1_8000/426f6841cb3c3763059b72800002b7d9_ITA-43.png,284,284,,1,melanoma,,,,train,3,1,0,,,,,,,,,,,,,,,,,,
Synth,43975ee530bbf24d848a1e40b1bcc02b_ITA-44.png,/home/marsi/TFM/data/gen/SD_E2_HOPE/v1_8000/43975ee530bbf24d848a1e40b1bcc02b_ITA-44.png,284,284,,1,melanoma,,,,train,3,1,0,,,,,,,,,,,,,,,,,,
Synth,447c6b0b5f3e15ef3761fc0ce2d5b947_ITA-26.png,/home/marsi/TFM/data/gen/SD_E2_HOPE/v1_8000/447c6b0b5f3e15ef3761fc0ce2d5b947_ITA-26.png,284,284,,1,melanoma,,,,train,3,1,0,,,,,,,,,,,,,,,,,,
Synth,48d28ca6417a98b40a252ae5dbcd5388_ITA-93.png,/home/marsi/TFM/data/gen/SD_E2_HOPE/v1_8000/48d28ca6417a98b40a252ae5dbcd5388_ITA-93.png,284,284,,1,melanoma,,,,train,3,1,0,,,,,,,,,,,,,,,,,,
Synth,4a7790870f129ebb773e1d08f1470300_ITA-107.png,/home/marsi/TFM/data/gen/SD_E2_HOPE/v1_8000/4a7790870f129ebb773e1d08f1470300_ITA-107.png,284,284,,1,melanoma,,,,train,3,1,0,,,,,,,,,,,,,,,,,,
Synth,4d4457464bf73596b96b967a7a2fe989_ITA-69.png,/home/marsi/TFM/data/gen/SD_E2_HOPE/v1_8000/4d4457464bf73596b96b967a7a2fe989_ITA-69.png,284,284,,1,melanoma,,,,train,3,1,0,,,,,,,,,,,,,,,,,,
Synth,4dfdcc74920f24571819db5c179da297_ITA-123.png,/home/marsi/TFM/data/gen/SD_E2_HOPE/v1_8000/4dfdcc74920f24571819db5c179da297_ITA-123.png,284,284,,1,melanoma,,,,train,3,1,0,,,,,,,,,,,,,,,,,,
Synth,4fb4237646d7cc5aaf47c18a745057e6_ITA-100.png,/home/marsi/TFM/data/gen/SD_E2_HOPE/v1_8000/4fb4237646d7cc5aaf47c18a745057e6_ITA-100.png,284,284,,1,melanoma,,,,train,3,1,0,,,,,,,,,,,,,,,,,,
Synth,502bcbf6572e3bf99f743813a3dc0fed_ITA-55.png,/home/marsi/TFM/data/gen/SD_E2_HOPE/v1_8000/502bcbf6572e3bf99f743813a3dc0fed_ITA-55.png,284,284,,1,melanoma,,,,train,3,1,0,,,,,,,,,,,,,,,,,,
Synth,504e47da7dc7164fe8972ad2579a57ed_ITA-97.png,/home/marsi/TFM/data/gen/SD_E2_HOPE/v1_8000/504e47da7dc7164fe8972ad2579a57ed_ITA-97.png,284,284,,1,melanoma,,,,train,3,1,0,,,,,,,,,,,,,,,,,,
Synth,50dc4cefa1331d8a63864dbd41de3e1e_ITA-42.png,/home/marsi/TFM/data/gen/SD_E2_HOPE/v1_8000/50dc4cefa1331d8a63864dbd41de3e1e_ITA-42.png,284,284,,1,melanoma,,,,train,3,1,0,,,,,,,,,,,,,,,,,,
Synth,51d759dc7b5f3c5d1751afd5085c2cdd_ITA-146.png,/home/marsi/TFM/data/gen/SD_E2_HOPE/v1_8000/51d759dc7b5f3c5d1751afd5085c2cdd_ITA-146.png,284,284,,1,melanoma,,,,train,3,1,0,,,,,,,,,,,,,,,,,,
Synth,52343d656a3eedd2f273c19a6fab93b6_ITA-59.png,/home/marsi/TFM/data/gen/SD_E2_HOPE/v1_8000/52343d656a3eedd2f273c19a6fab93b6_ITA-59.png,284,284,,1,melanoma,,,,train,3,1,0,,,,,,,,,,,,,,,,,,
Synth,53c95c47a2f694e0dd8ea362b4c28aad_ITA-54.png,/home/marsi/TFM/data/gen/SD_E2_HOPE/v1_8000/53c95c47a2f694e0dd8ea362b4c28aad_ITA-54.png,284,284,,1,melanoma,,,,train,3,1,0,,,,,,,,,,,,,,,,,,
Synth,540acbd500ea7db40d71f03acf16b135_ITA-100.png,/home/marsi/TFM/data/gen/SD_E2_HOPE/v1_8000/540acbd500ea7db40d71f03acf16b135_ITA-100.png,284,284,,1,melanoma,,,,train,3,1,0,,,,,,,,,,,,,,,,,,
Synth,54165247ceaf30dc2c25ba7f8b610697_ITA-46.png,/home/marsi/TFM/data/gen/SD_E2_HOPE/v1_8000/54165247ceaf30dc2c25ba7f8b610697_ITA-46.png,284,284,,1,melanoma,,,,train,3,1,0,,,,,,,,,,,,,,,,,,
Synth,5532387b1a6e7a516205080d508782ec_ITA-127.png,/home/marsi/TFM/data/gen/SD_E2_HOPE/v1_8000/5532387b1a6e7a516205080d508782ec_ITA-127.png,284,284,,1,melanoma,,,,train,3,1,0,,,,,,,,,,,,,,,,,,
Synth,5556c3ef2dbaae18b88461224a925449_ITA-41.png,/home/marsi/TFM/data/gen/SD_E2_HOPE/v1_8000/5556c3ef2dbaae18b88461224a925449_ITA-41.png,284,284,,1,melanoma,,,,train,3,1,0,,,,,,,,,,,,,,,,,,
Synth,55dbeeb4d5ad78b095e6d8deada2d72d_ITA-136.png,/home/marsi/TFM/data/gen/SD_E2_HOPE/v1_8000/55dbeeb4d5ad78b095e6d8deada2d72d_ITA-136.png,284,284,,1,melanoma,,,,train,3,1,0,,,,,,,,,,,,,,,,,,
Synth,56922a01bf03e55c8d027f65f6d44661_ITA1.png,/home/marsi/TFM/data/gen/SD_E2_HOPE/v1_8000/56922a01bf03e55c8d027f65f6d44661_ITA1.png,284,284,,1,melanoma,,,,train,3,1,0,,,,,,,,,,,,,,,,,,
Synth,56aba5a1b876382c9c558a0a4c6bb10f_ITA-84.png,/home/marsi/TFM/data/gen/SD_E2_HOPE/v1_8000/56aba5a1b876382c9c558a0a4c6bb10f_ITA-84.png,284,284,,1,melanoma,,,,train,3,1,0,,,,,,,,,,,,,,,,,,
Synth,56b5f5d5bebd747dd357ee2e2221dae2_ITA-82.png,/home/marsi/TFM/data/gen/SD_E2_HOPE/v1_8000/56b5f5d5bebd747dd357ee2e2221dae2_ITA-82.png,284,284,,1,melanoma,,,,train,3,1,0,,,,,,,,,,,,,,,,,,
Synth,56d10e1dc6ef64b8cd5d667f73e96b70_ITA-52.png,/home/marsi/TFM/data/gen/SD_E2_HOPE/v1_8000/56d10e1dc6ef64b8cd5d667f73e96b70_ITA-52.png,284,284,,1,melanoma,,,,train,3,1,0,,,,,,,,,,,,,,,,,,
Synth,57b4d27daee918c15c273b1a7642d7e8_ITA-95.png,/home/marsi/TFM/data/gen/SD_E2_HOPE/v1_8000/57b4d27daee918c15c273b1a7642d7e8_ITA-95.png,284,284,,1,melanoma,,,,train,3,1,0,,,,,,,,,,,,,,,,,,
Synth,57ebc132518ac756b71b1c902bbf336d_ITA-77.png,/home/marsi/TFM/data/gen/SD_E2_HOPE/v1_8000/57ebc132518ac756b71b1c902bbf336d_ITA-77.png,284,284,,1,melanoma,,,,train,3,1,0,,,,,,,,,,,,,,,,,,
Synth,595406fca44171dc0411c5d77d604b68_ITA-5.png,/home/marsi/TFM/data/gen/SD_E2_HOPE/v1_8000/595406fca44171dc0411c5d77d604b68_ITA-5.png,284,284,,1,melanoma,,,,train,3,1,0,,,,,,,,,,,,,,,,,,
Synth,5a006614ed15cd91c50293f3041957a4_ITA-25.png,/home/marsi/TFM/data/gen/SD_E2_HOPE/v1_8000/5a006614ed15cd91c50293f3041957a4_ITA-25.png,284,284,,1,melanoma,,,,train,3,1,0,,,,,,,,,,,,,,,,,,
Synth,5a3ceb68c0036b340671272900007612_ITA-44.png,/home/marsi/TFM/data/gen/SD_E2_HOPE/v1_8000/5a3ceb68c0036b340671272900007612_ITA-44.png,284,284,,1,melanoma,,,,train,3,1,0,,,,,,,,,,,,,,,,,,
Synth,5a5ae09fdb51cf1616dce44b2b52688a_ITA-85.png,/home/marsi/TFM/data/gen/SD_E2_HOPE/v1_8000/5a5ae09fdb51cf1616dce44b2b52688a_ITA-85.png,284,284,,1,melanoma,,,,train,3,1,0,,,,,,,,,,,,,,,,,,
Synth,5a6fdd78ade4bc3efb5caf19b249f9c2_ITA-129.png,/home/marsi/TFM/data/gen/SD_E2_HOPE/v1_8000/5a6fdd78ade4bc3efb5caf19b249f9c2_ITA-129.png,284,284,,1,melanoma,,,,train,3,1,0,,,,,,,,,,,,,,,,,,
Synth,5a8619c7700e8a4ba168220f292cf478_ITA-104.png,/home/marsi/TFM/data/gen/SD_E2_HOPE/v1_8000/5a8619c7700e8a4ba168220f292cf478_ITA-104.png,284,284,,1,melanoma,,,,train,3,1,0,,,,,,,,,,,,,,,,,,
Synth,5aa1c1d527a9719f7b8e04fa747103a6_ITA-117.png,/home/marsi/TFM/data/gen/SD_E2_HOPE/v1_8000/5aa1c1d527a9719f7b8e04fa747103a6_ITA-117.png,284,284,,1,melanoma,,,,train,3,1,0,,,,,,,,,,,,,,,,,,
Synth,5de7bd90697cebbaa414f62a2676faab_ITA-100.png,/home/marsi/TFM/data/gen/SD_E2_HOPE/v1_8000/5de7bd90697cebbaa414f62a2676faab_ITA-100.png,284,284,,1,melanoma,,,,train,3,1,0,,,,,,,,,,,,,,,,,,
Synth,5e38621f91f04b34b4d488ed08fb69a2_ITA-31.png,/home/marsi/TFM/data/gen/SD_E2_HOPE/v1_8000/5e38621f91f04b34b4d488ed08fb69a2_ITA-31.png,284,284,,1,melanoma,,,,train,3,1,0,,,,,,,,,,,,,,,,,,
Synth,5f06671ecfbe64d219ecf736110ed8fb_ITA-87.png,/home/marsi/TFM/data/gen/SD_E2_HOPE/v1_8000/5f06671ecfbe64d219ecf736110ed8fb_ITA-87.png,284,284,,1,melanoma,,,,train,3,1,0,,,,,,,,,,,,,,,,,,
Synth,61e499e0c17f0e8ce5a51bbc80760cd7_ITA-175.png,/home/marsi/TFM/data/gen/SD_E2_HOPE/v1_8000/61e499e0c17f0e8ce5a51bbc80760cd7_ITA-175.png,284,284,,1,melanoma,,,,train,3,1,0,,,,,,,,,,,,,,,,,,
Synth,62772ca2685fd1a49b52ded74cafc79f_ITA-178.png,/home/marsi/TFM/data/gen/SD_E2_HOPE/v1_8000/62772ca2685fd1a49b52ded74cafc79f_ITA-178.png,284,284,,1,melanoma,,,,train,3,1,0,,,,,,,,,,,,,,,,,,
Synth,62c5a07a2db42cec4e2e2d7bd7e60e6a_ITA-111.png,/home/marsi/TFM/data/gen/SD_E2_HOPE/v1_8000/62c5a07a2db42cec4e2e2d7bd7e60e6a_ITA-111.png,284,284,,1,melanoma,,,,train,3,1,0,,,,,,,,,,,,,,,,,,
Synth,64c4a803856c4a93e3854506e2864ec6_ITA-17.png,/home/marsi/TFM/data/gen/SD_E2_HOPE/v1_8000/64c4a803856c4a93e3854506e2864ec6_ITA-17.png,284,284,,1,melanoma,,,,train,3,1,0,,,,,,,,,,,,,,,,,,
Synth,64d3319c135a71a2385c2b0033af6219_ITA-148.png,/home/marsi/TFM/data/gen/SD_E2_HOPE/v1_8000/64d3319c135a71a2385c2b0033af6219_ITA-148.png,284,284,,1,melanoma,,,,train,3,1,0,,,,,,,,,,,,,,,,,,
Synth,65f2ce913c11f16fa4b4f8c7fe04da38_ITA-120.png,/home/marsi/TFM/data/gen/SD_E2_HOPE/v1_8000/65f2ce913c11f16fa4b4f8c7fe04da38_ITA-120.png,284,284,,1,melanoma,,,,train,3,1,0,,,,,,,,,,,,,,,,,,
Synth,684d47d21f46910dadcaaf207ab4973e_ITA-93.png,/home/marsi/TFM/data/gen/SD_E2_HOPE/v1_8000/684d47d21f46910dadcaaf207ab4973e_ITA-93.png,284,284,,1,melanoma,,,,train,3,1,0,,,,,,,,,,,,,,,,,,
Synth,685846013a110adf8de89c64f5830d2d_ITA-96.png,/home/marsi/TFM/data/gen/SD_E2_HOPE/v1_8000/685846013a110adf8de89c64f5830d2d_ITA-96.png,284,284,,1,melanoma,,,,train,3,1,0,,,,,,,,,,,,,,,,,,
Synth,69c3c88fa07e943d99eb95d5f460b8be_ITA-98.png,/home/marsi/TFM/data/gen/SD_E2_HOPE/v1_8000/69c3c88fa07e943d99eb95d5f460b8be_ITA-98.png,284,284,,1,melanoma,,,,train,3,1,0,,,,,,,,,,,,,,,,,,
Synth,69f6af386e3511f45cc3b17f242ecd3d_ITA-72.png,/home/marsi/TFM/data/gen/SD_E2_HOPE/v1_8000/69f6af386e3511f45cc3b17f242ecd3d_ITA-72.png,284,284,,1,melanoma,,,,train,3,1,0,,,,,,,,,,,,,,,,,,
Synth,6a730578804c46012dbc41905ffddecb_ITA-62.png,/home/marsi/TFM/data/gen/SD_E2_HOPE/v1_8000/6a730578804c46012dbc41905ffddecb_ITA-62.png,284,284,,1,melanoma,,,,train,3,1,0,,,,,,,,,,,,,,,,,,
Synth,6ae05329ecd6cd06d311e1033dd6343d_ITA-169.png,/home/marsi/TFM/data/gen/SD_E2_HOPE/v1_8000/6ae05329ecd6cd06d311e1033dd6343d_ITA-169.png,284,284,,1,melanoma,,,,train,3,1,0,,,,,,,,,,,,,,,,,,
Synth,6b1de9f3b9959cd2cf38a448a7087305_ITA-111.png,/home/marsi/TFM/data/gen/SD_E2_HOPE/v1_8000/6b1de9f3b9959cd2cf38a448a7087305_ITA-111.png,284,284,,1,melanoma,,,,train,3,1,0,,,,,,,,,,,,,,,,,,
Synth,6cc383dd73983a0bd19e927f9035ba52_ITA-45.png,/home/marsi/TFM/data/gen/SD_E2_HOPE/v1_8000/6cc383dd73983a0bd19e927f9035ba52_ITA-45.png,284,284,,1,melanoma,,,,train,3,1,0,,,,,,,,,,,,,,,,,,
Synth,6d486b945375c5b4755d6ff253384cb3_ITA-158.png,/home/marsi/TFM/data/gen/SD_E2_HOPE/v1_8000/6d486b945375c5b4755d6ff253384cb3_ITA-158.png,284,284,,1,melanoma,,,,train,3,1,0,,,,,,,,,,,,,,,,,,
Synth,6f94b8a9240263b026037b094eb0efee_ITA-47.png,/home/marsi/TFM/data/gen/SD_E2_HOPE/v1_8000/6f94b8a9240263b026037b094eb0efee_ITA-47.png,284,284,,1,melanoma,,,,train,3,1,0,,,,,,,,,,,,,,,,,,
Synth,70d909fcc0db78a2a40949dfa18bf9c7_ITA-61.png,/home/marsi/TFM/data/gen/SD_E2_HOPE/v1_8000/70d909fcc0db78a2a40949dfa18bf9c7_ITA-61.png,284,284,,1,melanoma,,,,train,3,1,0,,,,,,,,,,,,,,,,,,
Synth,72765cbe16f736c0f647a93b7c7ed002_ITA-160.png,/home/marsi/TFM/data/gen/SD_E2_HOPE/v1_8000/72765cbe16f736c0f647a93b7c7ed002_ITA-160.png,284,284,,1,melanoma,,,,train,3,1,0,,,,,,,,,,,,,,,,,,
Synth,7330338a159fa4e04236283037904992_ITA-73.png,/home/marsi/TFM/data/gen/SD_E2_HOPE/v1_8000/7330338a159fa4e04236283037904992_ITA-73.png,284,284,,1,melanoma,,,,train,3,1,0,,,,,,,,,,,,,,,,,,
Synth,74c5fe2a51f6695538eea9f51871de6e_ITA-119.png,/home/marsi/TFM/data/gen/SD_E2_HOPE/v1_8000/74c5fe2a51f6695538eea9f51871de6e_ITA-119.png,284,284,,1,melanoma,,,,train,3,1,0,,,,,,,,,,,,,,,,,,
Synth,751941bbfeab7db3827b336e46115b81_ITA-26.png,/home/marsi/TFM/data/gen/SD_E2_HOPE/v1_8000/751941bbfeab7db3827b336e46115b81_ITA-26.png,284,284,,1,melanoma,,,,train,3,1,0,,,,,,,,,,,,,,,,,,
Synth,755d40ea7011ac3ed719300faccadc1d_ITA-86.png,/home/marsi/TFM/data/gen/SD_E2_HOPE/v1_8000/755d40ea7011ac3ed719300faccadc1d_ITA-86.png,284,284,,1,melanoma,,,,train,3,1,0,,,,,,,,,,,,,,,,,,
Synth,7773b1944360c8068afd31f7e4eaf9d7_ITA-101.png,/home/marsi/TFM/data/gen/SD_E2_HOPE/v1_8000/7773b1944360c8068afd31f7e4eaf9d7_ITA-101.png,284,284,,1,melanoma,,,,train,3,1,0,,,,,,,,,,,,,,,,,,
Synth,77794abe16fdb5f19f579d8ce2a263fd_ITA-103.png,/home/marsi/TFM/data/gen/SD_E2_HOPE/v1_8000/77794abe16fdb5f19f579d8ce2a263fd_ITA-103.png,284,284,,1,melanoma,,,,train,3,1,0,,,,,,,,,,,,,,,,,,
Synth,7879b72219172f1d52ca083b86384a0e_ITA-67.png,/home/marsi/TFM/data/gen/SD_E2_HOPE/v1_8000/7879b72219172f1d52ca083b86384a0e_ITA-67.png,284,284,,1,melanoma,,,,train,3,1,0,,,,,,,,,,,,,,,,,,
Synth,790b8d99bf5183154527d6c8da37878d_ITA-103.png,/home/marsi/TFM/data/gen/SD_E2_HOPE/v1_8000/790b8d99bf5183154527d6c8da37878d_ITA-103.png,284,284,,1,melanoma,,,,train,3,1,0,,,,,,,,,,,,,,,,,,
Synth,7b96067b8ba1e00cb5eaa4d9108da445_ITA-32.png,/home/marsi/TFM/data/gen/SD_E2_HOPE/v1_8000/7b96067b8ba1e00cb5eaa4d9108da445_ITA-32.png,284,284,,1,melanoma,,,,train,3,1,0,,,,,,,,,,,,,,,,,,
Synth,7ba0a475a02038c24a68c8adfa09ca5c_ITA-42.png,/home/marsi/TFM/data/gen/SD_E2_HOPE/v1_8000/7ba0a475a02038c24a68c8adfa09ca5c_ITA-42.png,284,284,,1,melanoma,,,,train,3,1,0,,,,,,,,,,,,,,,,,,
Synth,7c93673918e503d5614ad6494f36b654_ITA-44.png,/home/marsi/TFM/data/gen/SD_E2_HOPE/v1_8000/7c93673918e503d5614ad6494f36b654_ITA-44.png,284,284,,1,melanoma,,,,train,3,1,0,,,,,,,,,,,,,,,,,,
Synth,7ca98b938236bf768baf49085063b5f9_ITA-18.png,/home/marsi/TFM/data/gen/SD_E2_HOPE/v1_8000/7ca98b938236bf768baf49085063b5f9_ITA-18.png,284,284,,1,melanoma,,,,train,3,1,0,,,,,,,,,,,,,,,,,,
Synth,7cd055d4a009c27d74406a782a298640_ITA-168.png,/home/marsi/TFM/data/gen/SD_E2_HOPE/v1_8000/7cd055d4a009c27d74406a782a298640_ITA-168.png,284,284,,1,melanoma,,,,train,3,1,0,,,,,,,,,,,,,,,,,,
Synth,7dae64d5d0062a2a8df045160993041e_ITA-51.png,/home/marsi/TFM/data/gen/SD_E2_HOPE/v1_8000/7dae64d5d0062a2a8df045160993041e_ITA-51.png,284,284,,1,melanoma,,,,train,3,1,0,,,,,,,,,,,,,,,,,,
Synth,7e4b291d36ba6d1b4f6c0816e9f24cbb_ITA-60.png,/home/marsi/TFM/data/gen/SD_E2_HOPE/v1_8000/7e4b291d36ba6d1b4f6c0816e9f24cbb_ITA-60.png,284,284,,1,melanoma,,,,train,3,1,0,,,,,,,,,,,,,,,,,,
Synth,7e869dabd307191ac23160726c1a3d81_ITA-42.png,/home/marsi/TFM/data/gen/SD_E2_HOPE/v1_8000/7e869dabd307191ac23160726c1a3d81_ITA-42.png,284,284,,1,melanoma,,,,train,3,1,0,,,,,,,,,,,,,,,,,,
Synth,816b8ad25da6477beadc668b339bc718_ITA-45.png,/home/marsi/TFM/data/gen/SD_E2_HOPE/v1_8000/816b8ad25da6477beadc668b339bc718_ITA-45.png,284,284,,1,melanoma,,,,train,3,1,0,,,,,,,,,,,,,,,,,,
Synth,81dad7bf1873b78fc0a8a952e9bb8c8e_ITA-26.png,/home/marsi/TFM/data/gen/SD_E2_HOPE/v1_8000/81dad7bf1873b78fc0a8a952e9bb8c8e_ITA-26.png,284,284,,1,melanoma,,,,train,3,1,0,,,,,,,,,,,,,,,,,,
Synth,821dd6c4d2e1ed579b5fce3fc4f013fa_ITA-179.png,/home/marsi/TFM/data/gen/SD_E2_HOPE/v1_8000/821dd6c4d2e1ed579b5fce3fc4f013fa_ITA-179.png,284,284,,1,melanoma,,,,train,3,1,0,,,,,,,,,,,,,,,,,,
Synth,8326866ffddd38deba462b9bffd7b5ec_ITA-143.png,/home/marsi/TFM/data/gen/SD_E2_HOPE/v1_8000/8326866ffddd38deba462b9bffd7b5ec_ITA-143.png,284,284,,1,melanoma,,,,train,3,1,0,,,,,,,,,,,,,,,,,,
Synth,8466ac4386b58c7267f26a1fc5558ab4_ITA-120.png,/home/marsi/TFM/data/gen/SD_E2_HOPE/v1_8000/8466ac4386b58c7267f26a1fc5558ab4_ITA-120.png,284,284,,1,melanoma,,,,train,3,1,0,,,,,,,,,,,,,,,,,,
Synth,86a01c4cb578ba525f1b87a70730dad5_ITA-109.png,/home/marsi/TFM/data/gen/SD_E2_HOPE/v1_8000/86a01c4cb578ba525f1b87a70730dad5_ITA-109.png,284,284,,1,melanoma,,,,train,3,1,0,,,,,,,,,,,,,,,,,,
Synth,87e163aed1126b14e7002ce0940672ed_ITA-131.png,/home/marsi/TFM/data/gen/SD_E2_HOPE/v1_8000/87e163aed1126b14e7002ce0940672ed_ITA-131.png,284,284,,1,melanoma,,,,train,3,1,0,,,,,,,,,,,,,,,,,,
Synth,8903c2f116a09bb303bb59cc6e3c53be_ITA-69.png,/home/marsi/TFM/data/gen/SD_E2_HOPE/v1_8000/8903c2f116a09bb303bb59cc6e3c53be_ITA-69.png,284,284,,1,melanoma,,,,train,3,1,0,,,,,,,,,,,,,,,,,,
Synth,891a4354dbf0327752e7886d5b6bcf62_ITA-168.png,/home/marsi/TFM/data/gen/SD_E2_HOPE/v1_8000/891a4354dbf0327752e7886d5b6bcf62_ITA-168.png,284,284,,1,melanoma,,,,train,3,1,0,,,,,,,,,,,,,,,,,,
Synth,896b1249fa5717901ce46d7f643c1d74_ITA-92.png,/home/marsi/TFM/data/gen/SD_E2_HOPE/v1_8000/896b1249fa5717901ce46d7f643c1d74_ITA-92.png,284,284,,1,melanoma,,,,train,3,1,0,,,,,,,,,,,,,,,,,,
Synth,8aecf443874fc85053fee4c70d3e5b99_ITA-75.png,/home/marsi/TFM/data/gen/SD_E2_HOPE/v1_8000/8aecf443874fc85053fee4c70d3e5b99_ITA-75.png,284,284,,1,melanoma,,,,train,3,1,0,,,,,,,,,,,,,,,,,,
Synth,8b915327de5a2c58f1e0824905df2cd9_ITA-107.png,/home/marsi/TFM/data/gen/SD_E2_HOPE/v1_8000/8b915327de5a2c58f1e0824905df2cd9_ITA-107.png,284,284,,1,melanoma,,,,train,3,1,0,,,,,,,,,,,,,,,,,,
Synth,8bc195201075836ef8ac3408676e450b_ITA-156.png,/home/marsi/TFM/data/gen/SD_E2_HOPE/v1_8000/8bc195201075836ef8ac3408676e450b_ITA-156.png,284,284,,1,melanoma,,,,train,3,1,0,,,,,,,,,,,,,,,,,,
Synth,8c964c1b2549340f7a9130ee7a473b62_ITA-63.png,/home/marsi/TFM/data/gen/SD_E2_HOPE/v1_8000/8c964c1b2549340f7a9130ee7a473b62_ITA-63.png,284,284,,1,melanoma,,,,train,3,1,0,,,,,,,,,,,,,,,,,,
Synth,8d3bc83294b914bc7e14bf374eb24db7_ITA-26.png,/home/marsi/TFM/data/gen/SD_E2_HOPE/v1_8000/8d3bc83294b914bc7e14bf374eb24db7_ITA-26.png,284,284,,1,melanoma,,,,train,3,1,0,,,,,,,,,,,,,,,,,,
Synth,8d4052e58e494bcbd6d37e0f0a6615d5_ITA-68.png,/home/marsi/TFM/data/gen/SD_E2_HOPE/v1_8000/8d4052e58e494bcbd6d37e0f0a6615d5_ITA-68.png,284,284,,1,melanoma,,,,train,3,1,0,,,,,,,,,,,,,,,,,,
Synth,8d8f305876262ad4b471ef90fbf00e16_ITA-97.png,/home/marsi/TFM/data/gen/SD_E2_HOPE/v1_8000/8d8f305876262ad4b471ef90fbf00e16_ITA-97.png,284,284,,1,melanoma,,,,train,3,1,0,,,,,,,,,,,,,,,,,,
Synth,8df6d3182a943735f4d594ec8473b422_ITA-96.png,/home/marsi/TFM/data/gen/SD_E2_HOPE/v1_8000/8df6d3182a943735f4d594ec8473b422_ITA-96.png,284,284,,1,melanoma,,,,train,3,1,0,,,,,,,,,,,,,,,,,,
Synth,8f4d77840f356de2d713cb32905986cf_ITA-122.png,/home/marsi/TFM/data/gen/SD_E2_HOPE/v1_8000/8f4d77840f356de2d713cb32905986cf_ITA-122.png,284,284,,1,melanoma,,,,train,3,1,0,,,,,,,,,,,,,,,,,,
Synth,8f5f4e097a0da54d3d2fe7ee0f91556a_ITA-168.png,/home/marsi/TFM/data/gen/SD_E2_HOPE/v1_8000/8f5f4e097a0da54d3d2fe7ee0f91556a_ITA-168.png,284,284,,1,melanoma,,,,train,3,1,0,,,,,,,,,,,,,,,,,,
Synth,8fcee9f34c5eb2b1ccb9e6d06f4042b9_ITA-164.png,/home/marsi/TFM/data/gen/SD_E2_HOPE/v1_8000/8fcee9f34c5eb2b1ccb9e6d06f4042b9_ITA-164.png,284,284,,1,melanoma,,,,train,3,1,0,,,,,,,,,,,,,,,,,,
Synth,8fd1f229570c0352f683c1a4d0950fec_ITA-126.png,/home/marsi/TFM/data/gen/SD_E2_HOPE/v1_8000/8fd1f229570c0352f683c1a4d0950fec_ITA-126.png,284,284,,1,melanoma,,,,train,3,1,0,,,,,,,,,,,,,,,,,,
Synth,90f0ed0066c1a3b12d2bef266d49b164_ITA6.png,/home/marsi/TFM/data/gen/SD_E2_HOPE/v1_8000/90f0ed0066c1a3b12d2bef266d49b164_ITA6.png,284,284,,1,melanoma,,,,train,3,1,0,,,,,,,,,,,,,,,,,,
Synth,910813b84ffc3f7f1c9df20f33019c96_ITA-60.png,/home/marsi/TFM/data/gen/SD_E2_HOPE/v1_8000/910813b84ffc3f7f1c9df20f33019c96_ITA-60.png,284,284,,1,melanoma,,,,train,3,1,0,,,,,,,,,,,,,,,,,,
Synth,91ad224dc056da5bfd8cd083eef5f518_ITA-102.png,/home/marsi/TFM/data/gen/SD_E2_HOPE/v1_8000/91ad224dc056da5bfd8cd083eef5f518_ITA-102.png,284,284,,1,melanoma,,,,train,3,1,0,,,,,,,,,,,,,,,,,,
Synth,91c26f22da7c1a9c807ec86f7a6d0931_ITA-55.png,/home/marsi/TFM/data/gen/SD_E2_HOPE/v1_8000/91c26f22da7c1a9c807ec86f7a6d0931_ITA-55.png,284,284,,1,melanoma,,,,train,3,1,0,,,,,,,,,,,,,,,,,,
Synth,91c51be6bd4e48c04c36e2092d6fa4b5_ITA-141.png,/home/marsi/TFM/data/gen/SD_E2_HOPE/v1_8000/91c51be6bd4e48c04c36e2092d6fa4b5_ITA-141.png,284,284,,1,melanoma,,,,train,3,1,0,,,,,,,,,,,,,,,,,,
Synth,925d8e573984e846313b41c6d1051cb0_ITA-94.png,/home/marsi/TFM/data/gen/SD_E2_HOPE/v1_8000/925d8e573984e846313b41c6d1051cb0_ITA-94.png,284,284,,1,melanoma,,,,train,3,1,0,,,,,,,,,,,,,,,,,,
Synth,92a83800a0681eaf5a9058b5e6f99665_ITA-100.png,/home/marsi/TFM/data/gen/SD_E2_HOPE/v1_8000/92a83800a0681eaf5a9058b5e6f99665_ITA-100.png,284,284,,1,melanoma,,,,train,3,1,0,,,,,,,,,,,,,,,,,,
Synth,9327edc9fd59a3800e33a39317f9f3e7_ITA-146.png,/home/marsi/TFM/data/gen/SD_E2_HOPE/v1_8000/9327edc9fd59a3800e33a39317f9f3e7_ITA-146.png,284,284,,1,melanoma,,,,train,3,1,0,,,,,,,,,,,,,,,,,,
Synth,93d977aab465528ff414fb8054fcfa12_ITA-102.png,/home/marsi/TFM/data/gen/SD_E2_HOPE/v1_8000/93d977aab465528ff414fb8054fcfa12_ITA-102.png,284,284,,1,melanoma,,,,train,3,1,0,,,,,,,,,,,,,,,,,,
Synth,95a760e6ce17312edb03665553216301_ITA-129.png,/home/marsi/TFM/data/gen/SD_E2_HOPE/v1_8000/95a760e6ce17312edb03665553216301_ITA-129.png,284,284,,1,melanoma,,,,train,3,1,0,,,,,,,,,,,,,,,,,,
Synth,9610867ee9789d19eed3e2bb8893ceed_ITA-63.png,/home/marsi/TFM/data/gen/SD_E2_HOPE/v1_8000/9610867ee9789d19eed3e2bb8893ceed_ITA-63.png,284,284,,1,melanoma,,,,train,3,1,0,,,,,,,,,,,,,,,,,,
Synth,968e635b69b4fd39cde7cab58941ee9b_ITA-105.png,/home/marsi/TFM/data/gen/SD_E2_HOPE/v1_8000/968e635b69b4fd39cde7cab58941ee9b_ITA-105.png,284,284,,1,melanoma,,,,train,3,1,0,,,,,,,,,,,,,,,,,,
Synth,9863655355d72b10730821f3935cfc6e_ITA-85.png,/home/marsi/TFM/data/gen/SD_E2_HOPE/v1_8000/9863655355d72b10730821f3935cfc6e_ITA-85.png,284,284,,1,melanoma,,,,train,3,1,0,,,,,,,,,,,,,,,,,,
Synth,987944b44a0b3dd94442248633445154_ITA-106.png,/home/marsi/TFM/data/gen/SD_E2_HOPE/v1_8000/987944b44a0b3dd94442248633445154_ITA-106.png,284,284,,1,melanoma,,,,train,3,1,0,,,,,,,,,,,,,,,,,,
Synth,9a0cf23f358d9974314a55ca2be39430_ITA-170.png,/home/marsi/TFM/data/gen/SD_E2_HOPE/v1_8000/9a0cf23f358d9974314a55ca2be39430_ITA-170.png,284,284,,1,melanoma,,,,train,3,1,0,,,,,,,,,,,,,,,,,,
Synth,9a84d41d99a36b3ecd4db78a92b6667b_ITA-172.png,/home/marsi/TFM/data/gen/SD_E2_HOPE/v1_8000/9a84d41d99a36b3ecd4db78a92b6667b_ITA-172.png,284,284,,1,melanoma,,,,train,3,1,0,,,,,,,,,,,,,,,,,,
Synth,9b64df3fb01cb6fc8dac122039bedfdb_ITA-3.png,/home/marsi/TFM/data/gen/SD_E2_HOPE/v1_8000/9b64df3fb01cb6fc8dac122039bedfdb_ITA-3.png,284,284,,1,melanoma,,,,train,3,1,0,,,,,,,,,,,,,,,,,,
Synth,9f2874b9b849b2df854352f480520631_ITA-52.png,/home/marsi/TFM/data/gen/SD_E2_HOPE/v1_8000/9f2874b9b849b2df854352f480520631_ITA-52.png,284,284,,1,melanoma,,,,train,3,1,0,,,,,,,,,,,,,,,,,,
Synth,a02631722a68cae4eaeb5a363666e4a3_ITA-156.png,/home/marsi/TFM/data/gen/SD_E2_HOPE/v1_8000/a02631722a68cae4eaeb5a363666e4a3_ITA-156.png,284,284,,1,melanoma,,,,train,3,1,0,,,,,,,,,,,,,,,,,,
Synth,a09f3802aa2bdce5d3fe645d0e2bd806_ITA-165.png,/home/marsi/TFM/data/gen/SD_E2_HOPE/v1_8000/a09f3802aa2bdce5d3fe645d0e2bd806_ITA-165.png,284,284,,1,melanoma,,,,train,3,1,0,,,,,,,,,,,,,,,,,,
Synth,a155e53a067752efaecb93826d7725f7_ITA-128.png,/home/marsi/TFM/data/gen/SD_E2_HOPE/v1_8000/a155e53a067752efaecb93826d7725f7_ITA-128.png,284,284,,1,melanoma,,,,train,3,1,0,,,,,,,,,,,,,,,,,,
Synth,a172cb5dbf88877510fc1149deacec24_ITA-65.png,/home/marsi/TFM/data/gen/SD_E2_HOPE/v1_8000/a172cb5dbf88877510fc1149deacec24_ITA-65.png,284,284,,1,melanoma,,,,train,3,1,0,,,,,,,,,,,,,,,,,,
Synth,a195fb7d6be88ca5f165494f8fd76f68_ITA-171.png,/home/marsi/TFM/data/gen/SD_E2_HOPE/v1_8000/a195fb7d6be88ca5f165494f8fd76f68_ITA-171.png,284,284,,1,melanoma,,,,train,3,1,0,,,,,,,,,,,,,,,,,,
Synth,a21e5cd66a9197f14f2294440816d3e5_ITA-75.png,/home/marsi/TFM/data/gen/SD_E2_HOPE/v1_8000/a21e5cd66a9197f14f2294440816d3e5_ITA-75.png,284,284,,1,melanoma,,,,train,3,1,0,,,,,,,,,,,,,,,,,,
Synth,a284e25347cee4071db81aac10aa8c50_ITA-104.png,/home/marsi/TFM/data/gen/SD_E2_HOPE/v1_8000/a284e25347cee4071db81aac10aa8c50_ITA-104.png,284,284,,1,melanoma,,,,train,3,1,0,,,,,,,,,,,,,,,,,,
Synth,a2a0ef22a4e32c71db759b0d2e3ffdc4_ITA-119.png,/home/marsi/TFM/data/gen/SD_E2_HOPE/v1_8000/a2a0ef22a4e32c71db759b0d2e3ffdc4_ITA-119.png,284,284,,1,melanoma,,,,train,3,1,0,,,,,,,,,,,,,,,,,,
Synth,a31ebdbdafb139eda3fa9a468005f6f1_ITA-163.png,/home/marsi/TFM/data/gen/SD_E2_HOPE/v1_8000/a31ebdbdafb139eda3fa9a468005f6f1_ITA-163.png,284,284,,1,melanoma,,,,train,3,1,0,,,,,,,,,,,,,,,,,,
Synth,a415ab4805c247289c5f2285deb1ce29_ITA-151.png,/home/marsi/TFM/data/gen/SD_E2_HOPE/v1_8000/a415ab4805c247289c5f2285deb1ce29_ITA-151.png,284,284,,1,melanoma,,,,train,3,1,0,,,,,,,,,,,,,,,,,,
Synth,a422fdfeedd658f6d793eae8c2ce6c94_ITA-156.png,/home/marsi/TFM/data/gen/SD_E2_HOPE/v1_8000/a422fdfeedd658f6d793eae8c2ce6c94_ITA-156.png,284,284,,1,melanoma,,,,train,3,1,0,,,,,,,,,,,,,,,,,,
Synth,a486862aa94370ef9b21cddd1b51577f_ITA-110.png,/home/marsi/TFM/data/gen/SD_E2_HOPE/v1_8000/a486862aa94370ef9b21cddd1b51577f_ITA-110.png,284,284,,1,melanoma,,,,train,3,1,0,,,,,,,,,,,,,,,,,,
Synth,a48d8061fa161ac978e4506b5349ccdd_ITA-29.png,/home/marsi/TFM/data/gen/SD_E2_HOPE/v1_8000/a48d8061fa161ac978e4506b5349ccdd_ITA-29.png,284,284,,1,melanoma,,,,train,3,1,0,,,,,,,,,,,,,,,,,,
Synth,a51f57cda20574073be489b6842450a5_ITA-82.png,/home/marsi/TFM/data/gen/SD_E2_HOPE/v1_8000/a51f57cda20574073be489b6842450a5_ITA-82.png,284,284,,1,melanoma,,,,train,3,1,0,,,,,,,,,,,,,,,,,,
Synth,a538312e80d4feb000dbd1346370c484_ITA-108.png,/home/marsi/TFM/data/gen/SD_E2_HOPE/v1_8000/a538312e80d4feb000dbd1346370c484_ITA-108.png,284,284,,1,melanoma,,,,train,3,1,0,,,,,,,,,,,,,,,,,,
Synth,a750d5f1b9e36fb2b5837ba568f7f64e_ITA-48.png,/home/marsi/TFM/data/gen/SD_E2_HOPE/v1_8000/a750d5f1b9e36fb2b5837ba568f7f64e_ITA-48.png,284,284,,1,melanoma,,,,train,3,1,0,,,,,,,,,,,,,,,,,,
Synth,a85688d037ccc812bc732c9ec89d0a88_ITA-54.png,/home/marsi/TFM/data/gen/SD_E2_HOPE/v1_8000/a85688d037ccc812bc732c9ec89d0a88_ITA-54.png,284,284,,1,melanoma,,,,train,3,1,0,,,,,,,,,,,,,,,,,,
Synth,a8abf38c95d0508d0107e4ad817af4cf_ITA-43.png,/home/marsi/TFM/data/gen/SD_E2_HOPE/v1_8000/a8abf38c95d0508d0107e4ad817af4cf_ITA-43.png,284,284,,1,melanoma,,,,train,3,1,0,,,,,,,,,,,,,,,,,,
Synth,a9ae2435fb0cf2389e581c873bfef2ab_ITA-55.png,/home/marsi/TFM/data/gen/SD_E2_HOPE/v1_8000/a9ae2435fb0cf2389e581c873bfef2ab_ITA-55.png,284,284,,1,melanoma,,,,train,3,1,0,,,,,,,,,,,,,,,,,,
Synth,abb7f9cbdcb13f722495d4d85851f0bb_ITA-31.png,/home/marsi/TFM/data/gen/SD_E2_HOPE/v1_8000/abb7f9cbdcb13f722495d4d85851f0bb_ITA-31.png,284,284,,1,melanoma,,,,train,3,1,0,,,,,,,,,,,,,,,,,,
Synth,ae0e9302c44f952ce5ef347cc94b36e8_ITA-112.png,/home/marsi/TFM/data/gen/SD_E2_HOPE/v1_8000/ae0e9302c44f952ce5ef347cc94b36e8_ITA-112.png,284,284,,1,melanoma,,,,train,3,1,0,,,,,,,,,,,,,,,,,,
Synth,aed36f33de6c59aa87dd8826c00e58b6_ITA-100.png,/home/marsi/TFM/data/gen/SD_E2_HOPE/v1_8000/aed36f33de6c59aa87dd8826c00e58b6_ITA-100.png,284,284,,1,melanoma,,,,train,3,1,0,,,,,,,,,,,,,,,,,,
Synth,af85085c6aa3e45818caef755f095333_ITA-29.png,/home/marsi/TFM/data/gen/SD_E2_HOPE/v1_8000/af85085c6aa3e45818caef755f095333_ITA-29.png,284,284,,1,melanoma,,,,train,3,1,0,,,,,,,,,,,,,,,,,,
Synth,afcde7b0ee41fc9ace50ade2a5f46660_ITA-72.png,/home/marsi/TFM/data/gen/SD_E2_HOPE/v1_8000/afcde7b0ee41fc9ace50ade2a5f46660_ITA-72.png,284,284,,1,melanoma,,,,train,3,1,0,,,,,,,,,,,,,,,,,,
Synth,b05b574e4269ff8d3a4a68800fa118c2_ITA-33.png,/home/marsi/TFM/data/gen/SD_E2_HOPE/v1_8000/b05b574e4269ff8d3a4a68800fa118c2_ITA-33.png,284,284,,1,melanoma,,,,train,3,1,0,,,,,,,,,,,,,,,,,,
Synth,b089c76ca4c1c6adb93183bf2a045c9f_ITA-57.png,/home/marsi/TFM/data/gen/SD_E2_HOPE/v1_8000/b089c76ca4c1c6adb93183bf2a045c9f_ITA-57.png,284,284,,1,melanoma,,,,train,3,1,0,,,,,,,,,,,,,,,,,,
Synth,b0d99ac178bec42befec491ada840b99_ITA-79.png,/home/marsi/TFM/data/gen/SD_E2_HOPE/v1_8000/b0d99ac178bec42befec491ada840b99_ITA-79.png,284,284,,1,melanoma,,,,train,3,1,0,,,,,,,,,,,,,,,,,,
Synth,b1873725559b135121873601f02590a0_ITA-142.png,/home/marsi/TFM/data/gen/SD_E2_HOPE/v1_8000/b1873725559b135121873601f02590a0_ITA-142.png,284,284,,1,melanoma,,,,train,3,1,0,,,,,,,,,,,,,,,,,,
Synth,b20a627a118c34c6b072bea1e62641ed_ITA-58.png,/home/marsi/TFM/data/gen/SD_E2_HOPE/v1_8000/b20a627a118c34c6b072bea1e62641ed_ITA-58.png,284,284,,1,melanoma,,,,train,3,1,0,,,,,,,,,,,,,,,,,,
Synth,b3c627331165e690303d8b4b3023445c_ITA-52.png,/home/marsi/TFM/data/gen/SD_E2_HOPE/v1_8000/b3c627331165e690303d8b4b3023445c_ITA-52.png,284,284,,1,melanoma,,,,train,3,1,0,,,,,,,,,,,,,,,,,,
Synth,b3d4ba56ef0048ed12c458800296f32e_ITA-82.png,/home/marsi/TFM/data/gen/SD_E2_HOPE/v1_8000/b3d4ba56ef0048ed12c458800296f32e_ITA-82.png,284,284,,1,melanoma,,,,train,3,1,0,,,,,,,,,,,,,,,,,,
Synth,b46c9ec573a11a0b90fb9c3e72083145_ITA-173.png,/home/marsi/TFM/data/gen/SD_E2_HOPE/v1_8000/b46c9ec573a11a0b90fb9c3e72083145_ITA-173.png,284,284,,1,melanoma,,,,train,3,1,0,,,,,,,,,,,,,,,,,,
Synth,b49b2e1671c500502e8bc936c48ce15f_ITA-93.png,/home/marsi/TFM/data/gen/SD_E2_HOPE/v1_8000/b49b2e1671c500502e8bc936c48ce15f_ITA-93.png,284,284,,1,melanoma,,,,train,3,1,0,,,,,,,,,,,,,,,,,,
Synth,b4c827141fedbbbbb58a78e12664630c_ITA-45.png,/home/marsi/TFM/data/gen/SD_E2_HOPE/v1_8000/b4c827141fedbbbbb58a78e12664630c_ITA-45.png,284,284,,1,melanoma,,,,train,3,1,0,,,,,,,,,,,,,,,,,,
Synth,b55eb6a3ff7b526b9450f24b7ec1847f_ITA-61.png,/home/marsi/TFM/data/gen/SD_E2_HOPE/v1_8000/b55eb6a3ff7b526b9450f24b7ec1847f_ITA-61.png,284,284,,1,melanoma,,,,train,3,1,0,,,,,,,,,,,,,,,,,,
Synth,b6778a98b4bbe95c419c3232d45c51af_ITA-103.png,/home/marsi/TFM/data/gen/SD_E2_HOPE/v1_8000/b6778a98b4bbe95c419c3232d45c51af_ITA-103.png,284,284,,1,melanoma,,,,train,3,1,0,,,,,,,,,,,,,,,,,,
Synth,b714a57e21a3495f16f652e52c29718b_ITA-47.png,/home/marsi/TFM/data/gen/SD_E2_HOPE/v1_8000/b714a57e21a3495f16f652e52c29718b_ITA-47.png,284,284,,1,melanoma,,,,train,3,1,0,,,,,,,,,,,,,,,,,,
Synth,b75674f88cda34e4853ab60e09be181a_ITA-76.png,/home/marsi/TFM/data/gen/SD_E2_HOPE/v1_8000/b75674f88cda34e4853ab60e09be181a_ITA-76.png,284,284,,1,melanoma,,,,train,3,1,0,,,,,,,,,,,,,,,,,,
Synth,b7780ad1dbce13b09ed7275adc02513c_ITA-131.png,/home/marsi/TFM/data/gen/SD_E2_HOPE/v1_8000/b7780ad1dbce13b09ed7275adc02513c_ITA-131.png,284,284,,1,melanoma,,,,train,3,1,0,,,,,,,,,,,,,,,,,,
Synth,b92a431134797d5b010da3544ab46cd4_ITA-146.png,/home/marsi/TFM/data/gen/SD_E2_HOPE/v1_8000/b92a431134797d5b010da3544ab46cd4_ITA-146.png,284,284,,1,melanoma,,,,train,3,1,0,,,,,,,,,,,,,,,,,,
Synth,b9337a9dd62e5fc8e1cacaa2775834d5_ITA-135.png,/home/marsi/TFM/data/gen/SD_E2_HOPE/v1_8000/b9337a9dd62e5fc8e1cacaa2775834d5_ITA-135.png,284,284,,1,melanoma,,,,train,3,1,0,,,,,,,,,,,,,,,,,,
Synth,bab0252bca6d92741e47d9f479231fc5_ITA-67.png,/home/marsi/TFM/data/gen/SD_E2_HOPE/v1_8000/bab0252bca6d92741e47d9f479231fc5_ITA-67.png,284,284,,1,melanoma,,,,train,3,1,0,,,,,,,,,,,,,,,,,,
Synth,bb2af04050583c9f1e5fd791e18da9fd_ITA-122.png,/home/marsi/TFM/data/gen/SD_E2_HOPE/v1_8000/bb2af04050583c9f1e5fd791e18da9fd_ITA-122.png,284,284,,1,melanoma,,,,train,3,1,0,,,,,,,,,,,,,,,,,,
Synth,bb7d52bb48e9981ff9d29276a15205fe_ITA-92.png,/home/marsi/TFM/data/gen/SD_E2_HOPE/v1_8000/bb7d52bb48e9981ff9d29276a15205fe_ITA-92.png,284,284,,1,melanoma,,,,train,3,1,0,,,,,,,,,,,,,,,,,,
Synth,bc28b17719fa270dd9016aab00cb072d_ITA-94.png,/home/marsi/TFM/data/gen/SD_E2_HOPE/v1_8000/bc28b17719fa270dd9016aab00cb072d_ITA-94.png,284,284,,1,melanoma,,,,train,3,1,0,,,,,,,,,,,,,,,,,,
Synth,bc4a46f99d27f5111358b14ff01e9bf0_ITA-82.png,/home/marsi/TFM/data/gen/SD_E2_HOPE/v1_8000/bc4a46f99d27f5111358b14ff01e9bf0_ITA-82.png,284,284,,1,melanoma,,,,train,3,1,0,,,,,,,,,,,,,,,,,,
Synth,bde3a93311dcc3c810740ec6e68bccd4_ITA-51.png,/home/marsi/TFM/data/gen/SD_E2_HOPE/v1_8000/bde3a93311dcc3c810740ec6e68bccd4_ITA-51.png,284,284,,1,melanoma,,,,train,3,1,0,,,,,,,,,,,,,,,,,,
Synth,bf79e55b81d4ac0a47318426462a2853_ITA-100.png,/home/marsi/TFM/data/gen/SD_E2_HOPE/v1_8000/bf79e55b81d4ac0a47318426462a2853_ITA-100.png,284,284,,1,melanoma,,,,train,3,1,0,,,,,,,,,,,,,,,,,,
Synth,c1b8bc1b3821ffdcd4bfec9a37d6ea00_ITA-69.png,/home/marsi/TFM/data/gen/SD_E2_HOPE/v1_8000/c1b8bc1b3821ffdcd4bfec9a37d6ea00_ITA-69.png,284,284,,1,melanoma,,,,train,3,1,0,,,,,,,,,,,,,,,,,,
Synth,c1d69880ccfc4ba6949a0701c8e39377_ITA-92.png,/home/marsi/TFM/data/gen/SD_E2_HOPE/v1_8000/c1d69880ccfc4ba6949a0701c8e39377_ITA-92.png,284,284,,1,melanoma,,,,train,3,1,0,,,,,,,,,,,,,,,,,,
Synth,c282a73115cb0a8d19dc3810a09630eb_ITA-169.png,/home/marsi/TFM/data/gen/SD_E2_HOPE/v1_8000/c282a73115cb0a8d19dc3810a09630eb_ITA-169.png,284,284,,1,melanoma,,,,train,3,1,0,,,,,,,,,,,,,,,,,,
Synth,c36798739dc97eb0343d7a0a0b844897_ITA-163.png,/home/marsi/TFM/data/gen/SD_E2_HOPE/v1_8000/c36798739dc97eb0343d7a0a0b844897_ITA-163.png,284,284,,1,melanoma,,,,train,3,1,0,,,,,,,,,,,,,,,,,,
Synth,c395af1ed271b1126e9d3c87bf62d518_ITA-93.png,/home/marsi/TFM/data/gen/SD_E2_HOPE/v1_8000/c395af1ed271b1126e9d3c87bf62d518_ITA-93.png,284,284,,1,melanoma,,,,train,3,1,0,,,,,,,,,,,,,,,,,,
Synth,c4627fe566aa1d02ce2500e4419238ab_ITA-64.png,/home/marsi/TFM/data/gen/SD_E2_HOPE/v1_8000/c4627fe566aa1d02ce2500e4419238ab_ITA-64.png,284,284,,1,melanoma,,,,train,3,1,0,,,,,,,,,,,,,,,,,,
Synth,c4a25af4f0a308c1a994c8a01f957452_ITA-95.png,/home/marsi/TFM/data/gen/SD_E2_HOPE/v1_8000/c4a25af4f0a308c1a994c8a01f957452_ITA-95.png,284,284,,1,melanoma,,,,train,3,1,0,,,,,,,,,,,,,,,,,,
Synth,c4eabc8cc1c33f6bd0cdc2f388a76faa_ITA-20.png,/home/marsi/TFM/data/gen/SD_E2_HOPE/v1_8000/c4eabc8cc1c33f6bd0cdc2f388a76faa_ITA-20.png,284,284,,1,melanoma,,,,train,3,1,0,,,,,,,,,,,,,,,,,,
Synth,c5dbc41b1f31f16f6f8cfed673b745d0_ITA-74.png,/home/marsi/TFM/data/gen/SD_E2_HOPE/v1_8000/c5dbc41b1f31f16f6f8cfed673b745d0_ITA-74.png,284,284,,1,melanoma,,,,train,3,1,0,,,,,,,,,,,,,,,,,,
Synth,c78ba5bf0a1fe5bb4d7d3c4db0d2fd10_ITA-52.png,/home/marsi/TFM/data/gen/SD_E2_HOPE/v1_8000/c78ba5bf0a1fe5bb4d7d3c4db0d2fd10_ITA-52.png,284,284,,1,melanoma,,,,train,3,1,0,,,,,,,,,,,,,,,,,,
Synth,c7aee17323b108f9f6619a805e25a2d6_ITA-127.png,/home/marsi/TFM/data/gen/SD_E2_HOPE/v1_8000/c7aee17323b108f9f6619a805e25a2d6_ITA-127.png,284,284,,1,melanoma,,,,train,3,1,0,,,,,,,,,,,,,,,,,,
Synth,c89b4f473dda5de4ba9ea91d4d8ae5cf_ITA-30.png,/home/marsi/TFM/data/gen/SD_E2_HOPE/v1_8000/c89b4f473dda5de4ba9ea91d4d8ae5cf_ITA-30.png,284,284,,1,melanoma,,,,train,3,1,0,,,,,,,,,,,,,,,,,,
Synth,c9cd5327d9a9b3012a51120cf95bc079_ITA-22.png,/home/marsi/TFM/data/gen/SD_E2_HOPE/v1_8000/c9cd5327d9a9b3012a51120cf95bc079_ITA-22.png,284,284,,1,melanoma,,,,train,3,1,0,,,,,,,,,,,,,,,,,,
Synth,cab088b049102629d922d4855b4c8e09_ITA-36.png,/home/marsi/TFM/data/gen/SD_E2_HOPE/v1_8000/cab088b049102629d922d4855b4c8e09_ITA-36.png,284,284,,1,melanoma,,,,train,3,1,0,,,,,,,,,,,,,,,,,,
Synth,cab35d696b1cac1216d688c25f413146_ITA-106.png,/home/marsi/TFM/data/gen/SD_E2_HOPE/v1_8000/cab35d696b1cac1216d688c25f413146_ITA-106.png,284,284,,1,melanoma,,,,train,3,1,0,,,,,,,,,,,,,,,,,,
Synth,cb4f3420d4f488db0a01d898fab17899_ITA-163.png,/home/marsi/TFM/data/gen/SD_E2_HOPE/v1_8000/cb4f3420d4f488db0a01d898fab17899_ITA-163.png,284,284,,1,melanoma,,,,train,3,1,0,,,,,,,,,,,,,,,,,,
Synth,cbfef7102fd00332affa55779b53f8ad_ITA-80.png,/home/marsi/TFM/data/gen/SD_E2_HOPE/v1_8000/cbfef7102fd00332affa55779b53f8ad_ITA-80.png,284,284,,1,melanoma,,,,train,3,1,0,,,,,,,,,,,,,,,,,,
Synth,ccd450835d448be6268b29841e00dd92_ITA-47.png,/home/marsi/TFM/data/gen/SD_E2_HOPE/v1_8000/ccd450835d448be6268b29841e00dd92_ITA-47.png,284,284,,1,melanoma,,,,train,3,1,0,,,,,,,,,,,,,,,,,,
Synth,cd6cd629da9c8322a915e0c457902f05_ITA-85.png,/home/marsi/TFM/data/gen/SD_E2_HOPE/v1_8000/cd6cd629da9c8322a915e0c457902f05_ITA-85.png,284,284,,1,melanoma,,,,train,3,1,0,,,,,,,,,,,,,,,,,,
Synth,ce6deba785a93bc8653dd6d7cadb3d67_ITA-28.png,/home/marsi/TFM/data/gen/SD_E2_HOPE/v1_8000/ce6deba785a93bc8653dd6d7cadb3d67_ITA-28.png,284,284,,1,melanoma,,,,train,3,1,0,,,,,,,,,,,,,,,,,,
Synth,cf04f6d0441a390bb08e0cdcb107670a_ITA-78.png,/home/marsi/TFM/data/gen/SD_E2_HOPE/v1_8000/cf04f6d0441a390bb08e0cdcb107670a_ITA-78.png,284,284,,1,melanoma,,,,train,3,1,0,,,,,,,,,,,,,,,,,,
Synth,d1f3550778e2129e0f1c7df6919f5ceb_ITA-94.png,/home/marsi/TFM/data/gen/SD_E2_HOPE/v1_8000/d1f3550778e2129e0f1c7df6919f5ceb_ITA-94.png,284,284,,1,melanoma,,,,train,3,1,0,,,,,,,,,,,,,,,,,,
Synth,d2a999db851024160358031c93fa7eaf_ITA-19.png,/home/marsi/TFM/data/gen/SD_E2_HOPE/v1_8000/d2a999db851024160358031c93fa7eaf_ITA-19.png,284,284,,1,melanoma,,,,train,3,1,0,,,,,,,,,,,,,,,,,,
Synth,d2f8ab5ddf55706f6425803015294236_ITA-157.png,/home/marsi/TFM/data/gen/SD_E2_HOPE/v1_8000/d2f8ab5ddf55706f6425803015294236_ITA-157.png,284,284,,1,melanoma,,,,train,3,1,0,,,,,,,,,,,,,,,,,,
Synth,d34e7297d6ed75d6592de871eb3a54c1_ITA-92.png,/home/marsi/TFM/data/gen/SD_E2_HOPE/v1_8000/d34e7297d6ed75d6592de871eb3a54c1_ITA-92.png,284,284,,1,melanoma,,,,train,3,1,0,,,,,,,,,,,,,,,,,,
Synth,d47ac5073e1d42d8e95d6b8a44d0f010_ITA-43.png,/home/marsi/TFM/data/gen/SD_E2_HOPE/v1_8000/d47ac5073e1d42d8e95d6b8a44d0f010_ITA-43.png,284,284,,1,melanoma,,,,train,3,1,0,,,,,,,,,,,,,,,,,,
Synth,d573091f5c74ba8bf33f1307ba231208_ITA-25.png,/home/marsi/TFM/data/gen/SD_E2_HOPE/v1_8000/d573091f5c74ba8bf33f1307ba231208_ITA-25.png,284,284,,1,melanoma,,,,train,3,1,0,,,,,,,,,,,,,,,,,,
Synth,d6133506426f41fcdab02562a263a519_ITA-31.png,/home/marsi/TFM/data/gen/SD_E2_HOPE/v1_8000/d6133506426f41fcdab02562a263a519_ITA-31.png,284,284,,1,melanoma,,,,train,3,1,0,,,,,,,,,,,,,,,,,,
Synth,d61ab070aa39cb51dbff27fda93efb2f_ITA-33.png,/home/marsi/TFM/data/gen/SD_E2_HOPE/v1_8000/d61ab070aa39cb51dbff27fda93efb2f_ITA-33.png,284,284,,1,melanoma,,,,train,3,1,0,,,,,,,,,,,,,,,,,,
Synth,d66404d75bd4d8fc30cfbfa420ed99d0_ITA-114.png,/home/marsi/TFM/data/gen/SD_E2_HOPE/v1_8000/d66404d75bd4d8fc30cfbfa420ed99d0_ITA-114.png,284,284,,1,melanoma,,,,train,3,1,0,,,,,,,,,,,,,,,,,,
Synth,dab7ea1f7368017bcbf44561b8ae18ac_ITA-37.png,/home/marsi/TFM/data/gen/SD_E2_HOPE/v1_8000/dab7ea1f7368017bcbf44561b8ae18ac_ITA-37.png,284,284,,1,melanoma,,,,train,3,1,0,,,,,,,,,,,,,,,,,,
Synth,dbea9493aaa040c4a9808f3cbc3bd5c9_ITA-65.png,/home/marsi/TFM/data/gen/SD_E2_HOPE/v1_8000/dbea9493aaa040c4a9808f3cbc3bd5c9_ITA-65.png,284,284,,1,melanoma,,,,train,3,1,0,,,,,,,,,,,,,,,,,,
Synth,dc28b593892b70b9a57447e82c2e8920_ITA-95.png,/home/marsi/TFM/data/gen/SD_E2_HOPE/v1_8000/dc28b593892b70b9a57447e82c2e8920_ITA-95.png,284,284,,1,melanoma,,,,train,3,1,0,,,,,,,,,,,,,,,,,,
Synth,dc88f8c9e685c1c139ff2a595a975aa2_ITA-138.png,/home/marsi/TFM/data/gen/SD_E2_HOPE/v1_8000/dc88f8c9e685c1c139ff2a595a975aa2_ITA-138.png,284,284,,1,melanoma,,,,train,3,1,0,,,,,,,,,,,,,,,,,,
Synth,dca6ede914d1d16da6c30d704b452c9f_ITA-52.png,/home/marsi/TFM/data/gen/SD_E2_HOPE/v1_8000/dca6ede914d1d16da6c30d704b452c9f_ITA-52.png,284,284,,1,melanoma,,,,train,3,1,0,,,,,,,,,,,,,,,,,,
Synth,dd2c7d3dcdff1288d12a7f1f638a531b_ITA-105.png,/home/marsi/TFM/data/gen/SD_E2_HOPE/v1_8000/dd2c7d3dcdff1288d12a7f1f638a531b_ITA-105.png,284,284,,1,melanoma,,,,train,3,1,0,,,,,,,,,,,,,,,,,,
Synth,dd9986b439b913639c4c495df4cea959_ITA-169.png,/home/marsi/TFM/data/gen/SD_E2_HOPE/v1_8000/dd9986b439b913639c4c495df4cea959_ITA-169.png,284,284,,1,melanoma,,,,train,3,1,0,,,,,,,,,,,,,,,,,,
Synth,ddd0ce8b8acd73a20ec7c8eba180fe24_ITA-120.png,/home/marsi/TFM/data/gen/SD_E2_HOPE/v1_8000/ddd0ce8b8acd73a20ec7c8eba180fe24_ITA-120.png,284,284,,1,melanoma,,,,train,3,1,0,,,,,,,,,,,,,,,,,,
Synth,dec7429aaa1a088ccb1a5e9ed88501c0_ITA-95.png,/home/marsi/TFM/data/gen/SD_E2_HOPE/v1_8000/dec7429aaa1a088ccb1a5e9ed88501c0_ITA-95.png,284,284,,1,melanoma,,,,train,3,1,0,,,,,,,,,,,,,,,,,,
Synth,decd86be5fe0b67a15a7e35aa3a2fd77_ITA-116.png,/home/marsi/TFM/data/gen/SD_E2_HOPE/v1_8000/decd86be5fe0b67a15a7e35aa3a2fd77_ITA-116.png,284,284,,1,melanoma,,,,train,3,1,0,,,,,,,,,,,,,,,,,,
Synth,df29fff166e93506479bdac099d6559c_ITA-15.png,/home/marsi/TFM/data/gen/SD_E2_HOPE/v1_8000/df29fff166e93506479bdac099d6559c_ITA-15.png,284,284,,1,melanoma,,,,train,3,1,0,,,,,,,,,,,,,,,,,,
Synth,e2e6c693a19d728e522c57dbe5610f22_ITA-41.png,/home/marsi/TFM/data/gen/SD_E2_HOPE/v1_8000/e2e6c693a19d728e522c57dbe5610f22_ITA-41.png,284,284,,1,melanoma,,,,train,3,1,0,,,,,,,,,,,,,,,,,,
Synth,e3c7a8ee6197df1a3cf26f4ba504b949_ITA-68.png,/home/marsi/TFM/data/gen/SD_E2_HOPE/v1_8000/e3c7a8ee6197df1a3cf26f4ba504b949_ITA-68.png,284,284,,1,melanoma,,,,train,3,1,0,,,,,,,,,,,,,,,,,,
Synth,e5ce12fbb007adb64cfcace20402e8da_ITA-108.png,/home/marsi/TFM/data/gen/SD_E2_HOPE/v1_8000/e5ce12fbb007adb64cfcace20402e8da_ITA-108.png,284,284,,1,melanoma,,,,train,3,1,0,,,,,,,,,,,,,,,,,,
Synth,e9f40b451b97762f850b780eb5f141b5_ITA2.png,/home/marsi/TFM/data/gen/SD_E2_HOPE/v1_8000/e9f40b451b97762f850b780eb5f141b5_ITA2.png,284,284,,1,melanoma,,,,train,3,1,0,,,,,,,,,,,,,,,,,,
Synth,sdl_000000.png,/home/marsi/TFM/data/gen/SD_E2_HOPE/v1_8000/sdl_000000.png,284,284,,1,melanoma,,,,train,3,1,0,,,,,,,,,,,,,,,,,,
Synth,sdl_000001.png,/home/marsi/TFM/data/gen/SD_E2_HOPE/v1_8000/sdl_000001.png,284,284,,1,melanoma,,,,train,3,1,0,,,,,,,,,,,,,,,,,,
Synth,sdl_000002.png,/home/marsi/TFM/data/gen/SD_E2_HOPE/v1_8000/sdl_000002.png,284,284,,1,melanoma,,,,train,3,1,0,,,,,,,,,,,,,,,,,,
Synth,sdl_000003.png,/home/marsi/TFM/data/gen/SD_E2_HOPE/v1_8000/sdl_000003.png,284,284,,1,melanoma,,,,train,3,1,0,,,,,,,,,,,,,,,,,,
Synth,sdl_000004.png,/home/marsi/TFM/data/gen/SD_E2_HOPE/v1_8000/sdl_000004.png,284,284,,1,melanoma,,,,train,3,1,0,,,,,,,,,,,,,,,,,,
Synth,sdl_000005.png,/home/marsi/TFM/data/gen/SD_E2_HOPE/v1_8000/sdl_000005.png,284,284,,1,melanoma,,,,train,3,1,0,,,,,,,,,,,,,,,,,,
Synth,sdl_000006.png,/home/marsi/TFM/data/gen/SD_E2_HOPE/v1_8000/sdl_000006.png,284,284,,1,melanoma,,,,train,3,1,0,,,,,,,,,,,,,,,,,,
Synth,sdl_000007.png,/home/marsi/TFM/data/gen/SD_E2_HOPE/v1_8000/sdl_000007.png,284,284,,1,melanoma,,,,train,3,1,0,,,,,,,,,,,,,,,,,,
Synth,sdl_000008.png,/home/marsi/TFM/data/gen/SD_E2_HOPE/v1_8000/sdl_000008.png,284,284,,1,melanoma,,,,train,3,1,0,,,,,,,,,,,,,,,,,,
Synth,sdl_000009.png,/home/marsi/TFM/data/gen/SD_E2_HOPE/v1_8000/sdl_000009.png,284,284,,1,melanoma,,,,train,3,1,0,,,,,,,,,,,,,,,,,,
Synth,sdl_000010.png,/home/marsi/TFM/data/gen/SD_E2_HOPE/v1_8000/sdl_000010.png,284,284,,1,melanoma,,,,train,3,1,0,,,,,,,,,,,,,,,,,,
Synth,sdl_000011.png,/home/marsi/TFM/data/gen/SD_E2_HOPE/v1_8000/sdl_000011.png,284,284,,1,melanoma,,,,train,3,1,0,,,,,,,,,,,,,,,,,,
Synth,sdl_000012.png,/home/marsi/TFM/data/gen/SD_E2_HOPE/v1_8000/sdl_000012.png,284,284,,1,melanoma,,,,train,3,1,0,,,,,,,,,,,,,,,,,,
Synth,sdl_000013.png,/home/marsi/TFM/data/gen/SD_E2_HOPE/v1_8000/sdl_000013.png,284,284,,1,melanoma,,,,train,3,1,0,,,,,,,,,,,,,,,,,,
Synth,sdl_000014.png,/home/marsi/TFM/data/gen/SD_E2_HOPE/v1_8000/sdl_000014.png,284,284,,1,melanoma,,,,train,3,1,0,,,,,,,,,,,,,,,,,,
Synth,sdl_000015.png,/home/marsi/TFM/data/gen/SD_E2_HOPE/v1_8000/sdl_000015.png,284,284,,1,melanoma,,,,train,3,1,0,,,,,,,,,,,,,,,,,,
Synth,sdl_000016.png,/home/marsi/TFM/data/gen/SD_E2_HOPE/v1_8000/sdl_000016.png,284,284,,1,melanoma,,,,train,3,1,0,,,,,,,,,,,,,,,,,,
Synth,sdl_000017.png,/home/marsi/TFM/data/gen/SD_E2_HOPE/v1_8000/sdl_000017.png,284,284,,1,melanoma,,,,train,3,1,0,,,,,,,,,,,,,,,,,,
Synth,sdl_000018.png,/home/marsi/TFM/data/gen/SD_E2_HOPE/v1_8000/sdl_000018.png,284,284,,1,melanoma,,,,train,3,1,0,,,,,,,,,,,,,,,,,,
Synth,sdl_000019.png,/home/marsi/TFM/data/gen/SD_E2_HOPE/v1_8000/sdl_000019.png,284,284,,1,melanoma,,,,train,3,1,0,,,,,,,,,,,,,,,,,,
Synth,sdl_000020.png,/home/marsi/TFM/data/gen/SD_E2_HOPE/v1_8000/sdl_000020.png,284,284,,1,melanoma,,,,train,3,1,0,,,,,,,,,,,,,,,,,,
Synth,sdl_000021.png,/home/marsi/TFM/data/gen/SD_E2_HOPE/v1_8000/sdl_000021.png,284,284,,1,melanoma,,,,train,3,1,0,,,,,,,,,,,,,,,,,,
Synth,sdl_000022.png,/home/marsi/TFM/data/gen/SD_E2_HOPE/v1_8000/sdl_000022.png,284,284,,1,melanoma,,,,train,3,1,0,,,,,,,,,,,,,,,,,,
Synth,sdl_000023.png,/home/marsi/TFM/data/gen/SD_E2_HOPE/v1_8000/sdl_000023.png,284,284,,1,melanoma,,,,train,3,1,0,,,,,,,,,,,,,,,,,,
Synth,sdl_000024.png,/home/marsi/TFM/data/gen/SD_E2_HOPE/v1_8000/sdl_000024.png,284,284,,1,melanoma,,,,train,3,1,0,,,,,,,,,,,,,,,,,,
Synth,sdl_000025.png,/home/marsi/TFM/data/gen/SD_E2_HOPE/v1_8000/sdl_000025.png,284,284,,1,melanoma,,,,train,3,1,0,,,,,,,,,,,,,,,,,,
Synth,sdl_000026.png,/home/marsi/TFM/data/gen/SD_E2_HOPE/v1_8000/sdl_000026.png,284,284,,1,melanoma,,,,train,3,1,0,,,,,,,,,,,,,,,,,,
Synth,sdl_000027.png,/home/marsi/TFM/data/gen/SD_E2_HOPE/v1_8000/sdl_000027.png,284,284,,1,melanoma,,,,train,3,1,0,,,,,,,,,,,,,,,,,,
Synth,sdl_000028.png,/home/marsi/TFM/data/gen/SD_E2_HOPE/v1_8000/sdl_000028.png,284,284,,1,melanoma,,,,train,3,1,0,,,,,,,,,,,,,,,,,,
Synth,sdl_000029.png,/home/marsi/TFM/data/gen/SD_E2_HOPE/v1_8000/sdl_000029.png,284,284,,1,melanoma,,,,train,3,1,0,,,,,,,,,,,,,,,,,,
Synth,sdl_000030.png,/home/marsi/TFM/data/gen/SD_E2_HOPE/v1_8000/sdl_000030.png,284,284,,1,melanoma,,,,train,3,1,0,,,,,,,,,,,,,,,,,,
Synth,sdl_000031.png,/home/marsi/TFM/data/gen/SD_E2_HOPE/v1_8000/sdl_000031.png,284,284,,1,melanoma,,,,train,3,1,0,,,,,,,,,,,,,,,,,,
Synth,sdl_000032.png,/home/marsi/TFM/data/gen/SD_E2_HOPE/v1_8000/sdl_000032.png,284,284,,1,melanoma,,,,train,3,1,0,,,,,,,,,,,,,,,,,,
Synth,sdl_000033.png,/home/marsi/TFM/data/gen/SD_E2_HOPE/v1_8000/sdl_000033.png,284,284,,1,melanoma,,,,train,3,1,0,,,,,,,,,,,,,,,,,,
Synth,sdl_000034.png,/home/marsi/TFM/data/gen/SD_E2_HOPE/v1_8000/sdl_000034.png,284,284,,1,melanoma,,,,train,3,1,0,,,,,,,,,,,,,,,,,,
Synth,sdl_000035.png,/home/marsi/TFM/data/gen/SD_E2_HOPE/v1_8000/sdl_000035.png,284,284,,1,melanoma,,,,train,3,1,0,,,,,,,,,,,,,,,,,,
Synth,sdl_000036.png,/home/marsi/TFM/data/gen/SD_E2_HOPE/v1_8000/sdl_000036.png,284,284,,1,melanoma,,,,train,3,1,0,,,,,,,,,,,,,,,,,,
Synth,sdl_000037.png,/home/marsi/TFM/data/gen/SD_E2_HOPE/v1_8000/sdl_000037.png,284,284,,1,melanoma,,,,train,3,1,0,,,,,,,,,,,,,,,,,,
Synth,sdl_000038.png,/home/marsi/TFM/data/gen/SD_E2_HOPE/v1_8000/sdl_000038.png,284,284,,1,melanoma,,,,train,3,1,0,,,,,,,,,,,,,,,,,,
Synth,sdl_000039.png,/home/marsi/TFM/data/gen/SD_E2_HOPE/v1_8000/sdl_000039.png,284,284,,1,melanoma,,,,train,3,1,0,,,,,,,,,,,,,,,,,,
Synth,sdl_000040.png,/home/marsi/TFM/data/gen/SD_E2_HOPE/v1_8000/sdl_000040.png,284,284,,1,melanoma,,,,train,3,1,0,,,,,,,,,,,,,,,,,,
Synth,sdl_000041.png,/home/marsi/TFM/data/gen/SD_E2_HOPE/v1_8000/sdl_000041.png,284,284,,1,melanoma,,,,train,3,1,0,,,,,,,,,,,,,,,,,,
Synth,sdl_000042.png,/home/marsi/TFM/data/gen/SD_E2_HOPE/v1_8000/sdl_000042.png,284,284,,1,melanoma,,,,train,3,1,0,,,,,,,,,,,,,,,,,,
Synth,sdl_000043.png,/home/marsi/TFM/data/gen/SD_E2_HOPE/v1_8000/sdl_000043.png,284,284,,1,melanoma,,,,train,3,1,0,,,,,,,,,,,,,,,,,,
Synth,sdl_000044.png,/home/marsi/TFM/data/gen/SD_E2_HOPE/v1_8000/sdl_000044.png,284,284,,1,melanoma,,,,train,3,1,0,,,,,,,,,,,,,,,,,,
Synth,sdl_000045.png,/home/marsi/TFM/data/gen/SD_E2_HOPE/v1_8000/sdl_000045.png,284,284,,1,melanoma,,,,train,3,1,0,,,,,,,,,,,,,,,,,,
Synth,sdl_000046.png,/home/marsi/TFM/data/gen/SD_E2_HOPE/v1_8000/sdl_000046.png,284,284,,1,melanoma,,,,train,3,1,0,,,,,,,,,,,,,,,,,,
Synth,sdl_000047.png,/home/marsi/TFM/data/gen/SD_E2_HOPE/v1_8000/sdl_000047.png,284,284,,1,melanoma,,,,train,3,1,0,,,,,,,,,,,,,,,,,,
Synth,sdl_000048.png,/home/marsi/TFM/data/gen/SD_E2_HOPE/v1_8000/sdl_000048.png,284,284,,1,melanoma,,,,train,3,1,0,,,,,,,,,,,,,,,,,,
Synth,sdl_000049.png,/home/marsi/TFM/data/gen/SD_E2_HOPE/v1_8000/sdl_000049.png,284,284,,1,melanoma,,,,train,3,1,0,,,,,,,,,,,,,,,,,,
Synth,sdl_000050.png,/home/marsi/TFM/data/gen/SD_E2_HOPE/v1_8000/sdl_000050.png,284,284,,1,melanoma,,,,train,3,1,0,,,,,,,,,,,,,,,,,,
Synth,sdl_000051.png,/home/marsi/TFM/data/gen/SD_E2_HOPE/v1_8000/sdl_000051.png,284,284,,1,melanoma,,,,train,3,1,0,,,,,,,,,,,,,,,,,,
Synth,sdl_000052.png,/home/marsi/TFM/data/gen/SD_E2_HOPE/v1_8000/sdl_000052.png,284,284,,1,melanoma,,,,train,3,1,0,,,,,,,,,,,,,,,,,,
Synth,sdl_000053.png,/home/marsi/TFM/data/gen/SD_E2_HOPE/v1_8000/sdl_000053.png,284,284,,1,melanoma,,,,train,3,1,0,,,,,,,,,,,,,,,,,,
Synth,sdl_000054.png,/home/marsi/TFM/data/gen/SD_E2_HOPE/v1_8000/sdl_000054.png,284,284,,1,melanoma,,,,train,3,1,0,,,,,,,,,,,,,,,,,,
Synth,sdl_000055.png,/home/marsi/TFM/data/gen/SD_E2_HOPE/v1_8000/sdl_000055.png,284,284,,1,melanoma,,,,train,3,1,0,,,,,,,,,,,,,,,,,,
Synth,sdl_000056.png,/home/marsi/TFM/data/gen/SD_E2_HOPE/v1_8000/sdl_000056.png,284,284,,1,melanoma,,,,train,3,1,0,,,,,,,,,,,,,,,,,,
Synth,sdl_000057.png,/home/marsi/TFM/data/gen/SD_E2_HOPE/v1_8000/sdl_000057.png,284,284,,1,melanoma,,,,train,3,1,0,,,,,,,,,,,,,,,,,,
Synth,sdl_000058.png,/home/marsi/TFM/data/gen/SD_E2_HOPE/v1_8000/sdl_000058.png,284,284,,1,melanoma,,,,train,3,1,0,,,,,,,,,,,,,,,,,,
Synth,sdl_000059.png,/home/marsi/TFM/data/gen/SD_E2_HOPE/v1_8000/sdl_000059.png,284,284,,1,melanoma,,,,train,3,1,0,,,,,,,,,,,,,,,,,,
Synth,sdl_000060.png,/home/marsi/TFM/data/gen/SD_E2_HOPE/v1_8000/sdl_000060.png,284,284,,1,melanoma,,,,train,3,1,0,,,,,,,,,,,,,,,,,,
Synth,sdl_000061.png,/home/marsi/TFM/data/gen/SD_E2_HOPE/v1_8000/sdl_000061.png,284,284,,1,melanoma,,,,train,3,1,0,,,,,,,,,,,,,,,,,,
Synth,sdl_000062.png,/home/marsi/TFM/data/gen/SD_E2_HOPE/v1_8000/sdl_000062.png,284,284,,1,melanoma,,,,train,3,1,0,,,,,,,,,,,,,,,,,,
Synth,sdl_000063.png,/home/marsi/TFM/data/gen/SD_E2_HOPE/v1_8000/sdl_000063.png,284,284,,1,melanoma,,,,train,3,1,0,,,,,,,,,,,,,,,,,,
Synth,sdl_000064.png,/home/marsi/TFM/data/gen/SD_E2_HOPE/v1_8000/sdl_000064.png,284,284,,1,melanoma,,,,train,3,1,0,,,,,,,,,,,,,,,,,,
Synth,sdl_000065.png,/home/marsi/TFM/data/gen/SD_E2_HOPE/v1_8000/sdl_000065.png,284,284,,1,melanoma,,,,train,3,1,0,,,,,,,,,,,,,,,,,,
Synth,sdl_000066.png,/home/marsi/TFM/data/gen/SD_E2_HOPE/v1_8000/sdl_000066.png,284,284,,1,melanoma,,,,train,3,1,0,,,,,,,,,,,,,,,,,,
Synth,sdl_000067.png,/home/marsi/TFM/data/gen/SD_E2_HOPE/v1_8000/sdl_000067.png,284,284,,1,melanoma,,,,train,3,1,0,,,,,,,,,,,,,,,,,,
Synth,sdl_000068.png,/home/marsi/TFM/data/gen/SD_E2_HOPE/v1_8000/sdl_000068.png,284,284,,1,melanoma,,,,train,3,1,0,,,,,,,,,,,,,,,,,,
Synth,sdl_000069.png,/home/marsi/TFM/data/gen/SD_E2_HOPE/v1_8000/sdl_000069.png,284,284,,1,melanoma,,,,train,3,1,0,,,,,,,,,,,,,,,,,,
Synth,sdl_000070.png,/home/marsi/TFM/data/gen/SD_E2_HOPE/v1_8000/sdl_000070.png,284,284,,1,melanoma,,,,train,3,1,0,,,,,,,,,,,,,,,,,,
Synth,sdl_000071.png,/home/marsi/TFM/data/gen/SD_E2_HOPE/v1_8000/sdl_000071.png,284,284,,1,melanoma,,,,train,3,1,0,,,,,,,,,,,,,,,,,,
Synth,sdl_000072.png,/home/marsi/TFM/data/gen/SD_E2_HOPE/v1_8000/sdl_000072.png,284,284,,1,melanoma,,,,train,3,1,0,,,,,,,,,,,,,,,,,,
Synth,sdl_000073.png,/home/marsi/TFM/data/gen/SD_E2_HOPE/v1_8000/sdl_000073.png,284,284,,1,melanoma,,,,train,3,1,0,,,,,,,,,,,,,,,,,,
Synth,sdl_000074.png,/home/marsi/TFM/data/gen/SD_E2_HOPE/v1_8000/sdl_000074.png,284,284,,1,melanoma,,,,train,3,1,0,,,,,,,,,,,,,,,,,,
Synth,sdl_000075.png,/home/marsi/TFM/data/gen/SD_E2_HOPE/v1_8000/sdl_000075.png,284,284,,1,melanoma,,,,train,3,1,0,,,,,,,,,,,,,,,,,,
Synth,sdl_000076.png,/home/marsi/TFM/data/gen/SD_E2_HOPE/v1_8000/sdl_000076.png,284,284,,1,melanoma,,,,train,3,1,0,,,,,,,,,,,,,,,,,,
Synth,sdl_000077.png,/home/marsi/TFM/data/gen/SD_E2_HOPE/v1_8000/sdl_000077.png,284,284,,1,melanoma,,,,train,3,1,0,,,,,,,,,,,,,,,,,,
Synth,sdl_000078.png,/home/marsi/TFM/data/gen/SD_E2_HOPE/v1_8000/sdl_000078.png,284,284,,1,melanoma,,,,train,3,1,0,,,,,,,,,,,,,,,,,,
Synth,sdl_000079.png,/home/marsi/TFM/data/gen/SD_E2_HOPE/v1_8000/sdl_000079.png,284,284,,1,melanoma,,,,train,3,1,0,,,,,,,,,,,,,,,,,,
Synth,sdl_000080.png,/home/marsi/TFM/data/gen/SD_E2_HOPE/v1_8000/sdl_000080.png,284,284,,1,melanoma,,,,train,3,1,0,,,,,,,,,,,,,,,,,,
Synth,sdl_000081.png,/home/marsi/TFM/data/gen/SD_E2_HOPE/v1_8000/sdl_000081.png,284,284,,1,melanoma,,,,train,3,1,0,,,,,,,,,,,,,,,,,,
Synth,sdl_000082.png,/home/marsi/TFM/data/gen/SD_E2_HOPE/v1_8000/sdl_000082.png,284,284,,1,melanoma,,,,train,3,1,0,,,,,,,,,,,,,,,,,,
Synth,sdl_000083.png,/home/marsi/TFM/data/gen/SD_E2_HOPE/v1_8000/sdl_000083.png,284,284,,1,melanoma,,,,train,3,1,0,,,,,,,,,,,,,,,,,,
Synth,sdl_000084.png,/home/marsi/TFM/data/gen/SD_E2_HOPE/v1_8000/sdl_000084.png,284,284,,1,melanoma,,,,train,3,1,0,,,,,,,,,,,,,,,,,,
Synth,sdl_000085.png,/home/marsi/TFM/data/gen/SD_E2_HOPE/v1_8000/sdl_000085.png,284,284,,1,melanoma,,,,train,3,1,0,,,,,,,,,,,,,,,,,,
Synth,sdl_000086.png,/home/marsi/TFM/data/gen/SD_E2_HOPE/v1_8000/sdl_000086.png,284,284,,1,melanoma,,,,train,3,1,0,,,,,,,,,,,,,,,,,,
Synth,sdl_000087.png,/home/marsi/TFM/data/gen/SD_E2_HOPE/v1_8000/sdl_000087.png,284,284,,1,melanoma,,,,train,3,1,0,,,,,,,,,,,,,,,,,,
Synth,sdl_000088.png,/home/marsi/TFM/data/gen/SD_E2_HOPE/v1_8000/sdl_000088.png,284,284,,1,melanoma,,,,train,3,1,0,,,,,,,,,,,,,,,,,,
Synth,sdl_000089.png,/home/marsi/TFM/data/gen/SD_E2_HOPE/v1_8000/sdl_000089.png,284,284,,1,melanoma,,,,train,3,1,0,,,,,,,,,,,,,,,,,,
Synth,sdl_000090.png,/home/marsi/TFM/data/gen/SD_E2_HOPE/v1_8000/sdl_000090.png,284,284,,1,melanoma,,,,train,3,1,0,,,,,,,,,,,,,,,,,,
Synth,sdl_000091.png,/home/marsi/TFM/data/gen/SD_E2_HOPE/v1_8000/sdl_000091.png,284,284,,1,melanoma,,,,train,3,1,0,,,,,,,,,,,,,,,,,,
Synth,sdl_000092.png,/home/marsi/TFM/data/gen/SD_E2_HOPE/v1_8000/sdl_000092.png,284,284,,1,melanoma,,,,train,3,1,0,,,,,,,,,,,,,,,,,,
Synth,sdl_000093.png,/home/marsi/TFM/data/gen/SD_E2_HOPE/v1_8000/sdl_000093.png,284,284,,1,melanoma,,,,train,3,1,0,,,,,,,,,,,,,,,,,,
Synth,sdl_000094.png,/home/marsi/TFM/data/gen/SD_E2_HOPE/v1_8000/sdl_000094.png,284,284,,1,melanoma,,,,train,3,1,0,,,,,,,,,,,,,,,,,,
Synth,sdl_000095.png,/home/marsi/TFM/data/gen/SD_E2_HOPE/v1_8000/sdl_000095.png,284,284,,1,melanoma,,,,train,3,1,0,,,,,,,,,,,,,,,,,,
Synth,sdl_000096.png,/home/marsi/TFM/data/gen/SD_E2_HOPE/v1_8000/sdl_000096.png,284,284,,1,melanoma,,,,train,3,1,0,,,,,,,,,,,,,,,,,,
Synth,sdl_000097.png,/home/marsi/TFM/data/gen/SD_E2_HOPE/v1_8000/sdl_000097.png,284,284,,1,melanoma,,,,train,3,1,0,,,,,,,,,,,,,,,,,,
Synth,sdl_000098.png,/home/marsi/TFM/data/gen/SD_E2_HOPE/v1_8000/sdl_000098.png,284,284,,1,melanoma,,,,train,3,1,0,,,,,,,,,,,,,,,,,,
Synth,sdl_000099.png,/home/marsi/TFM/data/gen/SD_E2_HOPE/v1_8000/sdl_000099.png,284,284,,1,melanoma,,,,train,3,1,0,,,,,,,,,,,,,,,,,,
Synth,sdl_000100.png,/home/marsi/TFM/data/gen/SD_E2_HOPE/v1_8000/sdl_000100.png,284,284,,1,melanoma,,,,train,3,1,0,,,,,,,,,,,,,,,,,,
Synth,sdl_000101.png,/home/marsi/TFM/data/gen/SD_E2_HOPE/v1_8000/sdl_000101.png,284,284,,1,melanoma,,,,train,3,1,0,,,,,,,,,,,,,,,,,,
Synth,sdl_000102.png,/home/marsi/TFM/data/gen/SD_E2_HOPE/v1_8000/sdl_000102.png,284,284,,1,melanoma,,,,train,3,1,0,,,,,,,,,,,,,,,,,,
Synth,sdl_000103.png,/home/marsi/TFM/data/gen/SD_E2_HOPE/v1_8000/sdl_000103.png,284,284,,1,melanoma,,,,train,3,1,0,,,,,,,,,,,,,,,,,,
Synth,sdl_000104.png,/home/marsi/TFM/data/gen/SD_E2_HOPE/v1_8000/sdl_000104.png,284,284,,1,melanoma,,,,train,3,1,0,,,,,,,,,,,,,,,,,,
Synth,sdl_000105.png,/home/marsi/TFM/data/gen/SD_E2_HOPE/v1_8000/sdl_000105.png,284,284,,1,melanoma,,,,train,3,1,0,,,,,,,,,,,,,,,,,,
Synth,sdl_000106.png,/home/marsi/TFM/data/gen/SD_E2_HOPE/v1_8000/sdl_000106.png,284,284,,1,melanoma,,,,train,3,1,0,,,,,,,,,,,,,,,,,,
Synth,sdl_000107.png,/home/marsi/TFM/data/gen/SD_E2_HOPE/v1_8000/sdl_000107.png,284,284,,1,melanoma,,,,train,3,1,0,,,,,,,,,,,,,,,,,,
Synth,sdl_000108.png,/home/marsi/TFM/data/gen/SD_E2_HOPE/v1_8000/sdl_000108.png,284,284,,1,melanoma,,,,train,3,1,0,,,,,,,,,,,,,,,,,,
Synth,sdl_000109.png,/home/marsi/TFM/data/gen/SD_E2_HOPE/v1_8000/sdl_000109.png,284,284,,1,melanoma,,,,train,3,1,0,,,,,,,,,,,,,,,,,,
Synth,sdl_000110.png,/home/marsi/TFM/data/gen/SD_E2_HOPE/v1_8000/sdl_000110.png,284,284,,1,melanoma,,,,train,3,1,0,,,,,,,,,,,,,,,,,,
Synth,sdl_000111.png,/home/marsi/TFM/data/gen/SD_E2_HOPE/v1_8000/sdl_000111.png,284,284,,1,melanoma,,,,train,3,1,0,,,,,,,,,,,,,,,,,,
Synth,sdl_000112.png,/home/marsi/TFM/data/gen/SD_E2_HOPE/v1_8000/sdl_000112.png,284,284,,1,melanoma,,,,train,3,1,0,,,,,,,,,,,,,,,,,,
Synth,sdl_000113.png,/home/marsi/TFM/data/gen/SD_E2_HOPE/v1_8000/sdl_000113.png,284,284,,1,melanoma,,,,train,3,1,0,,,,,,,,,,,,,,,,,,
Synth,sdl_000114.png,/home/marsi/TFM/data/gen/SD_E2_HOPE/v1_8000/sdl_000114.png,284,284,,1,melanoma,,,,train,3,1,0,,,,,,,,,,,,,,,,,,
Synth,sdl_000115.png,/home/marsi/TFM/data/gen/SD_E2_HOPE/v1_8000/sdl_000115.png,284,284,,1,melanoma,,,,train,3,1,0,,,,,,,,,,,,,,,,,,
Synth,sdl_000116.png,/home/marsi/TFM/data/gen/SD_E2_HOPE/v1_8000/sdl_000116.png,284,284,,1,melanoma,,,,train,3,1,0,,,,,,,,,,,,,,,,,,
Synth,sdl_000117.png,/home/marsi/TFM/data/gen/SD_E2_HOPE/v1_8000/sdl_000117.png,284,284,,1,melanoma,,,,train,3,1,0,,,,,,,,,,,,,,,,,,
Synth,sdl_000118.png,/home/marsi/TFM/data/gen/SD_E2_HOPE/v1_8000/sdl_000118.png,284,284,,1,melanoma,,,,train,3,1,0,,,,,,,,,,,,,,,,,,
Synth,sdl_000119.png,/home/marsi/TFM/data/gen/SD_E2_HOPE/v1_8000/sdl_000119.png,284,284,,1,melanoma,,,,train,3,1,0,,,,,,,,,,,,,,,,,,
Synth,sdl_000120.png,/home/marsi/TFM/data/gen/SD_E2_HOPE/v1_8000/sdl_000120.png,284,284,,1,melanoma,,,,train,3,1,0,,,,,,,,,,,,,,,,,,
Synth,sdl_000121.png,/home/marsi/TFM/data/gen/SD_E2_HOPE/v1_8000/sdl_000121.png,284,284,,1,melanoma,,,,train,3,1,0,,,,,,,,,,,,,,,,,,
Synth,sdl_000122.png,/home/marsi/TFM/data/gen/SD_E2_HOPE/v1_8000/sdl_000122.png,284,284,,1,melanoma,,,,train,3,1,0,,,,,,,,,,,,,,,,,,
Synth,sdl_000123.png,/home/marsi/TFM/data/gen/SD_E2_HOPE/v1_8000/sdl_000123.png,284,284,,1,melanoma,,,,train,3,1,0,,,,,,,,,,,,,,,,,,
Synth,sdl_000124.png,/home/marsi/TFM/data/gen/SD_E2_HOPE/v1_8000/sdl_000124.png,284,284,,1,melanoma,,,,train,3,1,0,,,,,,,,,,,,,,,,,,
Synth,sdl_000125.png,/home/marsi/TFM/data/gen/SD_E2_HOPE/v1_8000/sdl_000125.png,284,284,,1,melanoma,,,,train,3,1,0,,,,,,,,,,,,,,,,,,
Synth,sdl_000126.png,/home/marsi/TFM/data/gen/SD_E2_HOPE/v1_8000/sdl_000126.png,284,284,,1,melanoma,,,,train,3,1,0,,,,,,,,,,,,,,,,,,
Synth,sdl_000127.png,/home/marsi/TFM/data/gen/SD_E2_HOPE/v1_8000/sdl_000127.png,284,284,,1,melanoma,,,,train,3,1,0,,,,,,,,,,,,,,,,,,
Synth,sdl_000128.png,/home/marsi/TFM/data/gen/SD_E2_HOPE/v1_8000/sdl_000128.png,284,284,,1,melanoma,,,,train,3,1,0,,,,,,,,,,,,,,,,,,
Synth,sdl_000129.png,/home/marsi/TFM/data/gen/SD_E2_HOPE/v1_8000/sdl_000129.png,284,284,,1,melanoma,,,,train,3,1,0,,,,,,,,,,,,,,,,,,
Synth,sdl_000130.png,/home/marsi/TFM/data/gen/SD_E2_HOPE/v1_8000/sdl_000130.png,284,284,,1,melanoma,,,,train,3,1,0,,,,,,,,,,,,,,,,,,
Synth,sdl_000131.png,/home/marsi/TFM/data/gen/SD_E2_HOPE/v1_8000/sdl_000131.png,284,284,,1,melanoma,,,,train,3,1,0,,,,,,,,,,,,,,,,,,
Synth,sdl_000132.png,/home/marsi/TFM/data/gen/SD_E2_HOPE/v1_8000/sdl_000132.png,284,284,,1,melanoma,,,,train,3,1,0,,,,,,,,,,,,,,,,,,
Synth,sdl_000133.png,/home/marsi/TFM/data/gen/SD_E2_HOPE/v1_8000/sdl_000133.png,284,284,,1,melanoma,,,,train,3,1,0,,,,,,,,,,,,,,,,,,
Synth,sdl_000134.png,/home/marsi/TFM/data/gen/SD_E2_HOPE/v1_8000/sdl_000134.png,284,284,,1,melanoma,,,,train,3,1,0,,,,,,,,,,,,,,,,,,
Synth,sdl_000135.png,/home/marsi/TFM/data/gen/SD_E2_HOPE/v1_8000/sdl_000135.png,284,284,,1,melanoma,,,,train,3,1,0,,,,,,,,,,,,,,,,,,
Synth,sdl_000136.png,/home/marsi/TFM/data/gen/SD_E2_HOPE/v1_8000/sdl_000136.png,284,284,,1,melanoma,,,,train,3,1,0,,,,,,,,,,,,,,,,,,
Synth,sdl_000137.png,/home/marsi/TFM/data/gen/SD_E2_HOPE/v1_8000/sdl_000137.png,284,284,,1,melanoma,,,,train,3,1,0,,,,,,,,,,,,,,,,,,
Synth,sdl_000138.png,/home/marsi/TFM/data/gen/SD_E2_HOPE/v1_8000/sdl_000138.png,284,284,,1,melanoma,,,,train,3,1,0,,,,,,,,,,,,,,,,,,
Synth,sdl_000139.png,/home/marsi/TFM/data/gen/SD_E2_HOPE/v1_8000/sdl_000139.png,284,284,,1,melanoma,,,,train,3,1,0,,,,,,,,,,,,,,,,,,
Synth,sdl_000140.png,/home/marsi/TFM/data/gen/SD_E2_HOPE/v1_8000/sdl_000140.png,284,284,,1,melanoma,,,,train,3,1,0,,,,,,,,,,,,,,,,,,
Synth,sdl_000141.png,/home/marsi/TFM/data/gen/SD_E2_HOPE/v1_8000/sdl_000141.png,284,284,,1,melanoma,,,,train,3,1,0,,,,,,,,,,,,,,,,,,
Synth,sdl_000142.png,/home/marsi/TFM/data/gen/SD_E2_HOPE/v1_8000/sdl_000142.png,284,284,,1,melanoma,,,,train,3,1,0,,,,,,,,,,,,,,,,,,
Synth,sdl_000143.png,/home/marsi/TFM/data/gen/SD_E2_HOPE/v1_8000/sdl_000143.png,284,284,,1,melanoma,,,,train,3,1,0,,,,,,,,,,,,,,,,,,
Synth,sdl_000144.png,/home/marsi/TFM/data/gen/SD_E2_HOPE/v1_8000/sdl_000144.png,284,284,,1,melanoma,,,,train,3,1,0,,,,,,,,,,,,,,,,,,
Synth,sdl_000145.png,/home/marsi/TFM/data/gen/SD_E2_HOPE/v1_8000/sdl_000145.png,284,284,,1,melanoma,,,,train,3,1,0,,,,,,,,,,,,,,,,,,
Synth,sdl_000146.png,/home/marsi/TFM/data/gen/SD_E2_HOPE/v1_8000/sdl_000146.png,284,284,,1,melanoma,,,,train,3,1,0,,,,,,,,,,,,,,,,,,
Synth,sdl_000147.png,/home/marsi/TFM/data/gen/SD_E2_HOPE/v1_8000/sdl_000147.png,284,284,,1,melanoma,,,,train,3,1,0,,,,,,,,,,,,,,,,,,
Synth,sdl_000148.png,/home/marsi/TFM/data/gen/SD_E2_HOPE/v1_8000/sdl_000148.png,284,284,,1,melanoma,,,,train,3,1,0,,,,,,,,,,,,,,,,,,
Synth,sdl_000149.png,/home/marsi/TFM/data/gen/SD_E2_HOPE/v1_8000/sdl_000149.png,284,284,,1,melanoma,,,,train,3,1,0,,,,,,,,,,,,,,,,,,
Synth,sdl_000150.png,/home/marsi/TFM/data/gen/SD_E2_HOPE/v1_8000/sdl_000150.png,284,284,,1,melanoma,,,,train,3,1,0,,,,,,,,,,,,,,,,,,
Synth,sdl_000151.png,/home/marsi/TFM/data/gen/SD_E2_HOPE/v1_8000/sdl_000151.png,284,284,,1,melanoma,,,,train,3,1,0,,,,,,,,,,,,,,,,,,
Synth,sdl_000152.png,/home/marsi/TFM/data/gen/SD_E2_HOPE/v1_8000/sdl_000152.png,284,284,,1,melanoma,,,,train,3,1,0,,,,,,,,,,,,,,,,,,
Synth,sdl_000153.png,/home/marsi/TFM/data/gen/SD_E2_HOPE/v1_8000/sdl_000153.png,284,284,,1,melanoma,,,,train,3,1,0,,,,,,,,,,,,,,,,,,
Synth,sdl_000154.png,/home/marsi/TFM/data/gen/SD_E2_HOPE/v1_8000/sdl_000154.png,284,284,,1,melanoma,,,,train,3,1,0,,,,,,,,,,,,,,,,,,
Synth,sdl_000155.png,/home/marsi/TFM/data/gen/SD_E2_HOPE/v1_8000/sdl_000155.png,284,284,,1,melanoma,,,,train,3,1,0,,,,,,,,,,,,,,,,,,
Synth,sdl_000156.png,/home/marsi/TFM/data/gen/SD_E2_HOPE/v1_8000/sdl_000156.png,284,284,,1,melanoma,,,,train,3,1,0,,,,,,,,,,,,,,,,,,
Synth,sdl_000157.png,/home/marsi/TFM/data/gen/SD_E2_HOPE/v1_8000/sdl_000157.png,284,284,,1,melanoma,,,,train,3,1,0,,,,,,,,,,,,,,,,,,
Synth,sdl_000158.png,/home/marsi/TFM/data/gen/SD_E2_HOPE/v1_8000/sdl_000158.png,284,284,,1,melanoma,,,,train,3,1,0,,,,,,,,,,,,,,,,,,
Synth,sdl_000159.png,/home/marsi/TFM/data/gen/SD_E2_HOPE/v1_8000/sdl_000159.png,284,284,,1,melanoma,,,,train,3,1,0,,,,,,,,,,,,,,,,,,
Synth,sdl_000160.png,/home/marsi/TFM/data/gen/SD_E2_HOPE/v1_8000/sdl_000160.png,284,284,,1,melanoma,,,,train,3,1,0,,,,,,,,,,,,,,,,,,
Synth,sdl_000161.png,/home/marsi/TFM/data/gen/SD_E2_HOPE/v1_8000/sdl_000161.png,284,284,,1,melanoma,,,,train,3,1,0,,,,,,,,,,,,,,,,,,
Synth,sdl_000162.png,/home/marsi/TFM/data/gen/SD_E2_HOPE/v1_8000/sdl_000162.png,284,284,,1,melanoma,,,,train,3,1,0,,,,,,,,,,,,,,,,,,
Synth,sdl_000163.png,/home/marsi/TFM/data/gen/SD_E2_HOPE/v1_8000/sdl_000163.png,284,284,,1,melanoma,,,,train,3,1,0,,,,,,,,,,,,,,,,,,
Synth,sdl_000164.png,/home/marsi/TFM/data/gen/SD_E2_HOPE/v1_8000/sdl_000164.png,284,284,,1,melanoma,,,,train,3,1,0,,,,,,,,,,,,,,,,,,
Synth,sdl_000165.png,/home/marsi/TFM/data/gen/SD_E2_HOPE/v1_8000/sdl_000165.png,284,284,,1,melanoma,,,,train,3,1,0,,,,,,,,,,,,,,,,,,
Synth,sdl_000166.png,/home/marsi/TFM/data/gen/SD_E2_HOPE/v1_8000/sdl_000166.png,284,284,,1,melanoma,,,,train,3,1,0,,,,,,,,,,,,,,,,,,
Synth,sdl_000167.png,/home/marsi/TFM/data/gen/SD_E2_HOPE/v1_8000/sdl_000167.png,284,284,,1,melanoma,,,,train,3,1,0,,,,,,,,,,,,,,,,,,
Synth,sdl_000168.png,/home/marsi/TFM/data/gen/SD_E2_HOPE/v1_8000/sdl_000168.png,284,284,,1,melanoma,,,,train,3,1,0,,,,,,,,,,,,,,,,,,
Synth,sdl_000169.png,/home/marsi/TFM/data/gen/SD_E2_HOPE/v1_8000/sdl_000169.png,284,284,,1,melanoma,,,,train,3,1,0,,,,,,,,,,,,,,,,,,
Synth,sdl_000170.png,/home/marsi/TFM/data/gen/SD_E2_HOPE/v1_8000/sdl_000170.png,284,284,,1,melanoma,,,,train,3,1,0,,,,,,,,,,,,,,,,,,
Synth,sdl_000171.png,/home/marsi/TFM/data/gen/SD_E2_HOPE/v1_8000/sdl_000171.png,284,284,,1,melanoma,,,,train,3,1,0,,,,,,,,,,,,,,,,,,
Synth,sdl_000172.png,/home/marsi/TFM/data/gen/SD_E2_HOPE/v1_8000/sdl_000172.png,284,284,,1,melanoma,,,,train,3,1,0,,,,,,,,,,,,,,,,,,
Synth,sdl_000173.png,/home/marsi/TFM/data/gen/SD_E2_HOPE/v1_8000/sdl_000173.png,284,284,,1,melanoma,,,,train,3,1,0,,,,,,,,,,,,,,,,,,
Synth,sdl_000174.png,/home/marsi/TFM/data/gen/SD_E2_HOPE/v1_8000/sdl_000174.png,284,284,,1,melanoma,,,,train,3,1,0,,,,,,,,,,,,,,,,,,
Synth,sdl_000175.png,/home/marsi/TFM/data/gen/SD_E2_HOPE/v1_8000/sdl_000175.png,284,284,,1,melanoma,,,,train,3,1,0,,,,,,,,,,,,,,,,,,
Synth,sdl_000176.png,/home/marsi/TFM/data/gen/SD_E2_HOPE/v1_8000/sdl_000176.png,284,284,,1,melanoma,,,,train,3,1,0,,,,,,,,,,,,,,,,,,
Synth,sdl_000177.png,/home/marsi/TFM/data/gen/SD_E2_HOPE/v1_8000/sdl_000177.png,284,284,,1,melanoma,,,,train,3,1,0,,,,,,,,,,,,,,,,,,
Synth,sdl_000178.png,/home/marsi/TFM/data/gen/SD_E2_HOPE/v1_8000/sdl_000178.png,284,284,,1,melanoma,,,,train,3,1,0,,,,,,,,,,,,,,,,,,
Synth,sdl_000179.png,/home/marsi/TFM/data/gen/SD_E2_HOPE/v1_8000/sdl_000179.png,284,284,,1,melanoma,,,,train,3,1,0,,,,,,,,,,,,,,,,,,
Synth,sdl_000180.png,/home/marsi/TFM/data/gen/SD_E2_HOPE/v1_8000/sdl_000180.png,284,284,,1,melanoma,,,,train,3,1,0,,,,,,,,,,,,,,,,,,
Synth,sdl_000181.png,/home/marsi/TFM/data/gen/SD_E2_HOPE/v1_8000/sdl_000181.png,284,284,,1,melanoma,,,,train,3,1,0,,,,,,,,,,,,,,,,,,
Synth,sdl_000182.png,/home/marsi/TFM/data/gen/SD_E2_HOPE/v1_8000/sdl_000182.png,284,284,,1,melanoma,,,,train,3,1,0,,,,,,,,,,,,,,,,,,
Synth,sdl_000183.png,/home/marsi/TFM/data/gen/SD_E2_HOPE/v1_8000/sdl_000183.png,284,284,,1,melanoma,,,,train,3,1,0,,,,,,,,,,,,,,,,,,
Synth,sdl_000184.png,/home/marsi/TFM/data/gen/SD_E2_HOPE/v1_8000/sdl_000184.png,284,284,,1,melanoma,,,,train,3,1,0,,,,,,,,,,,,,,,,,,
Synth,sdl_000185.png,/home/marsi/TFM/data/gen/SD_E2_HOPE/v1_8000/sdl_000185.png,284,284,,1,melanoma,,,,train,3,1,0,,,,,,,,,,,,,,,,,,
Synth,sdl_000186.png,/home/marsi/TFM/data/gen/SD_E2_HOPE/v1_8000/sdl_000186.png,284,284,,1,melanoma,,,,train,3,1,0,,,,,,,,,,,,,,,,,,
Synth,sdl_000187.png,/home/marsi/TFM/data/gen/SD_E2_HOPE/v1_8000/sdl_000187.png,284,284,,1,melanoma,,,,train,3,1,0,,,,,,,,,,,,,,,,,,
Synth,sdl_000188.png,/home/marsi/TFM/data/gen/SD_E2_HOPE/v1_8000/sdl_000188.png,284,284,,1,melanoma,,,,train,3,1,0,,,,,,,,,,,,,,,,,,
Synth,sdl_000189.png,/home/marsi/TFM/data/gen/SD_E2_HOPE/v1_8000/sdl_000189.png,284,284,,1,melanoma,,,,train,3,1,0,,,,,,,,,,,,,,,,,,
Synth,sdl_000190.png,/home/marsi/TFM/data/gen/SD_E2_HOPE/v1_8000/sdl_000190.png,284,284,,1,melanoma,,,,train,3,1,0,,,,,,,,,,,,,,,,,,
Synth,sdl_000191.png,/home/marsi/TFM/data/gen/SD_E2_HOPE/v1_8000/sdl_000191.png,284,284,,1,melanoma,,,,train,3,1,0,,,,,,,,,,,,,,,,,,
Synth,sdl_000192.png,/home/marsi/TFM/data/gen/SD_E2_HOPE/v1_8000/sdl_000192.png,284,284,,1,melanoma,,,,train,3,1,0,,,,,,,,,,,,,,,,,,
Synth,sdl_000193.png,/home/marsi/TFM/data/gen/SD_E2_HOPE/v1_8000/sdl_000193.png,284,284,,1,melanoma,,,,train,3,1,0,,,,,,,,,,,,,,,,,,
Synth,sdl_000194.png,/home/marsi/TFM/data/gen/SD_E2_HOPE/v1_8000/sdl_000194.png,284,284,,1,melanoma,,,,train,3,1,0,,,,,,,,,,,,,,,,,,
Synth,sdl_000195.png,/home/marsi/TFM/data/gen/SD_E2_HOPE/v1_8000/sdl_000195.png,284,284,,1,melanoma,,,,train,3,1,0,,,,,,,,,,,,,,,,,,
Synth,sdl_000196.png,/home/marsi/TFM/data/gen/SD_E2_HOPE/v1_8000/sdl_000196.png,284,284,,1,melanoma,,,,train,3,1,0,,,,,,,,,,,,,,,,,,
Synth,sdl_000197.png,/home/marsi/TFM/data/gen/SD_E2_HOPE/v1_8000/sdl_000197.png,284,284,,1,melanoma,,,,train,3,1,0,,,,,,,,,,,,,,,,,,
Synth,sdl_000198.png,/home/marsi/TFM/data/gen/SD_E2_HOPE/v1_8000/sdl_000198.png,284,284,,1,melanoma,,,,train,3,1,0,,,,,,,,,,,,,,,,,,
Synth,sdl_000199.png,/home/marsi/TFM/data/gen/SD_E2_HOPE/v1_8000/sdl_000199.png,284,284,,1,melanoma,,,,train,3,1,0,,,,,,,,,,,,,,,,,,
Synth,sdl_000200.png,/home/marsi/TFM/data/gen/SD_E2_HOPE/v1_8000/sdl_000200.png,284,284,,1,melanoma,,,,train,3,1,0,,,,,,,,,,,,,,,,,,
Synth,sdl_000201.png,/home/marsi/TFM/data/gen/SD_E2_HOPE/v1_8000/sdl_000201.png,284,284,,1,melanoma,,,,train,3,1,0,,,,,,,,,,,,,,,,,,
Synth,sdl_000202.png,/home/marsi/TFM/data/gen/SD_E2_HOPE/v1_8000/sdl_000202.png,284,284,,1,melanoma,,,,train,3,1,0,,,,,,,,,,,,,,,,,,
Synth,sdl_000203.png,/home/marsi/TFM/data/gen/SD_E2_HOPE/v1_8000/sdl_000203.png,284,284,,1,melanoma,,,,train,3,1,0,,,,,,,,,,,,,,,,,,
Synth,sdl_000204.png,/home/marsi/TFM/data/gen/SD_E2_HOPE/v1_8000/sdl_000204.png,284,284,,1,melanoma,,,,train,3,1,0,,,,,,,,,,,,,,,,,,
Synth,sdl_000205.png,/home/marsi/TFM/data/gen/SD_E2_HOPE/v1_8000/sdl_000205.png,284,284,,1,melanoma,,,,train,3,1,0,,,,,,,,,,,,,,,,,,
Synth,sdl_000206.png,/home/marsi/TFM/data/gen/SD_E2_HOPE/v1_8000/sdl_000206.png,284,284,,1,melanoma,,,,train,3,1,0,,,,,,,,,,,,,,,,,,
Synth,sdl_000207.png,/home/marsi/TFM/data/gen/SD_E2_HOPE/v1_8000/sdl_000207.png,284,284,,1,melanoma,,,,train,3,1,0,,,,,,,,,,,,,,,,,,
Synth,sdl_000208.png,/home/marsi/TFM/data/gen/SD_E2_HOPE/v1_8000/sdl_000208.png,284,284,,1,melanoma,,,,train,3,1,0,,,,,,,,,,,,,,,,,,
Synth,sdl_000209.png,/home/marsi/TFM/data/gen/SD_E2_HOPE/v1_8000/sdl_000209.png,284,284,,1,melanoma,,,,train,3,1,0,,,,,,,,,,,,,,,,,,
Synth,sdl_000210.png,/home/marsi/TFM/data/gen/SD_E2_HOPE/v1_8000/sdl_000210.png,284,284,,1,melanoma,,,,train,3,1,0,,,,,,,,,,,,,,,,,,
Synth,sdl_000211.png,/home/marsi/TFM/data/gen/SD_E2_HOPE/v1_8000/sdl_000211.png,284,284,,1,melanoma,,,,train,3,1,0,,,,,,,,,,,,,,,,,,
Synth,sdl_000212.png,/home/marsi/TFM/data/gen/SD_E2_HOPE/v1_8000/sdl_000212.png,284,284,,1,melanoma,,,,train,3,1,0,,,,,,,,,,,,,,,,,,
Synth,sdl_000213.png,/home/marsi/TFM/data/gen/SD_E2_HOPE/v1_8000/sdl_000213.png,284,284,,1,melanoma,,,,train,3,1,0,,,,,,,,,,,,,,,,,,
Synth,sdl_000214.png,/home/marsi/TFM/data/gen/SD_E2_HOPE/v1_8000/sdl_000214.png,284,284,,1,melanoma,,,,train,3,1,0,,,,,,,,,,,,,,,,,,
Synth,sdl_000215.png,/home/marsi/TFM/data/gen/SD_E2_HOPE/v1_8000/sdl_000215.png,284,284,,1,melanoma,,,,train,3,1,0,,,,,,,,,,,,,,,,,,
Synth,sdl_000216.png,/home/marsi/TFM/data/gen/SD_E2_HOPE/v1_8000/sdl_000216.png,284,284,,1,melanoma,,,,train,3,1,0,,,,,,,,,,,,,,,,,,
Synth,sdl_000217.png,/home/marsi/TFM/data/gen/SD_E2_HOPE/v1_8000/sdl_000217.png,284,284,,1,melanoma,,,,train,3,1,0,,,,,,,,,,,,,,,,,,
Synth,sdl_000218.png,/home/marsi/TFM/data/gen/SD_E2_HOPE/v1_8000/sdl_000218.png,284,284,,1,melanoma,,,,train,3,1,0,,,,,,,,,,,,,,,,,,
Synth,sdl_000219.png,/home/marsi/TFM/data/gen/SD_E2_HOPE/v1_8000/sdl_000219.png,284,284,,1,melanoma,,,,train,3,1,0,,,,,,,,,,,,,,,,,,
Synth,sdl_000220.png,/home/marsi/TFM/data/gen/SD_E2_HOPE/v1_8000/sdl_000220.png,284,284,,1,melanoma,,,,train,3,1,0,,,,,,,,,,,,,,,,,,
Synth,sdl_000221.png,/home/marsi/TFM/data/gen/SD_E2_HOPE/v1_8000/sdl_000221.png,284,284,,1,melanoma,,,,train,3,1,0,,,,,,,,,,,,,,,,,,
Synth,sdl_000222.png,/home/marsi/TFM/data/gen/SD_E2_HOPE/v1_8000/sdl_000222.png,284,284,,1,melanoma,,,,train,3,1,0,,,,,,,,,,,,,,,,,,
Synth,sdl_000223.png,/home/marsi/TFM/data/gen/SD_E2_HOPE/v1_8000/sdl_000223.png,284,284,,1,melanoma,,,,train,3,1,0,,,,,,,,,,,,,,,,,,
Synth,sdl_000224.png,/home/marsi/TFM/data/gen/SD_E2_HOPE/v1_8000/sdl_000224.png,284,284,,1,melanoma,,,,train,3,1,0,,,,,,,,,,,,,,,,,,
Synth,sdl_000225.png,/home/marsi/TFM/data/gen/SD_E2_HOPE/v1_8000/sdl_000225.png,284,284,,1,melanoma,,,,train,3,1,0,,,,,,,,,,,,,,,,,,
Synth,sdl_000226.png,/home/marsi/TFM/data/gen/SD_E2_HOPE/v1_8000/sdl_000226.png,284,284,,1,melanoma,,,,train,3,1,0,,,,,,,,,,,,,,,,,,
Synth,sdl_000227.png,/home/marsi/TFM/data/gen/SD_E2_HOPE/v1_8000/sdl_000227.png,284,284,,1,melanoma,,,,train,3,1,0,,,,,,,,,,,,,,,,,,
Synth,sdl_000228.png,/home/marsi/TFM/data/gen/SD_E2_HOPE/v1_8000/sdl_000228.png,284,284,,1,melanoma,,,,train,3,1,0,,,,,,,,,,,,,,,,,,
Synth,sdl_000229.png,/home/marsi/TFM/data/gen/SD_E2_HOPE/v1_8000/sdl_000229.png,284,284,,1,melanoma,,,,train,3,1,0,,,,,,,,,,,,,,,,,,
Synth,sdl_000230.png,/home/marsi/TFM/data/gen/SD_E2_HOPE/v1_8000/sdl_000230.png,284,284,,1,melanoma,,,,train,3,1,0,,,,,,,,,,,,,,,,,,
Synth,sdl_000231.png,/home/marsi/TFM/data/gen/SD_E2_HOPE/v1_8000/sdl_000231.png,284,284,,1,melanoma,,,,train,3,1,0,,,,,,,,,,,,,,,,,,
Synth,sdl_000232.png,/home/marsi/TFM/data/gen/SD_E2_HOPE/v1_8000/sdl_000232.png,284,284,,1,melanoma,,,,train,3,1,0,,,,,,,,,,,,,,,,,,
Synth,sdl_000233.png,/home/marsi/TFM/data/gen/SD_E2_HOPE/v1_8000/sdl_000233.png,284,284,,1,melanoma,,,,train,3,1,0,,,,,,,,,,,,,,,,,,
Synth,sdl_000234.png,/home/marsi/TFM/data/gen/SD_E2_HOPE/v1_8000/sdl_000234.png,284,284,,1,melanoma,,,,train,3,1,0,,,,,,,,,,,,,,,,,,
Synth,sdl_000235.png,/home/marsi/TFM/data/gen/SD_E2_HOPE/v1_8000/sdl_000235.png,284,284,,1,melanoma,,,,train,3,1,0,,,,,,,,,,,,,,,,,,
Synth,sdl_000236.png,/home/marsi/TFM/data/gen/SD_E2_HOPE/v1_8000/sdl_000236.png,284,284,,1,melanoma,,,,train,3,1,0,,,,,,,,,,,,,,,,,,
Synth,sdl_000237.png,/home/marsi/TFM/data/gen/SD_E2_HOPE/v1_8000/sdl_000237.png,284,284,,1,melanoma,,,,train,3,1,0,,,,,,,,,,,,,,,,,,
Synth,sdl_000238.png,/home/marsi/TFM/data/gen/SD_E2_HOPE/v1_8000/sdl_000238.png,284,284,,1,melanoma,,,,train,3,1,0,,,,,,,,,,,,,,,,,,
Synth,sdl_000239.png,/home/marsi/TFM/data/gen/SD_E2_HOPE/v1_8000/sdl_000239.png,284,284,,1,melanoma,,,,train,3,1,0,,,,,,,,,,,,,,,,,,
Synth,sdl_000240.png,/home/marsi/TFM/data/gen/SD_E2_HOPE/v1_8000/sdl_000240.png,284,284,,1,melanoma,,,,train,3,1,0,,,,,,,,,,,,,,,,,,
Synth,sdl_000241.png,/home/marsi/TFM/data/gen/SD_E2_HOPE/v1_8000/sdl_000241.png,284,284,,1,melanoma,,,,train,3,1,0,,,,,,,,,,,,,,,,,,
Synth,sdl_000242.png,/home/marsi/TFM/data/gen/SD_E2_HOPE/v1_8000/sdl_000242.png,284,284,,1,melanoma,,,,train,3,1,0,,,,,,,,,,,,,,,,,,
Synth,sdl_000243.png,/home/marsi/TFM/data/gen/SD_E2_HOPE/v1_8000/sdl_000243.png,284,284,,1,melanoma,,,,train,3,1,0,,,,,,,,,,,,,,,,,,
Synth,sdl_000244.png,/home/marsi/TFM/data/gen/SD_E2_HOPE/v1_8000/sdl_000244.png,284,284,,1,melanoma,,,,train,3,1,0,,,,,,,,,,,,,,,,,,
Synth,sdl_000245.png,/home/marsi/TFM/data/gen/SD_E2_HOPE/v1_8000/sdl_000245.png,284,284,,1,melanoma,,,,train,3,1,0,,,,,,,,,,,,,,,,,,
Synth,sdl_000246.png,/home/marsi/TFM/data/gen/SD_E2_HOPE/v1_8000/sdl_000246.png,284,284,,1,melanoma,,,,train,3,1,0,,,,,,,,,,,,,,,,,,
Synth,sdl_000247.png,/home/marsi/TFM/data/gen/SD_E2_HOPE/v1_8000/sdl_000247.png,284,284,,1,melanoma,,,,train,3,1,0,,,,,,,,,,,,,,,,,,
Synth,sdl_000248.png,/home/marsi/TFM/data/gen/SD_E2_HOPE/v1_8000/sdl_000248.png,284,284,,1,melanoma,,,,train,3,1,0,,,,,,,,,,,,,,,,,,
Synth,sdl_000249.png,/home/marsi/TFM/data/gen/SD_E2_HOPE/v1_8000/sdl_000249.png,284,284,,1,melanoma,,,,train,3,1,0,,,,,,,,,,,,,,,,,,
Synth,sdl_000250.png,/home/marsi/TFM/data/gen/SD_E2_HOPE/v1_8000/sdl_000250.png,284,284,,1,melanoma,,,,train,3,1,0,,,,,,,,,,,,,,,,,,
Synth,sdl_000251.png,/home/marsi/TFM/data/gen/SD_E2_HOPE/v1_8000/sdl_000251.png,284,284,,1,melanoma,,,,train,3,1,0,,,,,,,,,,,,,,,,,,
Synth,sdl_000252.png,/home/marsi/TFM/data/gen/SD_E2_HOPE/v1_8000/sdl_000252.png,284,284,,1,melanoma,,,,train,3,1,0,,,,,,,,,,,,,,,,,,
Synth,sdl_000253.png,/home/marsi/TFM/data/gen/SD_E2_HOPE/v1_8000/sdl_000253.png,284,284,,1,melanoma,,,,train,3,1,0,,,,,,,,,,,,,,,,,,
Synth,sdl_000254.png,/home/marsi/TFM/data/gen/SD_E2_HOPE/v1_8000/sdl_000254.png,284,284,,1,melanoma,,,,train,3,1,0,,,,,,,,,,,,,,,,,,
Synth,sdl_000255.png,/home/marsi/TFM/data/gen/SD_E2_HOPE/v1_8000/sdl_000255.png,284,284,,1,melanoma,,,,train,3,1,0,,,,,,,,,,,,,,,,,,
Synth,sdl_000256.png,/home/marsi/TFM/data/gen/SD_E2_HOPE/v1_8000/sdl_000256.png,284,284,,1,melanoma,,,,train,3,1,0,,,,,,,,,,,,,,,,,,
Synth,sdl_000257.png,/home/marsi/TFM/data/gen/SD_E2_HOPE/v1_8000/sdl_000257.png,284,284,,1,melanoma,,,,train,3,1,0,,,,,,,,,,,,,,,,,,
Synth,sdl_000258.png,/home/marsi/TFM/data/gen/SD_E2_HOPE/v1_8000/sdl_000258.png,284,284,,1,melanoma,,,,train,3,1,0,,,,,,,,,,,,,,,,,,
Synth,sdl_000259.png,/home/marsi/TFM/data/gen/SD_E2_HOPE/v1_8000/sdl_000259.png,284,284,,1,melanoma,,,,train,3,1,0,,,,,,,,,,,,,,,,,,
Synth,sdl_000260.png,/home/marsi/TFM/data/gen/SD_E2_HOPE/v1_8000/sdl_000260.png,284,284,,1,melanoma,,,,train,3,1,0,,,,,,,,,,,,,,,,,,
Synth,sdl_000261.png,/home/marsi/TFM/data/gen/SD_E2_HOPE/v1_8000/sdl_000261.png,284,284,,1,melanoma,,,,train,3,1,0,,,,,,,,,,,,,,,,,,
Synth,sdl_000262.png,/home/marsi/TFM/data/gen/SD_E2_HOPE/v1_8000/sdl_000262.png,284,284,,1,melanoma,,,,train,3,1,0,,,,,,,,,,,,,,,,,,
Synth,sdl_000263.png,/home/marsi/TFM/data/gen/SD_E2_HOPE/v1_8000/sdl_000263.png,284,284,,1,melanoma,,,,train,3,1,0,,,,,,,,,,,,,,,,,,
Synth,sdl_000264.png,/home/marsi/TFM/data/gen/SD_E2_HOPE/v1_8000/sdl_000264.png,284,284,,1,melanoma,,,,train,3,1,0,,,,,,,,,,,,,,,,,,
Synth,sdl_000265.png,/home/marsi/TFM/data/gen/SD_E2_HOPE/v1_8000/sdl_000265.png,284,284,,1,melanoma,,,,train,3,1,0,,,,,,,,,,,,,,,,,,
Synth,sdl_000266.png,/home/marsi/TFM/data/gen/SD_E2_HOPE/v1_8000/sdl_000266.png,284,284,,1,melanoma,,,,train,3,1,0,,,,,,,,,,,,,,,,,,
Synth,sdl_000267.png,/home/marsi/TFM/data/gen/SD_E2_HOPE/v1_8000/sdl_000267.png,284,284,,1,melanoma,,,,train,3,1,0,,,,,,,,,,,,,,,,,,
Synth,sdl_000268.png,/home/marsi/TFM/data/gen/SD_E2_HOPE/v1_8000/sdl_000268.png,284,284,,1,melanoma,,,,train,3,1,0,,,,,,,,,,,,,,,,,,
Synth,sdl_000269.png,/home/marsi/TFM/data/gen/SD_E2_HOPE/v1_8000/sdl_000269.png,284,284,,1,melanoma,,,,train,3,1,0,,,,,,,,,,,,,,,,,,
Synth,sdl_000270.png,/home/marsi/TFM/data/gen/SD_E2_HOPE/v1_8000/sdl_000270.png,284,284,,1,melanoma,,,,train,3,1,0,,,,,,,,,,,,,,,,,,
Synth,sdl_000271.png,/home/marsi/TFM/data/gen/SD_E2_HOPE/v1_8000/sdl_000271.png,284,284,,1,melanoma,,,,train,3,1,0,,,,,,,,,,,,,,,,,,
Synth,sdl_000272.png,/home/marsi/TFM/data/gen/SD_E2_HOPE/v1_8000/sdl_000272.png,284,284,,1,melanoma,,,,train,3,1,0,,,,,,,,,,,,,,,,,,
Synth,sdl_000273.png,/home/marsi/TFM/data/gen/SD_E2_HOPE/v1_8000/sdl_000273.png,284,284,,1,melanoma,,,,train,3,1,0,,,,,,,,,,,,,,,,,,
Synth,sdl_000274.png,/home/marsi/TFM/data/gen/SD_E2_HOPE/v1_8000/sdl_000274.png,284,284,,1,melanoma,,,,train,3,1,0,,,,,,,,,,,,,,,,,,
Synth,sdl_000275.png,/home/marsi/TFM/data/gen/SD_E2_HOPE/v1_8000/sdl_000275.png,284,284,,1,melanoma,,,,train,3,1,0,,,,,,,,,,,,,,,,,,
Synth,sdl_000276.png,/home/marsi/TFM/data/gen/SD_E2_HOPE/v1_8000/sdl_000276.png,284,284,,1,melanoma,,,,train,3,1,0,,,,,,,,,,,,,,,,,,
Synth,sdl_000277.png,/home/marsi/TFM/data/gen/SD_E2_HOPE/v1_8000/sdl_000277.png,284,284,,1,melanoma,,,,train,3,1,0,,,,,,,,,,,,,,,,,,
Synth,sdl_000278.png,/home/marsi/TFM/data/gen/SD_E2_HOPE/v1_8000/sdl_000278.png,284,284,,1,melanoma,,,,train,3,1,0,,,,,,,,,,,,,,,,,,
Synth,sdl_000279.png,/home/marsi/TFM/data/gen/SD_E2_HOPE/v1_8000/sdl_000279.png,284,284,,1,melanoma,,,,train,3,1,0,,,,,,,,,,,,,,,,,,
Synth,sdl_000280.png,/home/marsi/TFM/data/gen/SD_E2_HOPE/v1_8000/sdl_000280.png,284,284,,1,melanoma,,,,train,3,1,0,,,,,,,,,,,,,,,,,,
Synth,sdl_000281.png,/home/marsi/TFM/data/gen/SD_E2_HOPE/v1_8000/sdl_000281.png,284,284,,1,melanoma,,,,train,3,1,0,,,,,,,,,,,,,,,,,,
Synth,sdl_000282.png,/home/marsi/TFM/data/gen/SD_E2_HOPE/v1_8000/sdl_000282.png,284,284,,1,melanoma,,,,train,3,1,0,,,,,,,,,,,,,,,,,,
Synth,sdl_000283.png,/home/marsi/TFM/data/gen/SD_E2_HOPE/v1_8000/sdl_000283.png,284,284,,1,melanoma,,,,train,3,1,0,,,,,,,,,,,,,,,,,,
Synth,sdl_000284.png,/home/marsi/TFM/data/gen/SD_E2_HOPE/v1_8000/sdl_000284.png,284,284,,1,melanoma,,,,train,3,1,0,,,,,,,,,,,,,,,,,,
Synth,sdl_000285.png,/home/marsi/TFM/data/gen/SD_E2_HOPE/v1_8000/sdl_000285.png,284,284,,1,melanoma,,,,train,3,1,0,,,,,,,,,,,,,,,,,,
Synth,sdl_000286.png,/home/marsi/TFM/data/gen/SD_E2_HOPE/v1_8000/sdl_000286.png,284,284,,1,melanoma,,,,train,3,1,0,,,,,,,,,,,,,,,,,,
Synth,sdl_000287.png,/home/marsi/TFM/data/gen/SD_E2_HOPE/v1_8000/sdl_000287.png,284,284,,1,melanoma,,,,train,3,1,0,,,,,,,,,,,,,,,,,,
Synth,sdl_000288.png,/home/marsi/TFM/data/gen/SD_E2_HOPE/v1_8000/sdl_000288.png,284,284,,1,melanoma,,,,train,3,1,0,,,,,,,,,,,,,,,,,,
Synth,sdl_000289.png,/home/marsi/TFM/data/gen/SD_E2_HOPE/v1_8000/sdl_000289.png,284,284,,1,melanoma,,,,train,3,1,0,,,,,,,,,,,,,,,,,,
Synth,sdl_000290.png,/home/marsi/TFM/data/gen/SD_E2_HOPE/v1_8000/sdl_000290.png,284,284,,1,melanoma,,,,train,3,1,0,,,,,,,,,,,,,,,,,,
Synth,sdl_000291.png,/home/marsi/TFM/data/gen/SD_E2_HOPE/v1_8000/sdl_000291.png,284,284,,1,melanoma,,,,train,3,1,0,,,,,,,,,,,,,,,,,,
Synth,sdl_000292.png,/home/marsi/TFM/data/gen/SD_E2_HOPE/v1_8000/sdl_000292.png,284,284,,1,melanoma,,,,train,3,1,0,,,,,,,,,,,,,,,,,,
Synth,sdl_000293.png,/home/marsi/TFM/data/gen/SD_E2_HOPE/v1_8000/sdl_000293.png,284,284,,1,melanoma,,,,train,3,1,0,,,,,,,,,,,,,,,,,,
Synth,sdl_000294.png,/home/marsi/TFM/data/gen/SD_E2_HOPE/v1_8000/sdl_000294.png,284,284,,1,melanoma,,,,train,3,1,0,,,,,,,,,,,,,,,,,,
Synth,sdl_000295.png,/home/marsi/TFM/data/gen/SD_E2_HOPE/v1_8000/sdl_000295.png,284,284,,1,melanoma,,,,train,3,1,0,,,,,,,,,,,,,,,,,,
Synth,sdl_000296.png,/home/marsi/TFM/data/gen/SD_E2_HOPE/v1_8000/sdl_000296.png,284,284,,1,melanoma,,,,train,3,1,0,,,,,,,,,,,,,,,,,,
Synth,sdl_000297.png,/home/marsi/TFM/data/gen/SD_E2_HOPE/v1_8000/sdl_000297.png,284,284,,1,melanoma,,,,train,3,1,0,,,,,,,,,,,,,,,,,,
Synth,sdl_000298.png,/home/marsi/TFM/data/gen/SD_E2_HOPE/v1_8000/sdl_000298.png,284,284,,1,melanoma,,,,train,3,1,0,,,,,,,,,,,,,,,,,,
Synth,sdl_000299.png,/home/marsi/TFM/data/gen/SD_E2_HOPE/v1_8000/sdl_000299.png,284,284,,1,melanoma,,,,train,3,1,0,,,,,,,,,,,,,,,,,,
Synth,sdl_000300.png,/home/marsi/TFM/data/gen/SD_E2_HOPE/v1_8000/sdl_000300.png,284,284,,1,melanoma,,,,train,3,1,0,,,,,,,,,,,,,,,,,,
Synth,sdl_000301.png,/home/marsi/TFM/data/gen/SD_E2_HOPE/v1_8000/sdl_000301.png,284,284,,1,melanoma,,,,train,3,1,0,,,,,,,,,,,,,,,,,,
Synth,sdl_000302.png,/home/marsi/TFM/data/gen/SD_E2_HOPE/v1_8000/sdl_000302.png,284,284,,1,melanoma,,,,train,3,1,0,,,,,,,,,,,,,,,,,,
Synth,sdl_000303.png,/home/marsi/TFM/data/gen/SD_E2_HOPE/v1_8000/sdl_000303.png,284,284,,1,melanoma,,,,train,3,1,0,,,,,,,,,,,,,,,,,,
Synth,sdl_000304.png,/home/marsi/TFM/data/gen/SD_E2_HOPE/v1_8000/sdl_000304.png,284,284,,1,melanoma,,,,train,3,1,0,,,,,,,,,,,,,,,,,,
Synth,sdl_000305.png,/home/marsi/TFM/data/gen/SD_E2_HOPE/v1_8000/sdl_000305.png,284,284,,1,melanoma,,,,train,3,1,0,,,,,,,,,,,,,,,,,,
Synth,sdl_000306.png,/home/marsi/TFM/data/gen/SD_E2_HOPE/v1_8000/sdl_000306.png,284,284,,1,melanoma,,,,train,3,1,0,,,,,,,,,,,,,,,,,,
Synth,sdl_000307.png,/home/marsi/TFM/data/gen/SD_E2_HOPE/v1_8000/sdl_000307.png,284,284,,1,melanoma,,,,train,3,1,0,,,,,,,,,,,,,,,,,,
Synth,sdl_000308.png,/home/marsi/TFM/data/gen/SD_E2_HOPE/v1_8000/sdl_000308.png,284,284,,1,melanoma,,,,train,3,1,0,,,,,,,,,,,,,,,,,,
Synth,sdl_000309.png,/home/marsi/TFM/data/gen/SD_E2_HOPE/v1_8000/sdl_000309.png,284,284,,1,melanoma,,,,train,3,1,0,,,,,,,,,,,,,,,,,,
Synth,sdl_000310.png,/home/marsi/TFM/data/gen/SD_E2_HOPE/v1_8000/sdl_000310.png,284,284,,1,melanoma,,,,train,3,1,0,,,,,,,,,,,,,,,,,,
Synth,sdl_000311.png,/home/marsi/TFM/data/gen/SD_E2_HOPE/v1_8000/sdl_000311.png,284,284,,1,melanoma,,,,train,3,1,0,,,,,,,,,,,,,,,,,,
Synth,sdl_000312.png,/home/marsi/TFM/data/gen/SD_E2_HOPE/v1_8000/sdl_000312.png,284,284,,1,melanoma,,,,train,3,1,0,,,,,,,,,,,,,,,,,,
Synth,sdl_000313.png,/home/marsi/TFM/data/gen/SD_E2_HOPE/v1_8000/sdl_000313.png,284,284,,1,melanoma,,,,train,3,1,0,,,,,,,,,,,,,,,,,,
Synth,sdl_000314.png,/home/marsi/TFM/data/gen/SD_E2_HOPE/v1_8000/sdl_000314.png,284,284,,1,melanoma,,,,train,3,1,0,,,,,,,,,,,,,,,,,,
Synth,sdl_000315.png,/home/marsi/TFM/data/gen/SD_E2_HOPE/v1_8000/sdl_000315.png,284,284,,1,melanoma,,,,train,3,1,0,,,,,,,,,,,,,,,,,,
Synth,sdl_000316.png,/home/marsi/TFM/data/gen/SD_E2_HOPE/v1_8000/sdl_000316.png,284,284,,1,melanoma,,,,train,3,1,0,,,,,,,,,,,,,,,,,,
Synth,sdl_000317.png,/home/marsi/TFM/data/gen/SD_E2_HOPE/v1_8000/sdl_000317.png,284,284,,1,melanoma,,,,train,3,1,0,,,,,,,,,,,,,,,,,,
Synth,sdl_000318.png,/home/marsi/TFM/data/gen/SD_E2_HOPE/v1_8000/sdl_000318.png,284,284,,1,melanoma,,,,train,3,1,0,,,,,,,,,,,,,,,,,,
Synth,sdl_000319.png,/home/marsi/TFM/data/gen/SD_E2_HOPE/v1_8000/sdl_000319.png,284,284,,1,melanoma,,,,train,3,1,0,,,,,,,,,,,,,,,,,,
Synth,sdl_000320.png,/home/marsi/TFM/data/gen/SD_E2_HOPE/v1_8000/sdl_000320.png,284,284,,1,melanoma,,,,train,3,1,0,,,,,,,,,,,,,,,,,,
Synth,sdl_000321.png,/home/marsi/TFM/data/gen/SD_E2_HOPE/v1_8000/sdl_000321.png,284,284,,1,melanoma,,,,train,3,1,0,,,,,,,,,,,,,,,,,,
Synth,sdl_000322.png,/home/marsi/TFM/data/gen/SD_E2_HOPE/v1_8000/sdl_000322.png,284,284,,1,melanoma,,,,train,3,1,0,,,,,,,,,,,,,,,,,,
Synth,sdl_000323.png,/home/marsi/TFM/data/gen/SD_E2_HOPE/v1_8000/sdl_000323.png,284,284,,1,melanoma,,,,train,3,1,0,,,,,,,,,,,,,,,,,,
Synth,sdl_000324.png,/home/marsi/TFM/data/gen/SD_E2_HOPE/v1_8000/sdl_000324.png,284,284,,1,melanoma,,,,train,3,1,0,,,,,,,,,,,,,,,,,,
Synth,sdl_000325.png,/home/marsi/TFM/data/gen/SD_E2_HOPE/v1_8000/sdl_000325.png,284,284,,1,melanoma,,,,train,3,1,0,,,,,,,,,,,,,,,,,,
Synth,sdl_000326.png,/home/marsi/TFM/data/gen/SD_E2_HOPE/v1_8000/sdl_000326.png,284,284,,1,melanoma,,,,train,3,1,0,,,,,,,,,,,,,,,,,,
Synth,sdl_000327.png,/home/marsi/TFM/data/gen/SD_E2_HOPE/v1_8000/sdl_000327.png,284,284,,1,melanoma,,,,train,3,1,0,,,,,,,,,,,,,,,,,,
Synth,sdl_000328.png,/home/marsi/TFM/data/gen/SD_E2_HOPE/v1_8000/sdl_000328.png,284,284,,1,melanoma,,,,train,3,1,0,,,,,,,,,,,,,,,,,,
Synth,sdl_000329.png,/home/marsi/TFM/data/gen/SD_E2_HOPE/v1_8000/sdl_000329.png,284,284,,1,melanoma,,,,train,3,1,0,,,,,,,,,,,,,,,,,,
Synth,sdl_000330.png,/home/marsi/TFM/data/gen/SD_E2_HOPE/v1_8000/sdl_000330.png,284,284,,1,melanoma,,,,train,3,1,0,,,,,,,,,,,,,,,,,,
Synth,sdl_000331.png,/home/marsi/TFM/data/gen/SD_E2_HOPE/v1_8000/sdl_000331.png,284,284,,1,melanoma,,,,train,3,1,0,,,,,,,,,,,,,,,,,,
Synth,sdl_000332.png,/home/marsi/TFM/data/gen/SD_E2_HOPE/v1_8000/sdl_000332.png,284,284,,1,melanoma,,,,train,3,1,0,,,,,,,,,,,,,,,,,,
Synth,sdl_000333.png,/home/marsi/TFM/data/gen/SD_E2_HOPE/v1_8000/sdl_000333.png,284,284,,1,melanoma,,,,train,3,1,0,,,,,,,,,,,,,,,,,,
Synth,sdl_000334.png,/home/marsi/TFM/data/gen/SD_E2_HOPE/v1_8000/sdl_000334.png,284,284,,1,melanoma,,,,train,3,1,0,,,,,,,,,,,,,,,,,,
Synth,sdl_000335.png,/home/marsi/TFM/data/gen/SD_E2_HOPE/v1_8000/sdl_000335.png,284,284,,1,melanoma,,,,train,3,1,0,,,,,,,,,,,,,,,,,,
Synth,sdl_000336.png,/home/marsi/TFM/data/gen/SD_E2_HOPE/v1_8000/sdl_000336.png,284,284,,1,melanoma,,,,train,3,1,0,,,,,,,,,,,,,,,,,,
Synth,sdl_000337.png,/home/marsi/TFM/data/gen/SD_E2_HOPE/v1_8000/sdl_000337.png,284,284,,1,melanoma,,,,train,3,1,0,,,,,,,,,,,,,,,,,,
Synth,sdl_000338.png,/home/marsi/TFM/data/gen/SD_E2_HOPE/v1_8000/sdl_000338.png,284,284,,1,melanoma,,,,train,3,1,0,,,,,,,,,,,,,,,,,,
Synth,sdl_000339.png,/home/marsi/TFM/data/gen/SD_E2_HOPE/v1_8000/sdl_000339.png,284,284,,1,melanoma,,,,train,3,1,0,,,,,,,,,,,,,,,,,,
Synth,sdl_000340.png,/home/marsi/TFM/data/gen/SD_E2_HOPE/v1_8000/sdl_000340.png,284,284,,1,melanoma,,,,train,3,1,0,,,,,,,,,,,,,,,,,,
Synth,sdl_000341.png,/home/marsi/TFM/data/gen/SD_E2_HOPE/v1_8000/sdl_000341.png,284,284,,1,melanoma,,,,train,3,1,0,,,,,,,,,,,,,,,,,,
Synth,sdl_000342.png,/home/marsi/TFM/data/gen/SD_E2_HOPE/v1_8000/sdl_000342.png,284,284,,1,melanoma,,,,train,3,1,0,,,,,,,,,,,,,,,,,,
Synth,sdl_000343.png,/home/marsi/TFM/data/gen/SD_E2_HOPE/v1_8000/sdl_000343.png,284,284,,1,melanoma,,,,train,3,1,0,,,,,,,,,,,,,,,,,,
Synth,sdl_000344.png,/home/marsi/TFM/data/gen/SD_E2_HOPE/v1_8000/sdl_000344.png,284,284,,1,melanoma,,,,train,3,1,0,,,,,,,,,,,,,,,,,,
Synth,sdl_000345.png,/home/marsi/TFM/data/gen/SD_E2_HOPE/v1_8000/sdl_000345.png,284,284,,1,melanoma,,,,train,3,1,0,,,,,,,,,,,,,,,,,,
Synth,sdl_000346.png,/home/marsi/TFM/data/gen/SD_E2_HOPE/v1_8000/sdl_000346.png,284,284,,1,melanoma,,,,train,3,1,0,,,,,,,,,,,,,,,,,,
Synth,sdl_000347.png,/home/marsi/TFM/data/gen/SD_E2_HOPE/v1_8000/sdl_000347.png,284,284,,1,melanoma,,,,train,3,1,0,,,,,,,,,,,,,,,,,,
Synth,sdl_000348.png,/home/marsi/TFM/data/gen/SD_E2_HOPE/v1_8000/sdl_000348.png,284,284,,1,melanoma,,,,train,3,1,0,,,,,,,,,,,,,,,,,,
Synth,sdl_000349.png,/home/marsi/TFM/data/gen/SD_E2_HOPE/v1_8000/sdl_000349.png,284,284,,1,melanoma,,,,train,3,1,0,,,,,,,,,,,,,,,,,,
Synth,sdl_000350.png,/home/marsi/TFM/data/gen/SD_E2_HOPE/v1_8000/sdl_000350.png,284,284,,1,melanoma,,,,train,3,1,0,,,,,,,,,,,,,,,,,,
Synth,sdl_000351.png,/home/marsi/TFM/data/gen/SD_E2_HOPE/v1_8000/sdl_000351.png,284,284,,1,melanoma,,,,train,3,1,0,,,,,,,,,,,,,,,,,,
Synth,sdl_000352.png,/home/marsi/TFM/data/gen/SD_E2_HOPE/v1_8000/sdl_000352.png,284,284,,1,melanoma,,,,train,3,1,0,,,,,,,,,,,,,,,,,,
Synth,sdl_000353.png,/home/marsi/TFM/data/gen/SD_E2_HOPE/v1_8000/sdl_000353.png,284,284,,1,melanoma,,,,train,3,1,0,,,,,,,,,,,,,,,,,,
Synth,sdl_000354.png,/home/marsi/TFM/data/gen/SD_E2_HOPE/v1_8000/sdl_000354.png,284,284,,1,melanoma,,,,train,3,1,0,,,,,,,,,,,,,,,,,,
Synth,sdl_000355.png,/home/marsi/TFM/data/gen/SD_E2_HOPE/v1_8000/sdl_000355.png,284,284,,1,melanoma,,,,train,3,1,0,,,,,,,,,,,,,,,,,,
Synth,sdl_000356.png,/home/marsi/TFM/data/gen/SD_E2_HOPE/v1_8000/sdl_000356.png,284,284,,1,melanoma,,,,train,3,1,0,,,,,,,,,,,,,,,,,,
Synth,sdl_000357.png,/home/marsi/TFM/data/gen/SD_E2_HOPE/v1_8000/sdl_000357.png,284,284,,1,melanoma,,,,train,3,1,0,,,,,,,,,,,,,,,,,,
Synth,sdl_000358.png,/home/marsi/TFM/data/gen/SD_E2_HOPE/v1_8000/sdl_000358.png,284,284,,1,melanoma,,,,train,3,1,0,,,,,,,,,,,,,,,,,,
Synth,sdl_000359.png,/home/marsi/TFM/data/gen/SD_E2_HOPE/v1_8000/sdl_000359.png,284,284,,1,melanoma,,,,train,3,1,0,,,,,,,,,,,,,,,,,,
Synth,sdl_000360.png,/home/marsi/TFM/data/gen/SD_E2_HOPE/v1_8000/sdl_000360.png,284,284,,1,melanoma,,,,train,3,1,0,,,,,,,,,,,,,,,,,,
Synth,sdl_000361.png,/home/marsi/TFM/data/gen/SD_E2_HOPE/v1_8000/sdl_000361.png,284,284,,1,melanoma,,,,train,3,1,0,,,,,,,,,,,,,,,,,,
Synth,sdl_000362.png,/home/marsi/TFM/data/gen/SD_E2_HOPE/v1_8000/sdl_000362.png,284,284,,1,melanoma,,,,train,3,1,0,,,,,,,,,,,,,,,,,,
Synth,sdl_000363.png,/home/marsi/TFM/data/gen/SD_E2_HOPE/v1_8000/sdl_000363.png,284,284,,1,melanoma,,,,train,3,1,0,,,,,,,,,,,,,,,,,,
Synth,sdl_000364.png,/home/marsi/TFM/data/gen/SD_E2_HOPE/v1_8000/sdl_000364.png,284,284,,1,melanoma,,,,train,3,1,0,,,,,,,,,,,,,,,,,,
Synth,sdl_000365.png,/home/marsi/TFM/data/gen/SD_E2_HOPE/v1_8000/sdl_000365.png,284,284,,1,melanoma,,,,train,3,1,0,,,,,,,,,,,,,,,,,,
Synth,sdl_000366.png,/home/marsi/TFM/data/gen/SD_E2_HOPE/v1_8000/sdl_000366.png,284,284,,1,melanoma,,,,train,3,1,0,,,,,,,,,,,,,,,,,,
Synth,sdl_000367.png,/home/marsi/TFM/data/gen/SD_E2_HOPE/v1_8000/sdl_000367.png,284,284,,1,melanoma,,,,train,3,1,0,,,,,,,,,,,,,,,,,,
Synth,sdl_000368.png,/home/marsi/TFM/data/gen/SD_E2_HOPE/v1_8000/sdl_000368.png,284,284,,1,melanoma,,,,train,3,1,0,,,,,,,,,,,,,,,,,,
Synth,sdl_000369.png,/home/marsi/TFM/data/gen/SD_E2_HOPE/v1_8000/sdl_000369.png,284,284,,1,melanoma,,,,train,3,1,0,,,,,,,,,,,,,,,,,,
Synth,sdl_000370.png,/home/marsi/TFM/data/gen/SD_E2_HOPE/v1_8000/sdl_000370.png,284,284,,1,melanoma,,,,train,3,1,0,,,,,,,,,,,,,,,,,,
Synth,sdl_000371.png,/home/marsi/TFM/data/gen/SD_E2_HOPE/v1_8000/sdl_000371.png,284,284,,1,melanoma,,,,train,3,1,0,,,,,,,,,,,,,,,,,,
Synth,sdl_000372.png,/home/marsi/TFM/data/gen/SD_E2_HOPE/v1_8000/sdl_000372.png,284,284,,1,melanoma,,,,train,3,1,0,,,,,,,,,,,,,,,,,,
Synth,sdl_000373.png,/home/marsi/TFM/data/gen/SD_E2_HOPE/v1_8000/sdl_000373.png,284,284,,1,melanoma,,,,train,3,1,0,,,,,,,,,,,,,,,,,,
Synth,sdl_000374.png,/home/marsi/TFM/data/gen/SD_E2_HOPE/v1_8000/sdl_000374.png,284,284,,1,melanoma,,,,train,3,1,0,,,,,,,,,,,,,,,,,,
Synth,sdl_000375.png,/home/marsi/TFM/data/gen/SD_E2_HOPE/v1_8000/sdl_000375.png,284,284,,1,melanoma,,,,train,3,1,0,,,,,,,,,,,,,,,,,,
Synth,sdl_000376.png,/home/marsi/TFM/data/gen/SD_E2_HOPE/v1_8000/sdl_000376.png,284,284,,1,melanoma,,,,train,3,1,0,,,,,,,,,,,,,,,,,,
Synth,sdl_000377.png,/home/marsi/TFM/data/gen/SD_E2_HOPE/v1_8000/sdl_000377.png,284,284,,1,melanoma,,,,train,3,1,0,,,,,,,,,,,,,,,,,,
Synth,sdl_000378.png,/home/marsi/TFM/data/gen/SD_E2_HOPE/v1_8000/sdl_000378.png,284,284,,1,melanoma,,,,train,3,1,0,,,,,,,,,,,,,,,,,,
Synth,sdl_000379.png,/home/marsi/TFM/data/gen/SD_E2_HOPE/v1_8000/sdl_000379.png,284,284,,1,melanoma,,,,train,3,1,0,,,,,,,,,,,,,,,,,,
Synth,sdl_000380.png,/home/marsi/TFM/data/gen/SD_E2_HOPE/v1_8000/sdl_000380.png,284,284,,1,melanoma,,,,train,3,1,0,,,,,,,,,,,,,,,,,,
Synth,sdl_000381.png,/home/marsi/TFM/data/gen/SD_E2_HOPE/v1_8000/sdl_000381.png,284,284,,1,melanoma,,,,train,3,1,0,,,,,,,,,,,,,,,,,,
Synth,sdl_000382.png,/home/marsi/TFM/data/gen/SD_E2_HOPE/v1_8000/sdl_000382.png,284,284,,1,melanoma,,,,train,3,1,0,,,,,,,,,,,,,,,,,,
Synth,sdl_000383.png,/home/marsi/TFM/data/gen/SD_E2_HOPE/v1_8000/sdl_000383.png,284,284,,1,melanoma,,,,train,3,1,0,,,,,,,,,,,,,,,,,,
Synth,sdl_000384.png,/home/marsi/TFM/data/gen/SD_E2_HOPE/v1_8000/sdl_000384.png,284,284,,1,melanoma,,,,train,3,1,0,,,,,,,,,,,,,,,,,,
Synth,sdl_000385.png,/home/marsi/TFM/data/gen/SD_E2_HOPE/v1_8000/sdl_000385.png,284,284,,1,melanoma,,,,train,3,1,0,,,,,,,,,,,,,,,,,,
Synth,sdl_000386.png,/home/marsi/TFM/data/gen/SD_E2_HOPE/v1_8000/sdl_000386.png,284,284,,1,melanoma,,,,train,3,1,0,,,,,,,,,,,,,,,,,,
Synth,sdl_000387.png,/home/marsi/TFM/data/gen/SD_E2_HOPE/v1_8000/sdl_000387.png,284,284,,1,melanoma,,,,train,3,1,0,,,,,,,,,,,,,,,,,,
Synth,sdl_000388.png,/home/marsi/TFM/data/gen/SD_E2_HOPE/v1_8000/sdl_000388.png,284,284,,1,melanoma,,,,train,3,1,0,,,,,,,,,,,,,,,,,,
Synth,sdl_000389.png,/home/marsi/TFM/data/gen/SD_E2_HOPE/v1_8000/sdl_000389.png,284,284,,1,melanoma,,,,train,3,1,0,,,,,,,,,,,,,,,,,,
Synth,sdl_000390.png,/home/marsi/TFM/data/gen/SD_E2_HOPE/v1_8000/sdl_000390.png,284,284,,1,melanoma,,,,train,3,1,0,,,,,,,,,,,,,,,,,,
Synth,sdl_000391.png,/home/marsi/TFM/data/gen/SD_E2_HOPE/v1_8000/sdl_000391.png,284,284,,1,melanoma,,,,train,3,1,0,,,,,,,,,,,,,,,,,,
Synth,sdl_000392.png,/home/marsi/TFM/data/gen/SD_E2_HOPE/v1_8000/sdl_000392.png,284,284,,1,melanoma,,,,train,3,1,0,,,,,,,,,,,,,,,,,,
Synth,sdl_000393.png,/home/marsi/TFM/data/gen/SD_E2_HOPE/v1_8000/sdl_000393.png,284,284,,1,melanoma,,,,train,3,1,0,,,,,,,,,,,,,,,,,,
Synth,sdl_000394.png,/home/marsi/TFM/data/gen/SD_E2_HOPE/v1_8000/sdl_000394.png,284,284,,1,melanoma,,,,train,3,1,0,,,,,,,,,,,,,,,,,,
Synth,sdl_000395.png,/home/marsi/TFM/data/gen/SD_E2_HOPE/v1_8000/sdl_000395.png,284,284,,1,melanoma,,,,train,3,1,0,,,,,,,,,,,,,,,,,,
Synth,sdl_000396.png,/home/marsi/TFM/data/gen/SD_E2_HOPE/v1_8000/sdl_000396.png,284,284,,1,melanoma,,,,train,3,1,0,,,,,,,,,,,,,,,,,,
Synth,sdl_000397.png,/home/marsi/TFM/data/gen/SD_E2_HOPE/v1_8000/sdl_000397.png,284,284,,1,melanoma,,,,train,3,1,0,,,,,,,,,,,,,,,,,,
Synth,sdl_000398.png,/home/marsi/TFM/data/gen/SD_E2_HOPE/v1_8000/sdl_000398.png,284,284,,1,melanoma,,,,train,3,1,0,,,,,,,,,,,,,,,,,,
Synth,sdl_000399.png,/home/marsi/TFM/data/gen/SD_E2_HOPE/v1_8000/sdl_000399.png,284,284,,1,melanoma,,,,train,3,1,0,,,,,,,,,,,,,,,,,,
Synth,sdl_000400.png,/home/marsi/TFM/data/gen/SD_E2_HOPE/v1_8000/sdl_000400.png,284,284,,1,melanoma,,,,train,3,1,0,,,,,,,,,,,,,,,,,,
Synth,sdl_000401.png,/home/marsi/TFM/data/gen/SD_E2_HOPE/v1_8000/sdl_000401.png,284,284,,1,melanoma,,,,train,3,1,0,,,,,,,,,,,,,,,,,,
Synth,sdl_000402.png,/home/marsi/TFM/data/gen/SD_E2_HOPE/v1_8000/sdl_000402.png,284,284,,1,melanoma,,,,train,3,1,0,,,,,,,,,,,,,,,,,,
Synth,sdl_000403.png,/home/marsi/TFM/data/gen/SD_E2_HOPE/v1_8000/sdl_000403.png,284,284,,1,melanoma,,,,train,3,1,0,,,,,,,,,,,,,,,,,,
Synth,sdl_000404.png,/home/marsi/TFM/data/gen/SD_E2_HOPE/v1_8000/sdl_000404.png,284,284,,1,melanoma,,,,train,3,1,0,,,,,,,,,,,,,,,,,,
Synth,sdl_000405.png,/home/marsi/TFM/data/gen/SD_E2_HOPE/v1_8000/sdl_000405.png,284,284,,1,melanoma,,,,train,3,1,0,,,,,,,,,,,,,,,,,,
Synth,sdl_000406.png,/home/marsi/TFM/data/gen/SD_E2_HOPE/v1_8000/sdl_000406.png,284,284,,1,melanoma,,,,train,3,1,0,,,,,,,,,,,,,,,,,,
Synth,sdl_000407.png,/home/marsi/TFM/data/gen/SD_E2_HOPE/v1_8000/sdl_000407.png,284,284,,1,melanoma,,,,train,3,1,0,,,,,,,,,,,,,,,,,,
Synth,sdl_000408.png,/home/marsi/TFM/data/gen/SD_E2_HOPE/v1_8000/sdl_000408.png,284,284,,1,melanoma,,,,train,3,1,0,,,,,,,,,,,,,,,,,,
Synth,sdl_000409.png,/home/marsi/TFM/data/gen/SD_E2_HOPE/v1_8000/sdl_000409.png,284,284,,1,melanoma,,,,train,3,1,0,,,,,,,,,,,,,,,,,,
Synth,sdl_000410.png,/home/marsi/TFM/data/gen/SD_E2_HOPE/v1_8000/sdl_000410.png,284,284,,1,melanoma,,,,train,3,1,0,,,,,,,,,,,,,,,,,,
Synth,sdl_000411.png,/home/marsi/TFM/data/gen/SD_E2_HOPE/v1_8000/sdl_000411.png,284,284,,1,melanoma,,,,train,3,1,0,,,,,,,,,,,,,,,,,,
Synth,sdl_000412.png,/home/marsi/TFM/data/gen/SD_E2_HOPE/v1_8000/sdl_000412.png,284,284,,1,melanoma,,,,train,3,1,0,,,,,,,,,,,,,,,,,,
Synth,sdl_000413.png,/home/marsi/TFM/data/gen/SD_E2_HOPE/v1_8000/sdl_000413.png,284,284,,1,melanoma,,,,train,3,1,0,,,,,,,,,,,,,,,,,,
Synth,sdl_000414.png,/home/marsi/TFM/data/gen/SD_E2_HOPE/v1_8000/sdl_000414.png,284,284,,1,melanoma,,,,train,3,1,0,,,,,,,,,,,,,,,,,,
Synth,sdl_000415.png,/home/marsi/TFM/data/gen/SD_E2_HOPE/v1_8000/sdl_000415.png,284,284,,1,melanoma,,,,train,3,1,0,,,,,,,,,,,,,,,,,,
Synth,sdl_000416.png,/home/marsi/TFM/data/gen/SD_E2_HOPE/v1_8000/sdl_000416.png,284,284,,1,melanoma,,,,train,3,1,0,,,,,,,,,,,,,,,,,,
Synth,sdl_000417.png,/home/marsi/TFM/data/gen/SD_E2_HOPE/v1_8000/sdl_000417.png,284,284,,1,melanoma,,,,train,3,1,0,,,,,,,,,,,,,,,,,,
Synth,sdl_000418.png,/home/marsi/TFM/data/gen/SD_E2_HOPE/v1_8000/sdl_000418.png,284,284,,1,melanoma,,,,train,3,1,0,,,,,,,,,,,,,,,,,,
Synth,sdl_000419.png,/home/marsi/TFM/data/gen/SD_E2_HOPE/v1_8000/sdl_000419.png,284,284,,1,melanoma,,,,train,3,1,0,,,,,,,,,,,,,,,,,,
Synth,sdl_000420.png,/home/marsi/TFM/data/gen/SD_E2_HOPE/v1_8000/sdl_000420.png,284,284,,1,melanoma,,,,train,3,1,0,,,,,,,,,,,,,,,,,,
Synth,sdl_000421.png,/home/marsi/TFM/data/gen/SD_E2_HOPE/v1_8000/sdl_000421.png,284,284,,1,melanoma,,,,train,3,1,0,,,,,,,,,,,,,,,,,,
Synth,sdl_000422.png,/home/marsi/TFM/data/gen/SD_E2_HOPE/v1_8000/sdl_000422.png,284,284,,1,melanoma,,,,train,3,1,0,,,,,,,,,,,,,,,,,,
Synth,sdl_000423.png,/home/marsi/TFM/data/gen/SD_E2_HOPE/v1_8000/sdl_000423.png,284,284,,1,melanoma,,,,train,3,1,0,,,,,,,,,,,,,,,,,,
Synth,sdl_000424.png,/home/marsi/TFM/data/gen/SD_E2_HOPE/v1_8000/sdl_000424.png,284,284,,1,melanoma,,,,train,3,1,0,,,,,,,,,,,,,,,,,,
Synth,sdl_000425.png,/home/marsi/TFM/data/gen/SD_E2_HOPE/v1_8000/sdl_000425.png,284,284,,1,melanoma,,,,train,3,1,0,,,,,,,,,,,,,,,,,,
Synth,sdl_000426.png,/home/marsi/TFM/data/gen/SD_E2_HOPE/v1_8000/sdl_000426.png,284,284,,1,melanoma,,,,train,3,1,0,,,,,,,,,,,,,,,,,,
Synth,sdl_000427.png,/home/marsi/TFM/data/gen/SD_E2_HOPE/v1_8000/sdl_000427.png,284,284,,1,melanoma,,,,train,3,1,0,,,,,,,,,,,,,,,,,,
Synth,sdl_000428.png,/home/marsi/TFM/data/gen/SD_E2_HOPE/v1_8000/sdl_000428.png,284,284,,1,melanoma,,,,train,3,1,0,,,,,,,,,,,,,,,,,,
Synth,sdl_000429.png,/home/marsi/TFM/data/gen/SD_E2_HOPE/v1_8000/sdl_000429.png,284,284,,1,melanoma,,,,train,3,1,0,,,,,,,,,,,,,,,,,,
Synth,sdl_000430.png,/home/marsi/TFM/data/gen/SD_E2_HOPE/v1_8000/sdl_000430.png,284,284,,1,melanoma,,,,train,3,1,0,,,,,,,,,,,,,,,,,,
Synth,sdl_000431.png,/home/marsi/TFM/data/gen/SD_E2_HOPE/v1_8000/sdl_000431.png,284,284,,1,melanoma,,,,train,3,1,0,,,,,,,,,,,,,,,,,,
Synth,sdl_000432.png,/home/marsi/TFM/data/gen/SD_E2_HOPE/v1_8000/sdl_000432.png,284,284,,1,melanoma,,,,train,3,1,0,,,,,,,,,,,,,,,,,,
Synth,sdl_000433.png,/home/marsi/TFM/data/gen/SD_E2_HOPE/v1_8000/sdl_000433.png,284,284,,1,melanoma,,,,train,3,1,0,,,,,,,,,,,,,,,,,,
Synth,sdl_000434.png,/home/marsi/TFM/data/gen/SD_E2_HOPE/v1_8000/sdl_000434.png,284,284,,1,melanoma,,,,train,3,1,0,,,,,,,,,,,,,,,,,,
Synth,sdl_000435.png,/home/marsi/TFM/data/gen/SD_E2_HOPE/v1_8000/sdl_000435.png,284,284,,1,melanoma,,,,train,3,1,0,,,,,,,,,,,,,,,,,,
Synth,sdl_000436.png,/home/marsi/TFM/data/gen/SD_E2_HOPE/v1_8000/sdl_000436.png,284,284,,1,melanoma,,,,train,3,1,0,,,,,,,,,,,,,,,,,,
Synth,sdl_000437.png,/home/marsi/TFM/data/gen/SD_E2_HOPE/v1_8000/sdl_000437.png,284,284,,1,melanoma,,,,train,3,1,0,,,,,,,,,,,,,,,,,,
Synth,sdl_000438.png,/home/marsi/TFM/data/gen/SD_E2_HOPE/v1_8000/sdl_000438.png,284,284,,1,melanoma,,,,train,3,1,0,,,,,,,,,,,,,,,,,,
Synth,sdl_000439.png,/home/marsi/TFM/data/gen/SD_E2_HOPE/v1_8000/sdl_000439.png,284,284,,1,melanoma,,,,train,3,1,0,,,,,,,,,,,,,,,,,,
Synth,sdl_000440.png,/home/marsi/TFM/data/gen/SD_E2_HOPE/v1_8000/sdl_000440.png,284,284,,1,melanoma,,,,train,3,1,0,,,,,,,,,,,,,,,,,,
Synth,sdl_000441.png,/home/marsi/TFM/data/gen/SD_E2_HOPE/v1_8000/sdl_000441.png,284,284,,1,melanoma,,,,train,3,1,0,,,,,,,,,,,,,,,,,,
Synth,sdl_000442.png,/home/marsi/TFM/data/gen/SD_E2_HOPE/v1_8000/sdl_000442.png,284,284,,1,melanoma,,,,train,3,1,0,,,,,,,,,,,,,,,,,,
Synth,sdl_000443.png,/home/marsi/TFM/data/gen/SD_E2_HOPE/v1_8000/sdl_000443.png,284,284,,1,melanoma,,,,train,3,1,0,,,,,,,,,,,,,,,,,,
Synth,sdl_000444.png,/home/marsi/TFM/data/gen/SD_E2_HOPE/v1_8000/sdl_000444.png,284,284,,1,melanoma,,,,train,3,1,0,,,,,,,,,,,,,,,,,,
Synth,sdl_000445.png,/home/marsi/TFM/data/gen/SD_E2_HOPE/v1_8000/sdl_000445.png,284,284,,1,melanoma,,,,train,3,1,0,,,,,,,,,,,,,,,,,,
Synth,sdl_000446.png,/home/marsi/TFM/data/gen/SD_E2_HOPE/v1_8000/sdl_000446.png,284,284,,1,melanoma,,,,train,3,1,0,,,,,,,,,,,,,,,,,,
Synth,sdl_000447.png,/home/marsi/TFM/data/gen/SD_E2_HOPE/v1_8000/sdl_000447.png,284,284,,1,melanoma,,,,train,3,1,0,,,,,,,,,,,,,,,,,,
Synth,sdl_000448.png,/home/marsi/TFM/data/gen/SD_E2_HOPE/v1_8000/sdl_000448.png,284,284,,1,melanoma,,,,train,3,1,0,,,,,,,,,,,,,,,,,,
Synth,sdl_000449.png,/home/marsi/TFM/data/gen/SD_E2_HOPE/v1_8000/sdl_000449.png,284,284,,1,melanoma,,,,train,3,1,0,,,,,,,,,,,,,,,,,,
Synth,sdl_000450.png,/home/marsi/TFM/data/gen/SD_E2_HOPE/v1_8000/sdl_000450.png,284,284,,1,melanoma,,,,train,3,1,0,,,,,,,,,,,,,,,,,,
Synth,sdl_000451.png,/home/marsi/TFM/data/gen/SD_E2_HOPE/v1_8000/sdl_000451.png,284,284,,1,melanoma,,,,train,3,1,0,,,,,,,,,,,,,,,,,,
Synth,sdl_000452.png,/home/marsi/TFM/data/gen/SD_E2_HOPE/v1_8000/sdl_000452.png,284,284,,1,melanoma,,,,train,3,1,0,,,,,,,,,,,,,,,,,,
Synth,sdl_000453.png,/home/marsi/TFM/data/gen/SD_E2_HOPE/v1_8000/sdl_000453.png,284,284,,1,melanoma,,,,train,3,1,0,,,,,,,,,,,,,,,,,,
Synth,sdl_000454.png,/home/marsi/TFM/data/gen/SD_E2_HOPE/v1_8000/sdl_000454.png,284,284,,1,melanoma,,,,train,3,1,0,,,,,,,,,,,,,,,,,,
Synth,sdl_000455.png,/home/marsi/TFM/data/gen/SD_E2_HOPE/v1_8000/sdl_000455.png,284,284,,1,melanoma,,,,train,3,1,0,,,,,,,,,,,,,,,,,,
Synth,sdl_000456.png,/home/marsi/TFM/data/gen/SD_E2_HOPE/v1_8000/sdl_000456.png,284,284,,1,melanoma,,,,train,3,1,0,,,,,,,,,,,,,,,,,,
Synth,sdl_000457.png,/home/marsi/TFM/data/gen/SD_E2_HOPE/v1_8000/sdl_000457.png,284,284,,1,melanoma,,,,train,3,1,0,,,,,,,,,,,,,,,,,,
Synth,sdl_000458.png,/home/marsi/TFM/data/gen/SD_E2_HOPE/v1_8000/sdl_000458.png,284,284,,1,melanoma,,,,train,3,1,0,,,,,,,,,,,,,,,,,,
Synth,sdl_000459.png,/home/marsi/TFM/data/gen/SD_E2_HOPE/v1_8000/sdl_000459.png,284,284,,1,melanoma,,,,train,3,1,0,,,,,,,,,,,,,,,,,,
Synth,sdl_000460.png,/home/marsi/TFM/data/gen/SD_E2_HOPE/v1_8000/sdl_000460.png,284,284,,1,melanoma,,,,train,3,1,0,,,,,,,,,,,,,,,,,,
Synth,sdl_000461.png,/home/marsi/TFM/data/gen/SD_E2_HOPE/v1_8000/sdl_000461.png,284,284,,1,melanoma,,,,train,3,1,0,,,,,,,,,,,,,,,,,,
Synth,sdl_000462.png,/home/marsi/TFM/data/gen/SD_E2_HOPE/v1_8000/sdl_000462.png,284,284,,1,melanoma,,,,train,3,1,0,,,,,,,,,,,,,,,,,,
Synth,sdl_000463.png,/home/marsi/TFM/data/gen/SD_E2_HOPE/v1_8000/sdl_000463.png,284,284,,1,melanoma,,,,train,3,1,0,,,,,,,,,,,,,,,,,,
Synth,sdl_000464.png,/home/marsi/TFM/data/gen/SD_E2_HOPE/v1_8000/sdl_000464.png,284,284,,1,melanoma,,,,train,3,1,0,,,,,,,,,,,,,,,,,,
Synth,sdl_000465.png,/home/marsi/TFM/data/gen/SD_E2_HOPE/v1_8000/sdl_000465.png,284,284,,1,melanoma,,,,train,3,1,0,,,,,,,,,,,,,,,,,,
Synth,sdl_000466.png,/home/marsi/TFM/data/gen/SD_E2_HOPE/v1_8000/sdl_000466.png,284,284,,1,melanoma,,,,train,3,1,0,,,,,,,,,,,,,,,,,,
Synth,sdl_000467.png,/home/marsi/TFM/data/gen/SD_E2_HOPE/v1_8000/sdl_000467.png,284,284,,1,melanoma,,,,train,3,1,0,,,,,,,,,,,,,,,,,,
Synth,sdl_000468.png,/home/marsi/TFM/data/gen/SD_E2_HOPE/v1_8000/sdl_000468.png,284,284,,1,melanoma,,,,train,3,1,0,,,,,,,,,,,,,,,,,,
Synth,sdl_000469.png,/home/marsi/TFM/data/gen/SD_E2_HOPE/v1_8000/sdl_000469.png,284,284,,1,melanoma,,,,train,3,1,0,,,,,,,,,,,,,,,,,,
Synth,sdl_000470.png,/home/marsi/TFM/data/gen/SD_E2_HOPE/v1_8000/sdl_000470.png,284,284,,1,melanoma,,,,train,3,1,0,,,,,,,,,,,,,,,,,,
Synth,sdl_000471.png,/home/marsi/TFM/data/gen/SD_E2_HOPE/v1_8000/sdl_000471.png,284,284,,1,melanoma,,,,train,3,1,0,,,,,,,,,,,,,,,,,,
Synth,sdl_000472.png,/home/marsi/TFM/data/gen/SD_E2_HOPE/v1_8000/sdl_000472.png,284,284,,1,melanoma,,,,train,3,1,0,,,,,,,,,,,,,,,,,,
Synth,sdl_000473.png,/home/marsi/TFM/data/gen/SD_E2_HOPE/v1_8000/sdl_000473.png,284,284,,1,melanoma,,,,train,3,1,0,,,,,,,,,,,,,,,,,,
Synth,sdl_000474.png,/home/marsi/TFM/data/gen/SD_E2_HOPE/v1_8000/sdl_000474.png,284,284,,1,melanoma,,,,train,3,1,0,,,,,,,,,,,,,,,,,,
Synth,sdl_000475.png,/home/marsi/TFM/data/gen/SD_E2_HOPE/v1_8000/sdl_000475.png,284,284,,1,melanoma,,,,train,3,1,0,,,,,,,,,,,,,,,,,,
Synth,sdl_000476.png,/home/marsi/TFM/data/gen/SD_E2_HOPE/v1_8000/sdl_000476.png,284,284,,1,melanoma,,,,train,3,1,0,,,,,,,,,,,,,,,,,,
Synth,sdl_000477.png,/home/marsi/TFM/data/gen/SD_E2_HOPE/v1_8000/sdl_000477.png,284,284,,1,melanoma,,,,train,3,1,0,,,,,,,,,,,,,,,,,,
Synth,sdl_000478.png,/home/marsi/TFM/data/gen/SD_E2_HOPE/v1_8000/sdl_000478.png,284,284,,1,melanoma,,,,train,3,1,0,,,,,,,,,,,,,,,,,,
Synth,sdl_000479.png,/home/marsi/TFM/data/gen/SD_E2_HOPE/v1_8000/sdl_000479.png,284,284,,1,melanoma,,,,train,3,1,0,,,,,,,,,,,,,,,,,,
Synth,sdl_000480.png,/home/marsi/TFM/data/gen/SD_E2_HOPE/v1_8000/sdl_000480.png,284,284,,1,melanoma,,,,train,3,1,0,,,,,,,,,,,,,,,,,,
Synth,sdl_000481.png,/home/marsi/TFM/data/gen/SD_E2_HOPE/v1_8000/sdl_000481.png,284,284,,1,melanoma,,,,train,3,1,0,,,,,,,,,,,,,,,,,,
Synth,sdl_000482.png,/home/marsi/TFM/data/gen/SD_E2_HOPE/v1_8000/sdl_000482.png,284,284,,1,melanoma,,,,train,3,1,0,,,,,,,,,,,,,,,,,,
Synth,sdl_000483.png,/home/marsi/TFM/data/gen/SD_E2_HOPE/v1_8000/sdl_000483.png,284,284,,1,melanoma,,,,train,3,1,0,,,,,,,,,,,,,,,,,,
Synth,sdl_000484.png,/home/marsi/TFM/data/gen/SD_E2_HOPE/v1_8000/sdl_000484.png,284,284,,1,melanoma,,,,train,3,1,0,,,,,,,,,,,,,,,,,,
Synth,sdl_000485.png,/home/marsi/TFM/data/gen/SD_E2_HOPE/v1_8000/sdl_000485.png,284,284,,1,melanoma,,,,train,3,1,0,,,,,,,,,,,,,,,,,,
Synth,sdl_000486.png,/home/marsi/TFM/data/gen/SD_E2_HOPE/v1_8000/sdl_000486.png,284,284,,1,melanoma,,,,train,3,1,0,,,,,,,,,,,,,,,,,,
Synth,sdl_000487.png,/home/marsi/TFM/data/gen/SD_E2_HOPE/v1_8000/sdl_000487.png,284,284,,1,melanoma,,,,train,3,1,0,,,,,,,,,,,,,,,,,,
Synth,sdl_000488.png,/home/marsi/TFM/data/gen/SD_E2_HOPE/v1_8000/sdl_000488.png,284,284,,1,melanoma,,,,train,3,1,0,,,,,,,,,,,,,,,,,,
Synth,sdl_000489.png,/home/marsi/TFM/data/gen/SD_E2_HOPE/v1_8000/sdl_000489.png,284,284,,1,melanoma,,,,train,3,1,0,,,,,,,,,,,,,,,,,,
Synth,sdl_000490.png,/home/marsi/TFM/data/gen/SD_E2_HOPE/v1_8000/sdl_000490.png,284,284,,1,melanoma,,,,train,3,1,0,,,,,,,,,,,,,,,,,,
Synth,sdl_000491.png,/home/marsi/TFM/data/gen/SD_E2_HOPE/v1_8000/sdl_000491.png,284,284,,1,melanoma,,,,train,3,1,0,,,,,,,,,,,,,,,,,,
Synth,sdl_000492.png,/home/marsi/TFM/data/gen/SD_E2_HOPE/v1_8000/sdl_000492.png,284,284,,1,melanoma,,,,train,3,1,0,,,,,,,,,,,,,,,,,,
Synth,sdl_000493.png,/home/marsi/TFM/data/gen/SD_E2_HOPE/v1_8000/sdl_000493.png,284,284,,1,melanoma,,,,train,3,1,0,,,,,,,,,,,,,,,,,,
Synth,sdl_000494.png,/home/marsi/TFM/data/gen/SD_E2_HOPE/v1_8000/sdl_000494.png,284,284,,1,melanoma,,,,train,3,1,0,,,,,,,,,,,,,,,,,,
Synth,sdl_000495.png,/home/marsi/TFM/data/gen/SD_E2_HOPE/v1_8000/sdl_000495.png,284,284,,1,melanoma,,,,train,3,1,0,,,,,,,,,,,,,,,,,,
Synth,sdl_000496.png,/home/marsi/TFM/data/gen/SD_E2_HOPE/v1_8000/sdl_000496.png,284,284,,1,melanoma,,,,train,3,1,0,,,,,,,,,,,,,,,,,,
Synth,sdl_000497.png,/home/marsi/TFM/data/gen/SD_E2_HOPE/v1_8000/sdl_000497.png,284,284,,1,melanoma,,,,train,3,1,0,,,,,,,,,,,,,,,,,,
Synth,sdl_000498.png,/home/marsi/TFM/data/gen/SD_E2_HOPE/v1_8000/sdl_000498.png,284,284,,1,melanoma,,,,train,3,1,0,,,,,,,,,,,,,,,,,,
Synth,sdl_000499.png,/home/marsi/TFM/data/gen/SD_E2_HOPE/v1_8000/sdl_000499.png,284,284,,1,melanoma,,,,train,3,1,0,,,,,,,,,,,,,,,,,,
Synth,sdl_000500.png,/home/marsi/TFM/data/gen/SD_E2_HOPE/v1_8000/sdl_000500.png,284,284,,1,melanoma,,,,train,3,1,0,,,,,,,,,,,,,,,,,,
Synth,sdl_000501.png,/home/marsi/TFM/data/gen/SD_E2_HOPE/v1_8000/sdl_000501.png,284,284,,1,melanoma,,,,train,3,1,0,,,,,,,,,,,,,,,,,,
Synth,sdl_000502.png,/home/marsi/TFM/data/gen/SD_E2_HOPE/v1_8000/sdl_000502.png,284,284,,1,melanoma,,,,train,3,1,0,,,,,,,,,,,,,,,,,,
Synth,sdl_000503.png,/home/marsi/TFM/data/gen/SD_E2_HOPE/v1_8000/sdl_000503.png,284,284,,1,melanoma,,,,train,3,1,0,,,,,,,,,,,,,,,,,,
Synth,sdl_000504.png,/home/marsi/TFM/data/gen/SD_E2_HOPE/v1_8000/sdl_000504.png,284,284,,1,melanoma,,,,train,3,1,0,,,,,,,,,,,,,,,,,,
Synth,sdl_000505.png,/home/marsi/TFM/data/gen/SD_E2_HOPE/v1_8000/sdl_000505.png,284,284,,1,melanoma,,,,train,3,1,0,,,,,,,,,,,,,,,,,,
Synth,sdl_000506.png,/home/marsi/TFM/data/gen/SD_E2_HOPE/v1_8000/sdl_000506.png,284,284,,1,melanoma,,,,train,3,1,0,,,,,,,,,,,,,,,,,,
Synth,sdl_000507.png,/home/marsi/TFM/data/gen/SD_E2_HOPE/v1_8000/sdl_000507.png,284,284,,1,melanoma,,,,train,3,1,0,,,,,,,,,,,,,,,,,,
Synth,sdl_000508.png,/home/marsi/TFM/data/gen/SD_E2_HOPE/v1_8000/sdl_000508.png,284,284,,1,melanoma,,,,train,3,1,0,,,,,,,,,,,,,,,,,,
Synth,sdl_000509.png,/home/marsi/TFM/data/gen/SD_E2_HOPE/v1_8000/sdl_000509.png,284,284,,1,melanoma,,,,train,3,1,0,,,,,,,,,,,,,,,,,,
Synth,sdl_000510.png,/home/marsi/TFM/data/gen/SD_E2_HOPE/v1_8000/sdl_000510.png,284,284,,1,melanoma,,,,train,3,1,0,,,,,,,,,,,,,,,,,,
Synth,sdl_000511.png,/home/marsi/TFM/data/gen/SD_E2_HOPE/v1_8000/sdl_000511.png,284,284,,1,melanoma,,,,train,3,1,0,,,,,,,,,,,,,,,,,,
Synth,sdl_000512.png,/home/marsi/TFM/data/gen/SD_E2_HOPE/v1_8000/sdl_000512.png,284,284,,1,melanoma,,,,train,3,1,0,,,,,,,,,,,,,,,,,,
Synth,sdl_000513.png,/home/marsi/TFM/data/gen/SD_E2_HOPE/v1_8000/sdl_000513.png,284,284,,1,melanoma,,,,train,3,1,0,,,,,,,,,,,,,,,,,,
Synth,sdl_000514.png,/home/marsi/TFM/data/gen/SD_E2_HOPE/v1_8000/sdl_000514.png,284,284,,1,melanoma,,,,train,3,1,0,,,,,,,,,,,,,,,,,,
Synth,sdl_000515.png,/home/marsi/TFM/data/gen/SD_E2_HOPE/v1_8000/sdl_000515.png,284,284,,1,melanoma,,,,train,3,1,0,,,,,,,,,,,,,,,,,,
Synth,sdl_000516.png,/home/marsi/TFM/data/gen/SD_E2_HOPE/v1_8000/sdl_000516.png,284,284,,1,melanoma,,,,train,3,1,0,,,,,,,,,,,,,,,,,,
Synth,sdl_000517.png,/home/marsi/TFM/data/gen/SD_E2_HOPE/v1_8000/sdl_000517.png,284,284,,1,melanoma,,,,train,3,1,0,,,,,,,,,,,,,,,,,,
Synth,sdl_000518.png,/home/marsi/TFM/data/gen/SD_E2_HOPE/v1_8000/sdl_000518.png,284,284,,1,melanoma,,,,train,3,1,0,,,,,,,,,,,,,,,,,,
Synth,sdl_000519.png,/home/marsi/TFM/data/gen/SD_E2_HOPE/v1_8000/sdl_000519.png,284,284,,1,melanoma,,,,train,3,1,0,,,,,,,,,,,,,,,,,,
Synth,sdl_000520.png,/home/marsi/TFM/data/gen/SD_E2_HOPE/v1_8000/sdl_000520.png,284,284,,1,melanoma,,,,train,3,1,0,,,,,,,,,,,,,,,,,,
Synth,sdl_000521.png,/home/marsi/TFM/data/gen/SD_E2_HOPE/v1_8000/sdl_000521.png,284,284,,1,melanoma,,,,train,3,1,0,,,,,,,,,,,,,,,,,,
Synth,sdl_000522.png,/home/marsi/TFM/data/gen/SD_E2_HOPE/v1_8000/sdl_000522.png,284,284,,1,melanoma,,,,train,3,1,0,,,,,,,,,,,,,,,,,,
Synth,sdl_000523.png,/home/marsi/TFM/data/gen/SD_E2_HOPE/v1_8000/sdl_000523.png,284,284,,1,melanoma,,,,train,3,1,0,,,,,,,,,,,,,,,,,,
Synth,sdl_000524.png,/home/marsi/TFM/data/gen/SD_E2_HOPE/v1_8000/sdl_000524.png,284,284,,1,melanoma,,,,train,3,1,0,,,,,,,,,,,,,,,,,,
Synth,sdl_000525.png,/home/marsi/TFM/data/gen/SD_E2_HOPE/v1_8000/sdl_000525.png,284,284,,1,melanoma,,,,train,3,1,0,,,,,,,,,,,,,,,,,,
Synth,sdl_000526.png,/home/marsi/TFM/data/gen/SD_E2_HOPE/v1_8000/sdl_000526.png,284,284,,1,melanoma,,,,train,3,1,0,,,,,,,,,,,,,,,,,,
Synth,sdl_000527.png,/home/marsi/TFM/data/gen/SD_E2_HOPE/v1_8000/sdl_000527.png,284,284,,1,melanoma,,,,train,3,1,0,,,,,,,,,,,,,,,,,,
Synth,sdl_000528.png,/home/marsi/TFM/data/gen/SD_E2_HOPE/v1_8000/sdl_000528.png,284,284,,1,melanoma,,,,train,3,1,0,,,,,,,,,,,,,,,,,,
Synth,sdl_000529.png,/home/marsi/TFM/data/gen/SD_E2_HOPE/v1_8000/sdl_000529.png,284,284,,1,melanoma,,,,train,3,1,0,,,,,,,,,,,,,,,,,,
Synth,sdl_000530.png,/home/marsi/TFM/data/gen/SD_E2_HOPE/v1_8000/sdl_000530.png,284,284,,1,melanoma,,,,train,3,1,0,,,,,,,,,,,,,,,,,,
Synth,sdl_000531.png,/home/marsi/TFM/data/gen/SD_E2_HOPE/v1_8000/sdl_000531.png,284,284,,1,melanoma,,,,train,3,1,0,,,,,,,,,,,,,,,,,,
Synth,sdl_000532.png,/home/marsi/TFM/data/gen/SD_E2_HOPE/v1_8000/sdl_000532.png,284,284,,1,melanoma,,,,train,3,1,0,,,,,,,,,,,,,,,,,,
Synth,sdl_000533.png,/home/marsi/TFM/data/gen/SD_E2_HOPE/v1_8000/sdl_000533.png,284,284,,1,melanoma,,,,train,3,1,0,,,,,,,,,,,,,,,,,,
Synth,sdl_000534.png,/home/marsi/TFM/data/gen/SD_E2_HOPE/v1_8000/sdl_000534.png,284,284,,1,melanoma,,,,train,3,1,0,,,,,,,,,,,,,,,,,,
Synth,sdl_000535.png,/home/marsi/TFM/data/gen/SD_E2_HOPE/v1_8000/sdl_000535.png,284,284,,1,melanoma,,,,train,3,1,0,,,,,,,,,,,,,,,,,,
Synth,sdl_000536.png,/home/marsi/TFM/data/gen/SD_E2_HOPE/v1_8000/sdl_000536.png,284,284,,1,melanoma,,,,train,3,1,0,,,,,,,,,,,,,,,,,,
Synth,sdl_000537.png,/home/marsi/TFM/data/gen/SD_E2_HOPE/v1_8000/sdl_000537.png,284,284,,1,melanoma,,,,train,3,1,0,,,,,,,,,,,,,,,,,,
Synth,sdl_000538.png,/home/marsi/TFM/data/gen/SD_E2_HOPE/v1_8000/sdl_000538.png,284,284,,1,melanoma,,,,train,3,1,0,,,,,,,,,,,,,,,,,,
Synth,sdl_000539.png,/home/marsi/TFM/data/gen/SD_E2_HOPE/v1_8000/sdl_000539.png,284,284,,1,melanoma,,,,train,3,1,0,,,,,,,,,,,,,,,,,,
Synth,sdl_000540.png,/home/marsi/TFM/data/gen/SD_E2_HOPE/v1_8000/sdl_000540.png,284,284,,1,melanoma,,,,train,3,1,0,,,,,,,,,,,,,,,,,,
Synth,sdl_000541.png,/home/marsi/TFM/data/gen/SD_E2_HOPE/v1_8000/sdl_000541.png,284,284,,1,melanoma,,,,train,3,1,0,,,,,,,,,,,,,,,,,,
Synth,sdl_000542.png,/home/marsi/TFM/data/gen/SD_E2_HOPE/v1_8000/sdl_000542.png,284,284,,1,melanoma,,,,train,3,1,0,,,,,,,,,,,,,,,,,,
Synth,sdl_000543.png,/home/marsi/TFM/data/gen/SD_E2_HOPE/v1_8000/sdl_000543.png,284,284,,1,melanoma,,,,train,3,1,0,,,,,,,,,,,,,,,,,,
Synth,sdl_000544.png,/home/marsi/TFM/data/gen/SD_E2_HOPE/v1_8000/sdl_000544.png,284,284,,1,melanoma,,,,train,3,1,0,,,,,,,,,,,,,,,,,,
Synth,sdl_000545.png,/home/marsi/TFM/data/gen/SD_E2_HOPE/v1_8000/sdl_000545.png,284,284,,1,melanoma,,,,train,3,1,0,,,,,,,,,,,,,,,,,,
Synth,sdl_000546.png,/home/marsi/TFM/data/gen/SD_E2_HOPE/v1_8000/sdl_000546.png,284,284,,1,melanoma,,,,train,3,1,0,,,,,,,,,,,,,,,,,,
Synth,sdl_000547.png,/home/marsi/TFM/data/gen/SD_E2_HOPE/v1_8000/sdl_000547.png,284,284,,1,melanoma,,,,train,3,1,0,,,,,,,,,,,,,,,,,,
Synth,sdl_000548.png,/home/marsi/TFM/data/gen/SD_E2_HOPE/v1_8000/sdl_000548.png,284,284,,1,melanoma,,,,train,3,1,0,,,,,,,,,,,,,,,,,,
Synth,sdl_000549.png,/home/marsi/TFM/data/gen/SD_E2_HOPE/v1_8000/sdl_000549.png,284,284,,1,melanoma,,,,train,3,1,0,,,,,,,,,,,,,,,,,,
Synth,sdl_000550.png,/home/marsi/TFM/data/gen/SD_E2_HOPE/v1_8000/sdl_000550.png,284,284,,1,melanoma,,,,train,3,1,0,,,,,,,,,,,,,,,,,,
Synth,sdl_000551.png,/home/marsi/TFM/data/gen/SD_E2_HOPE/v1_8000/sdl_000551.png,284,284,,1,melanoma,,,,train,3,1,0,,,,,,,,,,,,,,,,,,
Synth,sdl_000552.png,/home/marsi/TFM/data/gen/SD_E2_HOPE/v1_8000/sdl_000552.png,284,284,,1,melanoma,,,,train,3,1,0,,,,,,,,,,,,,,,,,,
Synth,sdl_000553.png,/home/marsi/TFM/data/gen/SD_E2_HOPE/v1_8000/sdl_000553.png,284,284,,1,melanoma,,,,train,3,1,0,,,,,,,,,,,,,,,,,,
Synth,sdl_000554.png,/home/marsi/TFM/data/gen/SD_E2_HOPE/v1_8000/sdl_000554.png,284,284,,1,melanoma,,,,train,3,1,0,,,,,,,,,,,,,,,,,,
Synth,sdl_000555.png,/home/marsi/TFM/data/gen/SD_E2_HOPE/v1_8000/sdl_000555.png,284,284,,1,melanoma,,,,train,3,1,0,,,,,,,,,,,,,,,,,,
Synth,sdl_000556.png,/home/marsi/TFM/data/gen/SD_E2_HOPE/v1_8000/sdl_000556.png,284,284,,1,melanoma,,,,train,3,1,0,,,,,,,,,,,,,,,,,,
Synth,sdl_000557.png,/home/marsi/TFM/data/gen/SD_E2_HOPE/v1_8000/sdl_000557.png,284,284,,1,melanoma,,,,train,3,1,0,,,,,,,,,,,,,,,,,,
Synth,sdl_000558.png,/home/marsi/TFM/data/gen/SD_E2_HOPE/v1_8000/sdl_000558.png,284,284,,1,melanoma,,,,train,3,1,0,,,,,,,,,,,,,,,,,,
Synth,sdl_000559.png,/home/marsi/TFM/data/gen/SD_E2_HOPE/v1_8000/sdl_000559.png,284,284,,1,melanoma,,,,train,3,1,0,,,,,,,,,,,,,,,,,,
Synth,sdl_000560.png,/home/marsi/TFM/data/gen/SD_E2_HOPE/v1_8000/sdl_000560.png,284,284,,1,melanoma,,,,train,3,1,0,,,,,,,,,,,,,,,,,,
Synth,sdl_000561.png,/home/marsi/TFM/data/gen/SD_E2_HOPE/v1_8000/sdl_000561.png,284,284,,1,melanoma,,,,train,3,1,0,,,,,,,,,,,,,,,,,,
Synth,sdl_000562.png,/home/marsi/TFM/data/gen/SD_E2_HOPE/v1_8000/sdl_000562.png,284,284,,1,melanoma,,,,train,3,1,0,,,,,,,,,,,,,,,,,,
Synth,sdl_000563.png,/home/marsi/TFM/data/gen/SD_E2_HOPE/v1_8000/sdl_000563.png,284,284,,1,melanoma,,,,train,3,1,0,,,,,,,,,,,,,,,,,,
Synth,sdl_000564.png,/home/marsi/TFM/data/gen/SD_E2_HOPE/v1_8000/sdl_000564.png,284,284,,1,melanoma,,,,train,3,1,0,,,,,,,,,,,,,,,,,,
Synth,sdl_000565.png,/home/marsi/TFM/data/gen/SD_E2_HOPE/v1_8000/sdl_000565.png,284,284,,1,melanoma,,,,train,3,1,0,,,,,,,,,,,,,,,,,,
Synth,sdl_000566.png,/home/marsi/TFM/data/gen/SD_E2_HOPE/v1_8000/sdl_000566.png,284,284,,1,melanoma,,,,train,3,1,0,,,,,,,,,,,,,,,,,,
Synth,sdl_000567.png,/home/marsi/TFM/data/gen/SD_E2_HOPE/v1_8000/sdl_000567.png,284,284,,1,melanoma,,,,train,3,1,0,,,,,,,,,,,,,,,,,,
Synth,sdl_000568.png,/home/marsi/TFM/data/gen/SD_E2_HOPE/v1_8000/sdl_000568.png,284,284,,1,melanoma,,,,train,3,1,0,,,,,,,,,,,,,,,,,,
Synth,sdl_000569.png,/home/marsi/TFM/data/gen/SD_E2_HOPE/v1_8000/sdl_000569.png,284,284,,1,melanoma,,,,train,3,1,0,,,,,,,,,,,,,,,,,,
Synth,sdl_000570.png,/home/marsi/TFM/data/gen/SD_E2_HOPE/v1_8000/sdl_000570.png,284,284,,1,melanoma,,,,train,3,1,0,,,,,,,,,,,,,,,,,,
Synth,sdl_000571.png,/home/marsi/TFM/data/gen/SD_E2_HOPE/v1_8000/sdl_000571.png,284,284,,1,melanoma,,,,train,3,1,0,,,,,,,,,,,,,,,,,,
Synth,sdl_000572.png,/home/marsi/TFM/data/gen/SD_E2_HOPE/v1_8000/sdl_000572.png,284,284,,1,melanoma,,,,train,3,1,0,,,,,,,,,,,,,,,,,,
Synth,sdl_000573.png,/home/marsi/TFM/data/gen/SD_E2_HOPE/v1_8000/sdl_000573.png,284,284,,1,melanoma,,,,train,3,1,0,,,,,,,,,,,,,,,,,,
Synth,sdl_000574.png,/home/marsi/TFM/data/gen/SD_E2_HOPE/v1_8000/sdl_000574.png,284,284,,1,melanoma,,,,train,3,1,0,,,,,,,,,,,,,,,,,,
Synth,sdl_000575.png,/home/marsi/TFM/data/gen/SD_E2_HOPE/v1_8000/sdl_000575.png,284,284,,1,melanoma,,,,train,3,1,0,,,,,,,,,,,,,,,,,,
Synth,sdl_000576.png,/home/marsi/TFM/data/gen/SD_E2_HOPE/v1_8000/sdl_000576.png,284,284,,1,melanoma,,,,train,3,1,0,,,,,,,,,,,,,,,,,,
Synth,sdl_000577.png,/home/marsi/TFM/data/gen/SD_E2_HOPE/v1_8000/sdl_000577.png,284,284,,1,melanoma,,,,train,3,1,0,,,,,,,,,,,,,,,,,,
Synth,sdl_000578.png,/home/marsi/TFM/data/gen/SD_E2_HOPE/v1_8000/sdl_000578.png,284,284,,1,melanoma,,,,train,3,1,0,,,,,,,,,,,,,,,,,,
Synth,sdl_000579.png,/home/marsi/TFM/data/gen/SD_E2_HOPE/v1_8000/sdl_000579.png,284,284,,1,melanoma,,,,train,3,1,0,,,,,,,,,,,,,,,,,,
Synth,sdl_000580.png,/home/marsi/TFM/data/gen/SD_E2_HOPE/v1_8000/sdl_000580.png,284,284,,1,melanoma,,,,train,3,1,0,,,,,,,,,,,,,,,,,,
Synth,sdl_000581.png,/home/marsi/TFM/data/gen/SD_E2_HOPE/v1_8000/sdl_000581.png,284,284,,1,melanoma,,,,train,3,1,0,,,,,,,,,,,,,,,,,,
Synth,sdl_000582.png,/home/marsi/TFM/data/gen/SD_E2_HOPE/v1_8000/sdl_000582.png,284,284,,1,melanoma,,,,train,3,1,0,,,,,,,,,,,,,,,,,,
Synth,sdl_000583.png,/home/marsi/TFM/data/gen/SD_E2_HOPE/v1_8000/sdl_000583.png,284,284,,1,melanoma,,,,train,3,1,0,,,,,,,,,,,,,,,,,,
Synth,sdl_000584.png,/home/marsi/TFM/data/gen/SD_E2_HOPE/v1_8000/sdl_000584.png,284,284,,1,melanoma,,,,train,3,1,0,,,,,,,,,,,,,,,,,,
Synth,sdl_000585.png,/home/marsi/TFM/data/gen/SD_E2_HOPE/v1_8000/sdl_000585.png,284,284,,1,melanoma,,,,train,3,1,0,,,,,,,,,,,,,,,,,,
Synth,sdl_000586.png,/home/marsi/TFM/data/gen/SD_E2_HOPE/v1_8000/sdl_000586.png,284,284,,1,melanoma,,,,train,3,1,0,,,,,,,,,,,,,,,,,,
Synth,sdl_000587.png,/home/marsi/TFM/data/gen/SD_E2_HOPE/v1_8000/sdl_000587.png,284,284,,1,melanoma,,,,train,3,1,0,,,,,,,,,,,,,,,,,,
Synth,sdl_000588.png,/home/marsi/TFM/data/gen/SD_E2_HOPE/v1_8000/sdl_000588.png,284,284,,1,melanoma,,,,train,3,1,0,,,,,,,,,,,,,,,,,,
Synth,sdl_000589.png,/home/marsi/TFM/data/gen/SD_E2_HOPE/v1_8000/sdl_000589.png,284,284,,1,melanoma,,,,train,3,1,0,,,,,,,,,,,,,,,,,,
Synth,sdl_000590.png,/home/marsi/TFM/data/gen/SD_E2_HOPE/v1_8000/sdl_000590.png,284,284,,1,melanoma,,,,train,3,1,0,,,,,,,,,,,,,,,,,,
Synth,sdl_000591.png,/home/marsi/TFM/data/gen/SD_E2_HOPE/v1_8000/sdl_000591.png,284,284,,1,melanoma,,,,train,3,1,0,,,,,,,,,,,,,,,,,,
Synth,sdl_000592.png,/home/marsi/TFM/data/gen/SD_E2_HOPE/v1_8000/sdl_000592.png,284,284,,1,melanoma,,,,train,3,1,0,,,,,,,,,,,,,,,,,,
Synth,sdl_000593.png,/home/marsi/TFM/data/gen/SD_E2_HOPE/v1_8000/sdl_000593.png,284,284,,1,melanoma,,,,train,3,1,0,,,,,,,,,,,,,,,,,,
Synth,sdl_000594.png,/home/marsi/TFM/data/gen/SD_E2_HOPE/v1_8000/sdl_000594.png,284,284,,1,melanoma,,,,train,3,1,0,,,,,,,,,,,,,,,,,,
Synth,sdl_000595.png,/home/marsi/TFM/data/gen/SD_E2_HOPE/v1_8000/sdl_000595.png,284,284,,1,melanoma,,,,train,3,1,0,,,,,,,,,,,,,,,,,,
Synth,sdl_000596.png,/home/marsi/TFM/data/gen/SD_E2_HOPE/v1_8000/sdl_000596.png,284,284,,1,melanoma,,,,train,3,1,0,,,,,,,,,,,,,,,,,,
Synth,sdl_000597.png,/home/marsi/TFM/data/gen/SD_E2_HOPE/v1_8000/sdl_000597.png,284,284,,1,melanoma,,,,train,3,1,0,,,,,,,,,,,,,,,,,,
Synth,sdl_000598.png,/home/marsi/TFM/data/gen/SD_E2_HOPE/v1_8000/sdl_000598.png,284,284,,1,melanoma,,,,train,3,1,0,,,,,,,,,,,,,,,,,,
Synth,sdl_000599.png,/home/marsi/TFM/data/gen/SD_E2_HOPE/v1_8000/sdl_000599.png,284,284,,1,melanoma,,,,train,3,1,0,,,,,,,,,,,,,,,,,,
Synth,sdl_000600.png,/home/marsi/TFM/data/gen/SD_E2_HOPE/v1_8000/sdl_000600.png,284,284,,1,melanoma,,,,train,3,1,0,,,,,,,,,,,,,,,,,,
Synth,sdl_000601.png,/home/marsi/TFM/data/gen/SD_E2_HOPE/v1_8000/sdl_000601.png,284,284,,1,melanoma,,,,train,3,1,0,,,,,,,,,,,,,,,,,,
Synth,sdl_000602.png,/home/marsi/TFM/data/gen/SD_E2_HOPE/v1_8000/sdl_000602.png,284,284,,1,melanoma,,,,train,3,1,0,,,,,,,,,,,,,,,,,,
Synth,sdl_000603.png,/home/marsi/TFM/data/gen/SD_E2_HOPE/v1_8000/sdl_000603.png,284,284,,1,melanoma,,,,train,3,1,0,,,,,,,,,,,,,,,,,,
Synth,sdl_000604.png,/home/marsi/TFM/data/gen/SD_E2_HOPE/v1_8000/sdl_000604.png,284,284,,1,melanoma,,,,train,3,1,0,,,,,,,,,,,,,,,,,,
Synth,sdl_000605.png,/home/marsi/TFM/data/gen/SD_E2_HOPE/v1_8000/sdl_000605.png,284,284,,1,melanoma,,,,train,3,1,0,,,,,,,,,,,,,,,,,,
Synth,sdl_000606.png,/home/marsi/TFM/data/gen/SD_E2_HOPE/v1_8000/sdl_000606.png,284,284,,1,melanoma,,,,train,3,1,0,,,,,,,,,,,,,,,,,,
Synth,sdl_000607.png,/home/marsi/TFM/data/gen/SD_E2_HOPE/v1_8000/sdl_000607.png,284,284,,1,melanoma,,,,train,3,1,0,,,,,,,,,,,,,,,,,,
Synth,sdl_000608.png,/home/marsi/TFM/data/gen/SD_E2_HOPE/v1_8000/sdl_000608.png,284,284,,1,melanoma,,,,train,3,1,0,,,,,,,,,,,,,,,,,,
Synth,sdl_000609.png,/home/marsi/TFM/data/gen/SD_E2_HOPE/v1_8000/sdl_000609.png,284,284,,1,melanoma,,,,train,3,1,0,,,,,,,,,,,,,,,,,,
Synth,sdl_000610.png,/home/marsi/TFM/data/gen/SD_E2_HOPE/v1_8000/sdl_000610.png,284,284,,1,melanoma,,,,train,3,1,0,,,,,,,,,,,,,,,,,,
Synth,sdl_000611.png,/home/marsi/TFM/data/gen/SD_E2_HOPE/v1_8000/sdl_000611.png,284,284,,1,melanoma,,,,train,3,1,0,,,,,,,,,,,,,,,,,,
Synth,sdl_000612.png,/home/marsi/TFM/data/gen/SD_E2_HOPE/v1_8000/sdl_000612.png,284,284,,1,melanoma,,,,train,3,1,0,,,,,,,,,,,,,,,,,,
Synth,sdl_000613.png,/home/marsi/TFM/data/gen/SD_E2_HOPE/v1_8000/sdl_000613.png,284,284,,1,melanoma,,,,train,3,1,0,,,,,,,,,,,,,,,,,,
Synth,sdl_000614.png,/home/marsi/TFM/data/gen/SD_E2_HOPE/v1_8000/sdl_000614.png,284,284,,1,melanoma,,,,train,3,1,0,,,,,,,,,,,,,,,,,,
Synth,sdl_000615.png,/home/marsi/TFM/data/gen/SD_E2_HOPE/v1_8000/sdl_000615.png,284,284,,1,melanoma,,,,train,3,1,0,,,,,,,,,,,,,,,,,,
Synth,sdl_000616.png,/home/marsi/TFM/data/gen/SD_E2_HOPE/v1_8000/sdl_000616.png,284,284,,1,melanoma,,,,train,3,1,0,,,,,,,,,,,,,,,,,,
Synth,sdl_000617.png,/home/marsi/TFM/data/gen/SD_E2_HOPE/v1_8000/sdl_000617.png,284,284,,1,melanoma,,,,train,3,1,0,,,,,,,,,,,,,,,,,,
Synth,sdl_000618.png,/home/marsi/TFM/data/gen/SD_E2_HOPE/v1_8000/sdl_000618.png,284,284,,1,melanoma,,,,train,3,1,0,,,,,,,,,,,,,,,,,,
Synth,sdl_000619.png,/home/marsi/TFM/data/gen/SD_E2_HOPE/v1_8000/sdl_000619.png,284,284,,1,melanoma,,,,train,3,1,0,,,,,,,,,,,,,,,,,,
Synth,sdl_000620.png,/home/marsi/TFM/data/gen/SD_E2_HOPE/v1_8000/sdl_000620.png,284,284,,1,melanoma,,,,train,3,1,0,,,,,,,,,,,,,,,,,,
Synth,sdl_000621.png,/home/marsi/TFM/data/gen/SD_E2_HOPE/v1_8000/sdl_000621.png,284,284,,1,melanoma,,,,train,3,1,0,,,,,,,,,,,,,,,,,,
Synth,sdl_000622.png,/home/marsi/TFM/data/gen/SD_E2_HOPE/v1_8000/sdl_000622.png,284,284,,1,melanoma,,,,train,3,1,0,,,,,,,,,,,,,,,,,,
Synth,sdl_000623.png,/home/marsi/TFM/data/gen/SD_E2_HOPE/v1_8000/sdl_000623.png,284,284,,1,melanoma,,,,train,3,1,0,,,,,,,,,,,,,,,,,,
Synth,sdl_000624.png,/home/marsi/TFM/data/gen/SD_E2_HOPE/v1_8000/sdl_000624.png,284,284,,1,melanoma,,,,train,3,1,0,,,,,,,,,,,,,,,,,,
Synth,sdl_000625.png,/home/marsi/TFM/data/gen/SD_E2_HOPE/v1_8000/sdl_000625.png,284,284,,1,melanoma,,,,train,3,1,0,,,,,,,,,,,,,,,,,,
Synth,sdl_000626.png,/home/marsi/TFM/data/gen/SD_E2_HOPE/v1_8000/sdl_000626.png,284,284,,1,melanoma,,,,train,3,1,0,,,,,,,,,,,,,,,,,,
Synth,sdl_000627.png,/home/marsi/TFM/data/gen/SD_E2_HOPE/v1_8000/sdl_000627.png,284,284,,1,melanoma,,,,train,3,1,0,,,,,,,,,,,,,,,,,,
Synth,sdl_000628.png,/home/marsi/TFM/data/gen/SD_E2_HOPE/v1_8000/sdl_000628.png,284,284,,1,melanoma,,,,train,3,1,0,,,,,,,,,,,,,,,,,,
Synth,sdl_000629.png,/home/marsi/TFM/data/gen/SD_E2_HOPE/v1_8000/sdl_000629.png,284,284,,1,melanoma,,,,train,3,1,0,,,,,,,,,,,,,,,,,,
Synth,sdl_000630.png,/home/marsi/TFM/data/gen/SD_E2_HOPE/v1_8000/sdl_000630.png,284,284,,1,melanoma,,,,train,3,1,0,,,,,,,,,,,,,,,,,,
Synth,sdl_000631.png,/home/marsi/TFM/data/gen/SD_E2_HOPE/v1_8000/sdl_000631.png,284,284,,1,melanoma,,,,train,3,1,0,,,,,,,,,,,,,,,,,,
Synth,sdl_000632.png,/home/marsi/TFM/data/gen/SD_E2_HOPE/v1_8000/sdl_000632.png,284,284,,1,melanoma,,,,train,3,1,0,,,,,,,,,,,,,,,,,,
Synth,sdl_000633.png,/home/marsi/TFM/data/gen/SD_E2_HOPE/v1_8000/sdl_000633.png,284,284,,1,melanoma,,,,train,3,1,0,,,,,,,,,,,,,,,,,,
Synth,sdl_000634.png,/home/marsi/TFM/data/gen/SD_E2_HOPE/v1_8000/sdl_000634.png,284,284,,1,melanoma,,,,train,3,1,0,,,,,,,,,,,,,,,,,,
Synth,sdl_000635.png,/home/marsi/TFM/data/gen/SD_E2_HOPE/v1_8000/sdl_000635.png,284,284,,1,melanoma,,,,train,3,1,0,,,,,,,,,,,,,,,,,,
Synth,sdl_000636.png,/home/marsi/TFM/data/gen/SD_E2_HOPE/v1_8000/sdl_000636.png,284,284,,1,melanoma,,,,train,3,1,0,,,,,,,,,,,,,,,,,,
Synth,sdl_000637.png,/home/marsi/TFM/data/gen/SD_E2_HOPE/v1_8000/sdl_000637.png,284,284,,1,melanoma,,,,train,3,1,0,,,,,,,,,,,,,,,,,,
Synth,sdl_000638.png,/home/marsi/TFM/data/gen/SD_E2_HOPE/v1_8000/sdl_000638.png,284,284,,1,melanoma,,,,train,3,1,0,,,,,,,,,,,,,,,,,,
Synth,sdl_000639.png,/home/marsi/TFM/data/gen/SD_E2_HOPE/v1_8000/sdl_000639.png,284,284,,1,melanoma,,,,train,3,1,0,,,,,,,,,,,,,,,,,,
Synth,sdl_000640.png,/home/marsi/TFM/data/gen/SD_E2_HOPE/v1_8000/sdl_000640.png,284,284,,1,melanoma,,,,train,3,1,0,,,,,,,,,,,,,,,,,,
Synth,sdl_000641.png,/home/marsi/TFM/data/gen/SD_E2_HOPE/v1_8000/sdl_000641.png,284,284,,1,melanoma,,,,train,3,1,0,,,,,,,,,,,,,,,,,,
Synth,sdl_000642.png,/home/marsi/TFM/data/gen/SD_E2_HOPE/v1_8000/sdl_000642.png,284,284,,1,melanoma,,,,train,3,1,0,,,,,,,,,,,,,,,,,,
Synth,sdl_000643.png,/home/marsi/TFM/data/gen/SD_E2_HOPE/v1_8000/sdl_000643.png,284,284,,1,melanoma,,,,train,3,1,0,,,,,,,,,,,,,,,,,,
Synth,sdl_000644.png,/home/marsi/TFM/data/gen/SD_E2_HOPE/v1_8000/sdl_000644.png,284,284,,1,melanoma,,,,train,3,1,0,,,,,,,,,,,,,,,,,,
Synth,sdl_000645.png,/home/marsi/TFM/data/gen/SD_E2_HOPE/v1_8000/sdl_000645.png,284,284,,1,melanoma,,,,train,3,1,0,,,,,,,,,,,,,,,,,,
Synth,sdl_000646.png,/home/marsi/TFM/data/gen/SD_E2_HOPE/v1_8000/sdl_000646.png,284,284,,1,melanoma,,,,train,3,1,0,,,,,,,,,,,,,,,,,,
Synth,sdl_000647.png,/home/marsi/TFM/data/gen/SD_E2_HOPE/v1_8000/sdl_000647.png,284,284,,1,melanoma,,,,train,3,1,0,,,,,,,,,,,,,,,,,,
Synth,sdl_000648.png,/home/marsi/TFM/data/gen/SD_E2_HOPE/v1_8000/sdl_000648.png,284,284,,1,melanoma,,,,train,3,1,0,,,,,,,,,,,,,,,,,,
Synth,sdl_000649.png,/home/marsi/TFM/data/gen/SD_E2_HOPE/v1_8000/sdl_000649.png,284,284,,1,melanoma,,,,train,3,1,0,,,,,,,,,,,,,,,,,,
Synth,sdl_000650.png,/home/marsi/TFM/data/gen/SD_E2_HOPE/v1_8000/sdl_000650.png,284,284,,1,melanoma,,,,train,3,1,0,,,,,,,,,,,,,,,,,,
Synth,sdl_000651.png,/home/marsi/TFM/data/gen/SD_E2_HOPE/v1_8000/sdl_000651.png,284,284,,1,melanoma,,,,train,3,1,0,,,,,,,,,,,,,,,,,,
Synth,sdl_000652.png,/home/marsi/TFM/data/gen/SD_E2_HOPE/v1_8000/sdl_000652.png,284,284,,1,melanoma,,,,train,3,1,0,,,,,,,,,,,,,,,,,,
Synth,sdl_000653.png,/home/marsi/TFM/data/gen/SD_E2_HOPE/v1_8000/sdl_000653.png,284,284,,1,melanoma,,,,train,3,1,0,,,,,,,,,,,,,,,,,,
Synth,sdl_000654.png,/home/marsi/TFM/data/gen/SD_E2_HOPE/v1_8000/sdl_000654.png,284,284,,1,melanoma,,,,train,3,1,0,,,,,,,,,,,,,,,,,,
Synth,sdl_000655.png,/home/marsi/TFM/data/gen/SD_E2_HOPE/v1_8000/sdl_000655.png,284,284,,1,melanoma,,,,train,3,1,0,,,,,,,,,,,,,,,,,,
Synth,sdl_000656.png,/home/marsi/TFM/data/gen/SD_E2_HOPE/v1_8000/sdl_000656.png,284,284,,1,melanoma,,,,train,3,1,0,,,,,,,,,,,,,,,,,,
Synth,sdl_000657.png,/home/marsi/TFM/data/gen/SD_E2_HOPE/v1_8000/sdl_000657.png,284,284,,1,melanoma,,,,train,3,1,0,,,,,,,,,,,,,,,,,,
Synth,sdl_000658.png,/home/marsi/TFM/data/gen/SD_E2_HOPE/v1_8000/sdl_000658.png,284,284,,1,melanoma,,,,train,3,1,0,,,,,,,,,,,,,,,,,,
Synth,sdl_000659.png,/home/marsi/TFM/data/gen/SD_E2_HOPE/v1_8000/sdl_000659.png,284,284,,1,melanoma,,,,train,3,1,0,,,,,,,,,,,,,,,,,,
Synth,sdl_000660.png,/home/marsi/TFM/data/gen/SD_E2_HOPE/v1_8000/sdl_000660.png,284,284,,1,melanoma,,,,train,3,1,0,,,,,,,,,,,,,,,,,,
Synth,sdl_000661.png,/home/marsi/TFM/data/gen/SD_E2_HOPE/v1_8000/sdl_000661.png,284,284,,1,melanoma,,,,train,3,1,0,,,,,,,,,,,,,,,,,,
Synth,sdl_000662.png,/home/marsi/TFM/data/gen/SD_E2_HOPE/v1_8000/sdl_000662.png,284,284,,1,melanoma,,,,train,3,1,0,,,,,,,,,,,,,,,,,,
Synth,sdl_000663.png,/home/marsi/TFM/data/gen/SD_E2_HOPE/v1_8000/sdl_000663.png,284,284,,1,melanoma,,,,train,3,1,0,,,,,,,,,,,,,,,,,,
Synth,sdl_000664.png,/home/marsi/TFM/data/gen/SD_E2_HOPE/v1_8000/sdl_000664.png,284,284,,1,melanoma,,,,train,3,1,0,,,,,,,,,,,,,,,,,,
Synth,sdl_000665.png,/home/marsi/TFM/data/gen/SD_E2_HOPE/v1_8000/sdl_000665.png,284,284,,1,melanoma,,,,train,3,1,0,,,,,,,,,,,,,,,,,,
Synth,sdl_000666.png,/home/marsi/TFM/data/gen/SD_E2_HOPE/v1_8000/sdl_000666.png,284,284,,1,melanoma,,,,train,3,1,0,,,,,,,,,,,,,,,,,,
Synth,sdl_000667.png,/home/marsi/TFM/data/gen/SD_E2_HOPE/v1_8000/sdl_000667.png,284,284,,1,melanoma,,,,train,3,1,0,,,,,,,,,,,,,,,,,,
Synth,sdl_000668.png,/home/marsi/TFM/data/gen/SD_E2_HOPE/v1_8000/sdl_000668.png,284,284,,1,melanoma,,,,train,3,1,0,,,,,,,,,,,,,,,,,,
Synth,sdl_000669.png,/home/marsi/TFM/data/gen/SD_E2_HOPE/v1_8000/sdl_000669.png,284,284,,1,melanoma,,,,train,3,1,0,,,,,,,,,,,,,,,,,,
Synth,sdl_000670.png,/home/marsi/TFM/data/gen/SD_E2_HOPE/v1_8000/sdl_000670.png,284,284,,1,melanoma,,,,train,3,1,0,,,,,,,,,,,,,,,,,,
Synth,sdl_000671.png,/home/marsi/TFM/data/gen/SD_E2_HOPE/v1_8000/sdl_000671.png,284,284,,1,melanoma,,,,train,3,1,0,,,,,,,,,,,,,,,,,,
Synth,sdl_000672.png,/home/marsi/TFM/data/gen/SD_E2_HOPE/v1_8000/sdl_000672.png,284,284,,1,melanoma,,,,train,3,1,0,,,,,,,,,,,,,,,,,,
Synth,sdl_000673.png,/home/marsi/TFM/data/gen/SD_E2_HOPE/v1_8000/sdl_000673.png,284,284,,1,melanoma,,,,train,3,1,0,,,,,,,,,,,,,,,,,,
Synth,sdl_000674.png,/home/marsi/TFM/data/gen/SD_E2_HOPE/v1_8000/sdl_000674.png,284,284,,1,melanoma,,,,train,3,1,0,,,,,,,,,,,,,,,,,,
Synth,sdl_000675.png,/home/marsi/TFM/data/gen/SD_E2_HOPE/v1_8000/sdl_000675.png,284,284,,1,melanoma,,,,train,3,1,0,,,,,,,,,,,,,,,,,,
Synth,sdl_000676.png,/home/marsi/TFM/data/gen/SD_E2_HOPE/v1_8000/sdl_000676.png,284,284,,1,melanoma,,,,train,3,1,0,,,,,,,,,,,,,,,,,,
Synth,sdl_000677.png,/home/marsi/TFM/data/gen/SD_E2_HOPE/v1_8000/sdl_000677.png,284,284,,1,melanoma,,,,train,3,1,0,,,,,,,,,,,,,,,,,,
Synth,sdl_000678.png,/home/marsi/TFM/data/gen/SD_E2_HOPE/v1_8000/sdl_000678.png,284,284,,1,melanoma,,,,train,3,1,0,,,,,,,,,,,,,,,,,,
Synth,sdl_000679.png,/home/marsi/TFM/data/gen/SD_E2_HOPE/v1_8000/sdl_000679.png,284,284,,1,melanoma,,,,train,3,1,0,,,,,,,,,,,,,,,,,,
Synth,sdl_000680.png,/home/marsi/TFM/data/gen/SD_E2_HOPE/v1_8000/sdl_000680.png,284,284,,1,melanoma,,,,train,3,1,0,,,,,,,,,,,,,,,,,,
Synth,sdl_000681.png,/home/marsi/TFM/data/gen/SD_E2_HOPE/v1_8000/sdl_000681.png,284,284,,1,melanoma,,,,train,3,1,0,,,,,,,,,,,,,,,,,,
Synth,sdl_000682.png,/home/marsi/TFM/data/gen/SD_E2_HOPE/v1_8000/sdl_000682.png,284,284,,1,melanoma,,,,train,3,1,0,,,,,,,,,,,,,,,,,,
Synth,sdl_000683.png,/home/marsi/TFM/data/gen/SD_E2_HOPE/v1_8000/sdl_000683.png,284,284,,1,melanoma,,,,train,3,1,0,,,,,,,,,,,,,,,,,,
Synth,sdl_000684.png,/home/marsi/TFM/data/gen/SD_E2_HOPE/v1_8000/sdl_000684.png,284,284,,1,melanoma,,,,train,3,1,0,,,,,,,,,,,,,,,,,,
Synth,sdl_000685.png,/home/marsi/TFM/data/gen/SD_E2_HOPE/v1_8000/sdl_000685.png,284,284,,1,melanoma,,,,train,3,1,0,,,,,,,,,,,,,,,,,,
Synth,sdl_000686.png,/home/marsi/TFM/data/gen/SD_E2_HOPE/v1_8000/sdl_000686.png,284,284,,1,melanoma,,,,train,3,1,0,,,,,,,,,,,,,,,,,,
Synth,sdl_000687.png,/home/marsi/TFM/data/gen/SD_E2_HOPE/v1_8000/sdl_000687.png,284,284,,1,melanoma,,,,train,3,1,0,,,,,,,,,,,,,,,,,,
Synth,sdl_000688.png,/home/marsi/TFM/data/gen/SD_E2_HOPE/v1_8000/sdl_000688.png,284,284,,1,melanoma,,,,train,3,1,0,,,,,,,,,,,,,,,,,,
Synth,sdl_000689.png,/home/marsi/TFM/data/gen/SD_E2_HOPE/v1_8000/sdl_000689.png,284,284,,1,melanoma,,,,train,3,1,0,,,,,,,,,,,,,,,,,,
Synth,sdl_000690.png,/home/marsi/TFM/data/gen/SD_E2_HOPE/v1_8000/sdl_000690.png,284,284,,1,melanoma,,,,train,3,1,0,,,,,,,,,,,,,,,,,,
Synth,sdl_000691.png,/home/marsi/TFM/data/gen/SD_E2_HOPE/v1_8000/sdl_000691.png,284,284,,1,melanoma,,,,train,3,1,0,,,,,,,,,,,,,,,,,,
Synth,sdl_000692.png,/home/marsi/TFM/data/gen/SD_E2_HOPE/v1_8000/sdl_000692.png,284,284,,1,melanoma,,,,train,3,1,0,,,,,,,,,,,,,,,,,,
Synth,sdl_000693.png,/home/marsi/TFM/data/gen/SD_E2_HOPE/v1_8000/sdl_000693.png,284,284,,1,melanoma,,,,train,3,1,0,,,,,,,,,,,,,,,,,,
Synth,sdl_000694.png,/home/marsi/TFM/data/gen/SD_E2_HOPE/v1_8000/sdl_000694.png,284,284,,1,melanoma,,,,train,3,1,0,,,,,,,,,,,,,,,,,,
Synth,sdl_000695.png,/home/marsi/TFM/data/gen/SD_E2_HOPE/v1_8000/sdl_000695.png,284,284,,1,melanoma,,,,train,3,1,0,,,,,,,,,,,,,,,,,,
Synth,sdl_000696.png,/home/marsi/TFM/data/gen/SD_E2_HOPE/v1_8000/sdl_000696.png,284,284,,1,melanoma,,,,train,3,1,0,,,,,,,,,,,,,,,,,,
Synth,sdl_000697.png,/home/marsi/TFM/data/gen/SD_E2_HOPE/v1_8000/sdl_000697.png,284,284,,1,melanoma,,,,train,3,1,0,,,,,,,,,,,,,,,,,,
Synth,sdl_000698.png,/home/marsi/TFM/data/gen/SD_E2_HOPE/v1_8000/sdl_000698.png,284,284,,1,melanoma,,,,train,3,1,0,,,,,,,,,,,,,,,,,,
Synth,sdl_000699.png,/home/marsi/TFM/data/gen/SD_E2_HOPE/v1_8000/sdl_000699.png,284,284,,1,melanoma,,,,train,3,1,0,,,,,,,,,,,,,,,,,,
Synth,sdl_000700.png,/home/marsi/TFM/data/gen/SD_E2_HOPE/v1_8000/sdl_000700.png,284,284,,1,melanoma,,,,train,3,1,0,,,,,,,,,,,,,,,,,,
Synth,sdl_000701.png,/home/marsi/TFM/data/gen/SD_E2_HOPE/v1_8000/sdl_000701.png,284,284,,1,melanoma,,,,train,3,1,0,,,,,,,,,,,,,,,,,,
Synth,sdl_000702.png,/home/marsi/TFM/data/gen/SD_E2_HOPE/v1_8000/sdl_000702.png,284,284,,1,melanoma,,,,train,3,1,0,,,,,,,,,,,,,,,,,,
Synth,sdl_000703.png,/home/marsi/TFM/data/gen/SD_E2_HOPE/v1_8000/sdl_000703.png,284,284,,1,melanoma,,,,train,3,1,0,,,,,,,,,,,,,,,,,,
Synth,sdl_000704.png,/home/marsi/TFM/data/gen/SD_E2_HOPE/v1_8000/sdl_000704.png,284,284,,1,melanoma,,,,train,3,1,0,,,,,,,,,,,,,,,,,,
Synth,sdl_000705.png,/home/marsi/TFM/data/gen/SD_E2_HOPE/v1_8000/sdl_000705.png,284,284,,1,melanoma,,,,train,3,1,0,,,,,,,,,,,,,,,,,,
Synth,sdl_000706.png,/home/marsi/TFM/data/gen/SD_E2_HOPE/v1_8000/sdl_000706.png,284,284,,1,melanoma,,,,train,3,1,0,,,,,,,,,,,,,,,,,,
Synth,sdl_000707.png,/home/marsi/TFM/data/gen/SD_E2_HOPE/v1_8000/sdl_000707.png,284,284,,1,melanoma,,,,train,3,1,0,,,,,,,,,,,,,,,,,,
Synth,sdl_000708.png,/home/marsi/TFM/data/gen/SD_E2_HOPE/v1_8000/sdl_000708.png,284,284,,1,melanoma,,,,train,3,1,0,,,,,,,,,,,,,,,,,,
Synth,sdl_000709.png,/home/marsi/TFM/data/gen/SD_E2_HOPE/v1_8000/sdl_000709.png,284,284,,1,melanoma,,,,train,3,1,0,,,,,,,,,,,,,,,,,,
Synth,sdl_000710.png,/home/marsi/TFM/data/gen/SD_E2_HOPE/v1_8000/sdl_000710.png,284,284,,1,melanoma,,,,train,3,1,0,,,,,,,,,,,,,,,,,,
Synth,sdl_000711.png,/home/marsi/TFM/data/gen/SD_E2_HOPE/v1_8000/sdl_000711.png,284,284,,1,melanoma,,,,train,3,1,0,,,,,,,,,,,,,,,,,,
Synth,sdl_000712.png,/home/marsi/TFM/data/gen/SD_E2_HOPE/v1_8000/sdl_000712.png,284,284,,1,melanoma,,,,train,3,1,0,,,,,,,,,,,,,,,,,,
Synth,sdl_000713.png,/home/marsi/TFM/data/gen/SD_E2_HOPE/v1_8000/sdl_000713.png,284,284,,1,melanoma,,,,train,3,1,0,,,,,,,,,,,,,,,,,,
Synth,sdl_000714.png,/home/marsi/TFM/data/gen/SD_E2_HOPE/v1_8000/sdl_000714.png,284,284,,1,melanoma,,,,train,3,1,0,,,,,,,,,,,,,,,,,,
Synth,sdl_000715.png,/home/marsi/TFM/data/gen/SD_E2_HOPE/v1_8000/sdl_000715.png,284,284,,1,melanoma,,,,train,3,1,0,,,,,,,,,,,,,,,,,,
Synth,sdl_000716.png,/home/marsi/TFM/data/gen/SD_E2_HOPE/v1_8000/sdl_000716.png,284,284,,1,melanoma,,,,train,3,1,0,,,,,,,,,,,,,,,,,,
Synth,sdl_000717.png,/home/marsi/TFM/data/gen/SD_E2_HOPE/v1_8000/sdl_000717.png,284,284,,1,melanoma,,,,train,3,1,0,,,,,,,,,,,,,,,,,,
Synth,sdl_000718.png,/home/marsi/TFM/data/gen/SD_E2_HOPE/v1_8000/sdl_000718.png,284,284,,1,melanoma,,,,train,3,1,0,,,,,,,,,,,,,,,,,,
Synth,sdl_000719.png,/home/marsi/TFM/data/gen/SD_E2_HOPE/v1_8000/sdl_000719.png,284,284,,1,melanoma,,,,train,3,1,0,,,,,,,,,,,,,,,,,,
Synth,sdl_000720.png,/home/marsi/TFM/data/gen/SD_E2_HOPE/v1_8000/sdl_000720.png,284,284,,1,melanoma,,,,train,3,1,0,,,,,,,,,,,,,,,,,,
Synth,sdl_000721.png,/home/marsi/TFM/data/gen/SD_E2_HOPE/v1_8000/sdl_000721.png,284,284,,1,melanoma,,,,train,3,1,0,,,,,,,,,,,,,,,,,,
Synth,sdl_000722.png,/home/marsi/TFM/data/gen/SD_E2_HOPE/v1_8000/sdl_000722.png,284,284,,1,melanoma,,,,train,3,1,0,,,,,,,,,,,,,,,,,,
Synth,sdl_000723.png,/home/marsi/TFM/data/gen/SD_E2_HOPE/v1_8000/sdl_000723.png,284,284,,1,melanoma,,,,train,3,1,0,,,,,,,,,,,,,,,,,,
Synth,sdl_000724.png,/home/marsi/TFM/data/gen/SD_E2_HOPE/v1_8000/sdl_000724.png,284,284,,1,melanoma,,,,train,3,1,0,,,,,,,,,,,,,,,,,,
Synth,sdl_000725.png,/home/marsi/TFM/data/gen/SD_E2_HOPE/v1_8000/sdl_000725.png,284,284,,1,melanoma,,,,train,3,1,0,,,,,,,,,,,,,,,,,,
Synth,sdl_000726.png,/home/marsi/TFM/data/gen/SD_E2_HOPE/v1_8000/sdl_000726.png,284,284,,1,melanoma,,,,train,3,1,0,,,,,,,,,,,,,,,,,,
Synth,sdl_000727.png,/home/marsi/TFM/data/gen/SD_E2_HOPE/v1_8000/sdl_000727.png,284,284,,1,melanoma,,,,train,3,1,0,,,,,,,,,,,,,,,,,,
Synth,sdl_000728.png,/home/marsi/TFM/data/gen/SD_E2_HOPE/v1_8000/sdl_000728.png,284,284,,1,melanoma,,,,train,3,1,0,,,,,,,,,,,,,,,,,,
Synth,sdl_000729.png,/home/marsi/TFM/data/gen/SD_E2_HOPE/v1_8000/sdl_000729.png,284,284,,1,melanoma,,,,train,3,1,0,,,,,,,,,,,,,,,,,,
Synth,sdl_000730.png,/home/marsi/TFM/data/gen/SD_E2_HOPE/v1_8000/sdl_000730.png,284,284,,1,melanoma,,,,train,3,1,0,,,,,,,,,,,,,,,,,,
Synth,sdl_000731.png,/home/marsi/TFM/data/gen/SD_E2_HOPE/v1_8000/sdl_000731.png,284,284,,1,melanoma,,,,train,3,1,0,,,,,,,,,,,,,,,,,,
Synth,sdl_000732.png,/home/marsi/TFM/data/gen/SD_E2_HOPE/v1_8000/sdl_000732.png,284,284,,1,melanoma,,,,train,3,1,0,,,,,,,,,,,,,,,,,,
Synth,sdl_000733.png,/home/marsi/TFM/data/gen/SD_E2_HOPE/v1_8000/sdl_000733.png,284,284,,1,melanoma,,,,train,3,1,0,,,,,,,,,,,,,,,,,,
Synth,sdl_000734.png,/home/marsi/TFM/data/gen/SD_E2_HOPE/v1_8000/sdl_000734.png,284,284,,1,melanoma,,,,train,3,1,0,,,,,,,,,,,,,,,,,,
Synth,sdl_000735.png,/home/marsi/TFM/data/gen/SD_E2_HOPE/v1_8000/sdl_000735.png,284,284,,1,melanoma,,,,train,3,1,0,,,,,,,,,,,,,,,,,,
Synth,sdl_000736.png,/home/marsi/TFM/data/gen/SD_E2_HOPE/v1_8000/sdl_000736.png,284,284,,1,melanoma,,,,train,3,1,0,,,,,,,,,,,,,,,,,,
Synth,sdl_000737.png,/home/marsi/TFM/data/gen/SD_E2_HOPE/v1_8000/sdl_000737.png,284,284,,1,melanoma,,,,train,3,1,0,,,,,,,,,,,,,,,,,,
Synth,sdl_000738.png,/home/marsi/TFM/data/gen/SD_E2_HOPE/v1_8000/sdl_000738.png,284,284,,1,melanoma,,,,train,3,1,0,,,,,,,,,,,,,,,,,,
Synth,sdl_000739.png,/home/marsi/TFM/data/gen/SD_E2_HOPE/v1_8000/sdl_000739.png,284,284,,1,melanoma,,,,train,3,1,0,,,,,,,,,,,,,,,,,,
Synth,sdl_000740.png,/home/marsi/TFM/data/gen/SD_E2_HOPE/v1_8000/sdl_000740.png,284,284,,1,melanoma,,,,train,3,1,0,,,,,,,,,,,,,,,,,,
Synth,sdl_000741.png,/home/marsi/TFM/data/gen/SD_E2_HOPE/v1_8000/sdl_000741.png,284,284,,1,melanoma,,,,train,3,1,0,,,,,,,,,,,,,,,,,,
Synth,sdl_000742.png,/home/marsi/TFM/data/gen/SD_E2_HOPE/v1_8000/sdl_000742.png,284,284,,1,melanoma,,,,train,3,1,0,,,,,,,,,,,,,,,,,,
Synth,sdl_000743.png,/home/marsi/TFM/data/gen/SD_E2_HOPE/v1_8000/sdl_000743.png,284,284,,1,melanoma,,,,train,3,1,0,,,,,,,,,,,,,,,,,,
Synth,sdl_000744.png,/home/marsi/TFM/data/gen/SD_E2_HOPE/v1_8000/sdl_000744.png,284,284,,1,melanoma,,,,train,3,1,0,,,,,,,,,,,,,,,,,,
Synth,sdl_000745.png,/home/marsi/TFM/data/gen/SD_E2_HOPE/v1_8000/sdl_000745.png,284,284,,1,melanoma,,,,train,3,1,0,,,,,,,,,,,,,,,,,,
Synth,sdl_000746.png,/home/marsi/TFM/data/gen/SD_E2_HOPE/v1_8000/sdl_000746.png,284,284,,1,melanoma,,,,train,3,1,0,,,,,,,,,,,,,,,,,,
Synth,sdl_000747.png,/home/marsi/TFM/data/gen/SD_E2_HOPE/v1_8000/sdl_000747.png,284,284,,1,melanoma,,,,train,3,1,0,,,,,,,,,,,,,,,,,,
Synth,sdl_000748.png,/home/marsi/TFM/data/gen/SD_E2_HOPE/v1_8000/sdl_000748.png,284,284,,1,melanoma,,,,train,3,1,0,,,,,,,,,,,,,,,,,,
Synth,sdl_000749.png,/home/marsi/TFM/data/gen/SD_E2_HOPE/v1_8000/sdl_000749.png,284,284,,1,melanoma,,,,train,3,1,0,,,,,,,,,,,,,,,,,,
Synth,sdl_000750.png,/home/marsi/TFM/data/gen/SD_E2_HOPE/v1_8000/sdl_000750.png,284,284,,1,melanoma,,,,train,3,1,0,,,,,,,,,,,,,,,,,,
Synth,sdl_000751.png,/home/marsi/TFM/data/gen/SD_E2_HOPE/v1_8000/sdl_000751.png,284,284,,1,melanoma,,,,train,3,1,0,,,,,,,,,,,,,,,,,,
Synth,sdl_000752.png,/home/marsi/TFM/data/gen/SD_E2_HOPE/v1_8000/sdl_000752.png,284,284,,1,melanoma,,,,train,3,1,0,,,,,,,,,,,,,,,,,,
Synth,sdl_000753.png,/home/marsi/TFM/data/gen/SD_E2_HOPE/v1_8000/sdl_000753.png,284,284,,1,melanoma,,,,train,3,1,0,,,,,,,,,,,,,,,,,,
Synth,sdl_000754.png,/home/marsi/TFM/data/gen/SD_E2_HOPE/v1_8000/sdl_000754.png,284,284,,1,melanoma,,,,train,3,1,0,,,,,,,,,,,,,,,,,,
Synth,sdl_000755.png,/home/marsi/TFM/data/gen/SD_E2_HOPE/v1_8000/sdl_000755.png,284,284,,1,melanoma,,,,train,3,1,0,,,,,,,,,,,,,,,,,,
Synth,sdl_000756.png,/home/marsi/TFM/data/gen/SD_E2_HOPE/v1_8000/sdl_000756.png,284,284,,1,melanoma,,,,train,3,1,0,,,,,,,,,,,,,,,,,,
Synth,sdl_000757.png,/home/marsi/TFM/data/gen/SD_E2_HOPE/v1_8000/sdl_000757.png,284,284,,1,melanoma,,,,train,3,1,0,,,,,,,,,,,,,,,,,,
Synth,sdl_000758.png,/home/marsi/TFM/data/gen/SD_E2_HOPE/v1_8000/sdl_000758.png,284,284,,1,melanoma,,,,train,3,1,0,,,,,,,,,,,,,,,,,,
Synth,sdl_000759.png,/home/marsi/TFM/data/gen/SD_E2_HOPE/v1_8000/sdl_000759.png,284,284,,1,melanoma,,,,train,3,1,0,,,,,,,,,,,,,,,,,,
Synth,sdl_000760.png,/home/marsi/TFM/data/gen/SD_E2_HOPE/v1_8000/sdl_000760.png,284,284,,1,melanoma,,,,train,3,1,0,,,,,,,,,,,,,,,,,,
Synth,sdl_000761.png,/home/marsi/TFM/data/gen/SD_E2_HOPE/v1_8000/sdl_000761.png,284,284,,1,melanoma,,,,train,3,1,0,,,,,,,,,,,,,,,,,,
Synth,sdl_000762.png,/home/marsi/TFM/data/gen/SD_E2_HOPE/v1_8000/sdl_000762.png,284,284,,1,melanoma,,,,train,3,1,0,,,,,,,,,,,,,,,,,,
Synth,sdl_000763.png,/home/marsi/TFM/data/gen/SD_E2_HOPE/v1_8000/sdl_000763.png,284,284,,1,melanoma,,,,train,3,1,0,,,,,,,,,,,,,,,,,,
Synth,sdl_000764.png,/home/marsi/TFM/data/gen/SD_E2_HOPE/v1_8000/sdl_000764.png,284,284,,1,melanoma,,,,train,3,1,0,,,,,,,,,,,,,,,,,,
Synth,sdl_000765.png,/home/marsi/TFM/data/gen/SD_E2_HOPE/v1_8000/sdl_000765.png,284,284,,1,melanoma,,,,train,3,1,0,,,,,,,,,,,,,,,,,,
Synth,sdl_000766.png,/home/marsi/TFM/data/gen/SD_E2_HOPE/v1_8000/sdl_000766.png,284,284,,1,melanoma,,,,train,3,1,0,,,,,,,,,,,,,,,,,,
Synth,sdl_000767.png,/home/marsi/TFM/data/gen/SD_E2_HOPE/v1_8000/sdl_000767.png,284,284,,1,melanoma,,,,train,3,1,0,,,,,,,,,,,,,,,,,,
Synth,sdl_000768.png,/home/marsi/TFM/data/gen/SD_E2_HOPE/v1_8000/sdl_000768.png,284,284,,1,melanoma,,,,train,3,1,0,,,,,,,,,,,,,,,,,,
Synth,sdl_000769.png,/home/marsi/TFM/data/gen/SD_E2_HOPE/v1_8000/sdl_000769.png,284,284,,1,melanoma,,,,train,3,1,0,,,,,,,,,,,,,,,,,,
Synth,sdl_000770.png,/home/marsi/TFM/data/gen/SD_E2_HOPE/v1_8000/sdl_000770.png,284,284,,1,melanoma,,,,train,3,1,0,,,,,,,,,,,,,,,,,,
Synth,sdl_000771.png,/home/marsi/TFM/data/gen/SD_E2_HOPE/v1_8000/sdl_000771.png,284,284,,1,melanoma,,,,train,3,1,0,,,,,,,,,,,,,,,,,,
Synth,sdl_000772.png,/home/marsi/TFM/data/gen/SD_E2_HOPE/v1_8000/sdl_000772.png,284,284,,1,melanoma,,,,train,3,1,0,,,,,,,,,,,,,,,,,,
Synth,sdl_000773.png,/home/marsi/TFM/data/gen/SD_E2_HOPE/v1_8000/sdl_000773.png,284,284,,1,melanoma,,,,train,3,1,0,,,,,,,,,,,,,,,,,,
Synth,sdl_000774.png,/home/marsi/TFM/data/gen/SD_E2_HOPE/v1_8000/sdl_000774.png,284,284,,1,melanoma,,,,train,3,1,0,,,,,,,,,,,,,,,,,,
Synth,sdl_000775.png,/home/marsi/TFM/data/gen/SD_E2_HOPE/v1_8000/sdl_000775.png,284,284,,1,melanoma,,,,train,3,1,0,,,,,,,,,,,,,,,,,,
Synth,sdl_000776.png,/home/marsi/TFM/data/gen/SD_E2_HOPE/v1_8000/sdl_000776.png,284,284,,1,melanoma,,,,train,3,1,0,,,,,,,,,,,,,,,,,,
Synth,sdl_000777.png,/home/marsi/TFM/data/gen/SD_E2_HOPE/v1_8000/sdl_000777.png,284,284,,1,melanoma,,,,train,3,1,0,,,,,,,,,,,,,,,,,,
Synth,sdl_000778.png,/home/marsi/TFM/data/gen/SD_E2_HOPE/v1_8000/sdl_000778.png,284,284,,1,melanoma,,,,train,3,1,0,,,,,,,,,,,,,,,,,,
Synth,sdl_000779.png,/home/marsi/TFM/data/gen/SD_E2_HOPE/v1_8000/sdl_000779.png,284,284,,1,melanoma,,,,train,3,1,0,,,,,,,,,,,,,,,,,,
Synth,sdl_000780.png,/home/marsi/TFM/data/gen/SD_E2_HOPE/v1_8000/sdl_000780.png,284,284,,1,melanoma,,,,train,3,1,0,,,,,,,,,,,,,,,,,,
Synth,sdl_000781.png,/home/marsi/TFM/data/gen/SD_E2_HOPE/v1_8000/sdl_000781.png,284,284,,1,melanoma,,,,train,3,1,0,,,,,,,,,,,,,,,,,,
Synth,sdl_000782.png,/home/marsi/TFM/data/gen/SD_E2_HOPE/v1_8000/sdl_000782.png,284,284,,1,melanoma,,,,train,3,1,0,,,,,,,,,,,,,,,,,,
Synth,sdl_000783.png,/home/marsi/TFM/data/gen/SD_E2_HOPE/v1_8000/sdl_000783.png,284,284,,1,melanoma,,,,train,3,1,0,,,,,,,,,,,,,,,,,,
Synth,sdl_000784.png,/home/marsi/TFM/data/gen/SD_E2_HOPE/v1_8000/sdl_000784.png,284,284,,1,melanoma,,,,train,3,1,0,,,,,,,,,,,,,,,,,,
Synth,sdl_000785.png,/home/marsi/TFM/data/gen/SD_E2_HOPE/v1_8000/sdl_000785.png,284,284,,1,melanoma,,,,train,3,1,0,,,,,,,,,,,,,,,,,,
Synth,sdl_000786.png,/home/marsi/TFM/data/gen/SD_E2_HOPE/v1_8000/sdl_000786.png,284,284,,1,melanoma,,,,train,3,1,0,,,,,,,,,,,,,,,,,,
Synth,sdl_000787.png,/home/marsi/TFM/data/gen/SD_E2_HOPE/v1_8000/sdl_000787.png,284,284,,1,melanoma,,,,train,3,1,0,,,,,,,,,,,,,,,,,,
Synth,sdl_000788.png,/home/marsi/TFM/data/gen/SD_E2_HOPE/v1_8000/sdl_000788.png,284,284,,1,melanoma,,,,train,3,1,0,,,,,,,,,,,,,,,,,,
Synth,sdl_000789.png,/home/marsi/TFM/data/gen/SD_E2_HOPE/v1_8000/sdl_000789.png,284,284,,1,melanoma,,,,train,3,1,0,,,,,,,,,,,,,,,,,,
Synth,sdl_000790.png,/home/marsi/TFM/data/gen/SD_E2_HOPE/v1_8000/sdl_000790.png,284,284,,1,melanoma,,,,train,3,1,0,,,,,,,,,,,,,,,,,,
Synth,sdl_000791.png,/home/marsi/TFM/data/gen/SD_E2_HOPE/v1_8000/sdl_000791.png,284,284,,1,melanoma,,,,train,3,1,0,,,,,,,,,,,,,,,,,,
Synth,sdl_000792.png,/home/marsi/TFM/data/gen/SD_E2_HOPE/v1_8000/sdl_000792.png,284,284,,1,melanoma,,,,train,3,1,0,,,,,,,,,,,,,,,,,,
Synth,sdl_000793.png,/home/marsi/TFM/data/gen/SD_E2_HOPE/v1_8000/sdl_000793.png,284,284,,1,melanoma,,,,train,3,1,0,,,,,,,,,,,,,,,,,,
Synth,sdl_000794.png,/home/marsi/TFM/data/gen/SD_E2_HOPE/v1_8000/sdl_000794.png,284,284,,1,melanoma,,,,train,3,1,0,,,,,,,,,,,,,,,,,,
Synth,sdl_000795.png,/home/marsi/TFM/data/gen/SD_E2_HOPE/v1_8000/sdl_000795.png,284,284,,1,melanoma,,,,train,3,1,0,,,,,,,,,,,,,,,,,,
Synth,sdl_000796.png,/home/marsi/TFM/data/gen/SD_E2_HOPE/v1_8000/sdl_000796.png,284,284,,1,melanoma,,,,train,3,1,0,,,,,,,,,,,,,,,,,,
Synth,sdl_000797.png,/home/marsi/TFM/data/gen/SD_E2_HOPE/v1_8000/sdl_000797.png,284,284,,1,melanoma,,,,train,3,1,0,,,,,,,,,,,,,,,,,,
Synth,sdl_000798.png,/home/marsi/TFM/data/gen/SD_E2_HOPE/v1_8000/sdl_000798.png,284,284,,1,melanoma,,,,train,3,1,0,,,,,,,,,,,,,,,,,,
Synth,sdl_000799.png,/home/marsi/TFM/data/gen/SD_E2_HOPE/v1_8000/sdl_000799.png,284,284,,1,melanoma,,,,train,3,1,0,,,,,,,,,,,,,,,,,,
Synth,sdl_000800.png,/home/marsi/TFM/data/gen/SD_E2_HOPE/v1_8000/sdl_000800.png,284,284,,1,melanoma,,,,train,3,1,0,,,,,,,,,,,,,,,,,,
Synth,sdl_000801.png,/home/marsi/TFM/data/gen/SD_E2_HOPE/v1_8000/sdl_000801.png,284,284,,1,melanoma,,,,train,3,1,0,,,,,,,,,,,,,,,,,,
Synth,sdl_000802.png,/home/marsi/TFM/data/gen/SD_E2_HOPE/v1_8000/sdl_000802.png,284,284,,1,melanoma,,,,train,3,1,0,,,,,,,,,,,,,,,,,,
Synth,sdl_000803.png,/home/marsi/TFM/data/gen/SD_E2_HOPE/v1_8000/sdl_000803.png,284,284,,1,melanoma,,,,train,3,1,0,,,,,,,,,,,,,,,,,,
Synth,sdl_000804.png,/home/marsi/TFM/data/gen/SD_E2_HOPE/v1_8000/sdl_000804.png,284,284,,1,melanoma,,,,train,3,1,0,,,,,,,,,,,,,,,,,,
Synth,sdl_000805.png,/home/marsi/TFM/data/gen/SD_E2_HOPE/v1_8000/sdl_000805.png,284,284,,1,melanoma,,,,train,3,1,0,,,,,,,,,,,,,,,,,,
Synth,sdl_000806.png,/home/marsi/TFM/data/gen/SD_E2_HOPE/v1_8000/sdl_000806.png,284,284,,1,melanoma,,,,train,3,1,0,,,,,,,,,,,,,,,,,,
Synth,sdl_000807.png,/home/marsi/TFM/data/gen/SD_E2_HOPE/v1_8000/sdl_000807.png,284,284,,1,melanoma,,,,train,3,1,0,,,,,,,,,,,,,,,,,,
Synth,sdl_000808.png,/home/marsi/TFM/data/gen/SD_E2_HOPE/v1_8000/sdl_000808.png,284,284,,1,melanoma,,,,train,3,1,0,,,,,,,,,,,,,,,,,,
Synth,sdl_000809.png,/home/marsi/TFM/data/gen/SD_E2_HOPE/v1_8000/sdl_000809.png,284,284,,1,melanoma,,,,train,3,1,0,,,,,,,,,,,,,,,,,,
Synth,sdl_000810.png,/home/marsi/TFM/data/gen/SD_E2_HOPE/v1_8000/sdl_000810.png,284,284,,1,melanoma,,,,train,3,1,0,,,,,,,,,,,,,,,,,,
Synth,sdl_000811.png,/home/marsi/TFM/data/gen/SD_E2_HOPE/v1_8000/sdl_000811.png,284,284,,1,melanoma,,,,train,3,1,0,,,,,,,,,,,,,,,,,,
Synth,sdl_000812.png,/home/marsi/TFM/data/gen/SD_E2_HOPE/v1_8000/sdl_000812.png,284,284,,1,melanoma,,,,train,3,1,0,,,,,,,,,,,,,,,,,,
Synth,sdl_000813.png,/home/marsi/TFM/data/gen/SD_E2_HOPE/v1_8000/sdl_000813.png,284,284,,1,melanoma,,,,train,3,1,0,,,,,,,,,,,,,,,,,,
Synth,sdl_000814.png,/home/marsi/TFM/data/gen/SD_E2_HOPE/v1_8000/sdl_000814.png,284,284,,1,melanoma,,,,train,3,1,0,,,,,,,,,,,,,,,,,,
Synth,sdl_000815.png,/home/marsi/TFM/data/gen/SD_E2_HOPE/v1_8000/sdl_000815.png,284,284,,1,melanoma,,,,train,3,1,0,,,,,,,,,,,,,,,,,,
Synth,sdl_000816.png,/home/marsi/TFM/data/gen/SD_E2_HOPE/v1_8000/sdl_000816.png,284,284,,1,melanoma,,,,train,3,1,0,,,,,,,,,,,,,,,,,,
Synth,sdl_000817.png,/home/marsi/TFM/data/gen/SD_E2_HOPE/v1_8000/sdl_000817.png,284,284,,1,melanoma,,,,train,3,1,0,,,,,,,,,,,,,,,,,,
Synth,sdl_000818.png,/home/marsi/TFM/data/gen/SD_E2_HOPE/v1_8000/sdl_000818.png,284,284,,1,melanoma,,,,train,3,1,0,,,,,,,,,,,,,,,,,,
Synth,sdl_000819.png,/home/marsi/TFM/data/gen/SD_E2_HOPE/v1_8000/sdl_000819.png,284,284,,1,melanoma,,,,train,3,1,0,,,,,,,,,,,,,,,,,,
Synth,sdl_000820.png,/home/marsi/TFM/data/gen/SD_E2_HOPE/v1_8000/sdl_000820.png,284,284,,1,melanoma,,,,train,3,1,0,,,,,,,,,,,,,,,,,,
Synth,sdl_000821.png,/home/marsi/TFM/data/gen/SD_E2_HOPE/v1_8000/sdl_000821.png,284,284,,1,melanoma,,,,train,3,1,0,,,,,,,,,,,,,,,,,,
Synth,sdl_000822.png,/home/marsi/TFM/data/gen/SD_E2_HOPE/v1_8000/sdl_000822.png,284,284,,1,melanoma,,,,train,3,1,0,,,,,,,,,,,,,,,,,,
Synth,sdl_000823.png,/home/marsi/TFM/data/gen/SD_E2_HOPE/v1_8000/sdl_000823.png,284,284,,1,melanoma,,,,train,3,1,0,,,,,,,,,,,,,,,,,,
Synth,sdl_000824.png,/home/marsi/TFM/data/gen/SD_E2_HOPE/v1_8000/sdl_000824.png,284,284,,1,melanoma,,,,train,3,1,0,,,,,,,,,,,,,,,,,,
Synth,sdl_000825.png,/home/marsi/TFM/data/gen/SD_E2_HOPE/v1_8000/sdl_000825.png,284,284,,1,melanoma,,,,train,3,1,0,,,,,,,,,,,,,,,,,,
Synth,sdl_000826.png,/home/marsi/TFM/data/gen/SD_E2_HOPE/v1_8000/sdl_000826.png,284,284,,1,melanoma,,,,train,3,1,0,,,,,,,,,,,,,,,,,,
Synth,sdl_000827.png,/home/marsi/TFM/data/gen/SD_E2_HOPE/v1_8000/sdl_000827.png,284,284,,1,melanoma,,,,train,3,1,0,,,,,,,,,,,,,,,,,,
Synth,sdl_000828.png,/home/marsi/TFM/data/gen/SD_E2_HOPE/v1_8000/sdl_000828.png,284,284,,1,melanoma,,,,train,3,1,0,,,,,,,,,,,,,,,,,,
Synth,sdl_000829.png,/home/marsi/TFM/data/gen/SD_E2_HOPE/v1_8000/sdl_000829.png,284,284,,1,melanoma,,,,train,3,1,0,,,,,,,,,,,,,,,,,,
Synth,sdl_000830.png,/home/marsi/TFM/data/gen/SD_E2_HOPE/v1_8000/sdl_000830.png,284,284,,1,melanoma,,,,train,3,1,0,,,,,,,,,,,,,,,,,,
Synth,sdl_000831.png,/home/marsi/TFM/data/gen/SD_E2_HOPE/v1_8000/sdl_000831.png,284,284,,1,melanoma,,,,train,3,1,0,,,,,,,,,,,,,,,,,,
Synth,sdl_000832.png,/home/marsi/TFM/data/gen/SD_E2_HOPE/v1_8000/sdl_000832.png,284,284,,1,melanoma,,,,train,3,1,0,,,,,,,,,,,,,,,,,,
Synth,sdl_000833.png,/home/marsi/TFM/data/gen/SD_E2_HOPE/v1_8000/sdl_000833.png,284,284,,1,melanoma,,,,train,3,1,0,,,,,,,,,,,,,,,,,,
Synth,sdl_000834.png,/home/marsi/TFM/data/gen/SD_E2_HOPE/v1_8000/sdl_000834.png,284,284,,1,melanoma,,,,train,3,1,0,,,,,,,,,,,,,,,,,,
Synth,sdl_000835.png,/home/marsi/TFM/data/gen/SD_E2_HOPE/v1_8000/sdl_000835.png,284,284,,1,melanoma,,,,train,3,1,0,,,,,,,,,,,,,,,,,,
Synth,sdl_000836.png,/home/marsi/TFM/data/gen/SD_E2_HOPE/v1_8000/sdl_000836.png,284,284,,1,melanoma,,,,train,3,1,0,,,,,,,,,,,,,,,,,,
Synth,sdl_000837.png,/home/marsi/TFM/data/gen/SD_E2_HOPE/v1_8000/sdl_000837.png,284,284,,1,melanoma,,,,train,3,1,0,,,,,,,,,,,,,,,,,,
Synth,sdl_000838.png,/home/marsi/TFM/data/gen/SD_E2_HOPE/v1_8000/sdl_000838.png,284,284,,1,melanoma,,,,train,3,1,0,,,,,,,,,,,,,,,,,,
Synth,sdl_000839.png,/home/marsi/TFM/data/gen/SD_E2_HOPE/v1_8000/sdl_000839.png,284,284,,1,melanoma,,,,train,3,1,0,,,,,,,,,,,,,,,,,,
Synth,sdl_000840.png,/home/marsi/TFM/data/gen/SD_E2_HOPE/v1_8000/sdl_000840.png,284,284,,1,melanoma,,,,train,3,1,0,,,,,,,,,,,,,,,,,,
Synth,sdl_000841.png,/home/marsi/TFM/data/gen/SD_E2_HOPE/v1_8000/sdl_000841.png,284,284,,1,melanoma,,,,train,3,1,0,,,,,,,,,,,,,,,,,,
Synth,sdl_000842.png,/home/marsi/TFM/data/gen/SD_E2_HOPE/v1_8000/sdl_000842.png,284,284,,1,melanoma,,,,train,3,1,0,,,,,,,,,,,,,,,,,,
Synth,sdl_000843.png,/home/marsi/TFM/data/gen/SD_E2_HOPE/v1_8000/sdl_000843.png,284,284,,1,melanoma,,,,train,3,1,0,,,,,,,,,,,,,,,,,,
Synth,sdl_000844.png,/home/marsi/TFM/data/gen/SD_E2_HOPE/v1_8000/sdl_000844.png,284,284,,1,melanoma,,,,train,3,1,0,,,,,,,,,,,,,,,,,,
Synth,sdl_000845.png,/home/marsi/TFM/data/gen/SD_E2_HOPE/v1_8000/sdl_000845.png,284,284,,1,melanoma,,,,train,3,1,0,,,,,,,,,,,,,,,,,,
Synth,sdl_000846.png,/home/marsi/TFM/data/gen/SD_E2_HOPE/v1_8000/sdl_000846.png,284,284,,1,melanoma,,,,train,3,1,0,,,,,,,,,,,,,,,,,,
Synth,sdl_000847.png,/home/marsi/TFM/data/gen/SD_E2_HOPE/v1_8000/sdl_000847.png,284,284,,1,melanoma,,,,train,3,1,0,,,,,,,,,,,,,,,,,,
Synth,sdl_000848.png,/home/marsi/TFM/data/gen/SD_E2_HOPE/v1_8000/sdl_000848.png,284,284,,1,melanoma,,,,train,3,1,0,,,,,,,,,,,,,,,,,,
Synth,sdl_000849.png,/home/marsi/TFM/data/gen/SD_E2_HOPE/v1_8000/sdl_000849.png,284,284,,1,melanoma,,,,train,3,1,0,,,,,,,,,,,,,,,,,,
Synth,sdl_000850.png,/home/marsi/TFM/data/gen/SD_E2_HOPE/v1_8000/sdl_000850.png,284,284,,1,melanoma,,,,train,3,1,0,,,,,,,,,,,,,,,,,,
Synth,sdl_000851.png,/home/marsi/TFM/data/gen/SD_E2_HOPE/v1_8000/sdl_000851.png,284,284,,1,melanoma,,,,train,3,1,0,,,,,,,,,,,,,,,,,,
Synth,sdl_000852.png,/home/marsi/TFM/data/gen/SD_E2_HOPE/v1_8000/sdl_000852.png,284,284,,1,melanoma,,,,train,3,1,0,,,,,,,,,,,,,,,,,,
Synth,sdl_000853.png,/home/marsi/TFM/data/gen/SD_E2_HOPE/v1_8000/sdl_000853.png,284,284,,1,melanoma,,,,train,3,1,0,,,,,,,,,,,,,,,,,,
Synth,sdl_000854.png,/home/marsi/TFM/data/gen/SD_E2_HOPE/v1_8000/sdl_000854.png,284,284,,1,melanoma,,,,train,3,1,0,,,,,,,,,,,,,,,,,,
Synth,sdl_000855.png,/home/marsi/TFM/data/gen/SD_E2_HOPE/v1_8000/sdl_000855.png,284,284,,1,melanoma,,,,train,3,1,0,,,,,,,,,,,,,,,,,,
Synth,sdl_000856.png,/home/marsi/TFM/data/gen/SD_E2_HOPE/v1_8000/sdl_000856.png,284,284,,1,melanoma,,,,train,3,1,0,,,,,,,,,,,,,,,,,,
Synth,sdl_000857.png,/home/marsi/TFM/data/gen/SD_E2_HOPE/v1_8000/sdl_000857.png,284,284,,1,melanoma,,,,train,3,1,0,,,,,,,,,,,,,,,,,,
Synth,sdl_000858.png,/home/marsi/TFM/data/gen/SD_E2_HOPE/v1_8000/sdl_000858.png,284,284,,1,melanoma,,,,train,3,1,0,,,,,,,,,,,,,,,,,,
Synth,sdl_000859.png,/home/marsi/TFM/data/gen/SD_E2_HOPE/v1_8000/sdl_000859.png,284,284,,1,melanoma,,,,train,3,1,0,,,,,,,,,,,,,,,,,,
Synth,sdl_000860.png,/home/marsi/TFM/data/gen/SD_E2_HOPE/v1_8000/sdl_000860.png,284,284,,1,melanoma,,,,train,3,1,0,,,,,,,,,,,,,,,,,,
Synth,sdl_000861.png,/home/marsi/TFM/data/gen/SD_E2_HOPE/v1_8000/sdl_000861.png,284,284,,1,melanoma,,,,train,3,1,0,,,,,,,,,,,,,,,,,,
Synth,sdl_000862.png,/home/marsi/TFM/data/gen/SD_E2_HOPE/v1_8000/sdl_000862.png,284,284,,1,melanoma,,,,train,3,1,0,,,,,,,,,,,,,,,,,,
Synth,sdl_000863.png,/home/marsi/TFM/data/gen/SD_E2_HOPE/v1_8000/sdl_000863.png,284,284,,1,melanoma,,,,train,3,1,0,,,,,,,,,,,,,,,,,,
Synth,sdl_000864.png,/home/marsi/TFM/data/gen/SD_E2_HOPE/v1_8000/sdl_000864.png,284,284,,1,melanoma,,,,train,3,1,0,,,,,,,,,,,,,,,,,,
Synth,sdl_000865.png,/home/marsi/TFM/data/gen/SD_E2_HOPE/v1_8000/sdl_000865.png,284,284,,1,melanoma,,,,train,3,1,0,,,,,,,,,,,,,,,,,,
Synth,sdl_000866.png,/home/marsi/TFM/data/gen/SD_E2_HOPE/v1_8000/sdl_000866.png,284,284,,1,melanoma,,,,train,3,1,0,,,,,,,,,,,,,,,,,,
Synth,sdl_000867.png,/home/marsi/TFM/data/gen/SD_E2_HOPE/v1_8000/sdl_000867.png,284,284,,1,melanoma,,,,train,3,1,0,,,,,,,,,,,,,,,,,,
Synth,sdl_000868.png,/home/marsi/TFM/data/gen/SD_E2_HOPE/v1_8000/sdl_000868.png,284,284,,1,melanoma,,,,train,3,1,0,,,,,,,,,,,,,,,,,,
Synth,sdl_000869.png,/home/marsi/TFM/data/gen/SD_E2_HOPE/v1_8000/sdl_000869.png,284,284,,1,melanoma,,,,train,3,1,0,,,,,,,,,,,,,,,,,,
Synth,sdl_000870.png,/home/marsi/TFM/data/gen/SD_E2_HOPE/v1_8000/sdl_000870.png,284,284,,1,melanoma,,,,train,3,1,0,,,,,,,,,,,,,,,,,,
Synth,sdl_000871.png,/home/marsi/TFM/data/gen/SD_E2_HOPE/v1_8000/sdl_000871.png,284,284,,1,melanoma,,,,train,3,1,0,,,,,,,,,,,,,,,,,,
Synth,sdl_000872.png,/home/marsi/TFM/data/gen/SD_E2_HOPE/v1_8000/sdl_000872.png,284,284,,1,melanoma,,,,train,3,1,0,,,,,,,,,,,,,,,,,,
Synth,sdl_000873.png,/home/marsi/TFM/data/gen/SD_E2_HOPE/v1_8000/sdl_000873.png,284,284,,1,melanoma,,,,train,3,1,0,,,,,,,,,,,,,,,,,,
Synth,sdl_000874.png,/home/marsi/TFM/data/gen/SD_E2_HOPE/v1_8000/sdl_000874.png,284,284,,1,melanoma,,,,train,3,1,0,,,,,,,,,,,,,,,,,,
Synth,sdl_000875.png,/home/marsi/TFM/data/gen/SD_E2_HOPE/v1_8000/sdl_000875.png,284,284,,1,melanoma,,,,train,3,1,0,,,,,,,,,,,,,,,,,,
Synth,sdl_000876.png,/home/marsi/TFM/data/gen/SD_E2_HOPE/v1_8000/sdl_000876.png,284,284,,1,melanoma,,,,train,3,1,0,,,,,,,,,,,,,,,,,,
Synth,sdl_000877.png,/home/marsi/TFM/data/gen/SD_E2_HOPE/v1_8000/sdl_000877.png,284,284,,1,melanoma,,,,train,3,1,0,,,,,,,,,,,,,,,,,,
Synth,sdl_000878.png,/home/marsi/TFM/data/gen/SD_E2_HOPE/v1_8000/sdl_000878.png,284,284,,1,melanoma,,,,train,3,1,0,,,,,,,,,,,,,,,,,,
Synth,sdl_000879.png,/home/marsi/TFM/data/gen/SD_E2_HOPE/v1_8000/sdl_000879.png,284,284,,1,melanoma,,,,train,3,1,0,,,,,,,,,,,,,,,,,,
Synth,sdl_000880.png,/home/marsi/TFM/data/gen/SD_E2_HOPE/v1_8000/sdl_000880.png,284,284,,1,melanoma,,,,train,3,1,0,,,,,,,,,,,,,,,,,,
Synth,sdl_000881.png,/home/marsi/TFM/data/gen/SD_E2_HOPE/v1_8000/sdl_000881.png,284,284,,1,melanoma,,,,train,3,1,0,,,,,,,,,,,,,,,,,,
Synth,sdl_000882.png,/home/marsi/TFM/data/gen/SD_E2_HOPE/v1_8000/sdl_000882.png,284,284,,1,melanoma,,,,train,3,1,0,,,,,,,,,,,,,,,,,,
Synth,sdl_000883.png,/home/marsi/TFM/data/gen/SD_E2_HOPE/v1_8000/sdl_000883.png,284,284,,1,melanoma,,,,train,3,1,0,,,,,,,,,,,,,,,,,,
Synth,sdl_000884.png,/home/marsi/TFM/data/gen/SD_E2_HOPE/v1_8000/sdl_000884.png,284,284,,1,melanoma,,,,train,3,1,0,,,,,,,,,,,,,,,,,,
Synth,sdl_000885.png,/home/marsi/TFM/data/gen/SD_E2_HOPE/v1_8000/sdl_000885.png,284,284,,1,melanoma,,,,train,3,1,0,,,,,,,,,,,,,,,,,,
Synth,sdl_000886.png,/home/marsi/TFM/data/gen/SD_E2_HOPE/v1_8000/sdl_000886.png,284,284,,1,melanoma,,,,train,3,1,0,,,,,,,,,,,,,,,,,,
Synth,sdl_000887.png,/home/marsi/TFM/data/gen/SD_E2_HOPE/v1_8000/sdl_000887.png,284,284,,1,melanoma,,,,train,3,1,0,,,,,,,,,,,,,,,,,,
Synth,sdl_000888.png,/home/marsi/TFM/data/gen/SD_E2_HOPE/v1_8000/sdl_000888.png,284,284,,1,melanoma,,,,train,3,1,0,,,,,,,,,,,,,,,,,,
Synth,sdl_000889.png,/home/marsi/TFM/data/gen/SD_E2_HOPE/v1_8000/sdl_000889.png,284,284,,1,melanoma,,,,train,3,1,0,,,,,,,,,,,,,,,,,,
Synth,sdl_000890.png,/home/marsi/TFM/data/gen/SD_E2_HOPE/v1_8000/sdl_000890.png,284,284,,1,melanoma,,,,train,3,1,0,,,,,,,,,,,,,,,,,,
Synth,sdl_000891.png,/home/marsi/TFM/data/gen/SD_E2_HOPE/v1_8000/sdl_000891.png,284,284,,1,melanoma,,,,train,3,1,0,,,,,,,,,,,,,,,,,,
Synth,sdl_000892.png,/home/marsi/TFM/data/gen/SD_E2_HOPE/v1_8000/sdl_000892.png,284,284,,1,melanoma,,,,train,3,1,0,,,,,,,,,,,,,,,,,,
Synth,sdl_000893.png,/home/marsi/TFM/data/gen/SD_E2_HOPE/v1_8000/sdl_000893.png,284,284,,1,melanoma,,,,train,3,1,0,,,,,,,,,,,,,,,,,,
Synth,sdl_000894.png,/home/marsi/TFM/data/gen/SD_E2_HOPE/v1_8000/sdl_000894.png,284,284,,1,melanoma,,,,train,3,1,0,,,,,,,,,,,,,,,,,,
Synth,sdl_000895.png,/home/marsi/TFM/data/gen/SD_E2_HOPE/v1_8000/sdl_000895.png,284,284,,1,melanoma,,,,train,3,1,0,,,,,,,,,,,,,,,,,,
Synth,sdl_000896.png,/home/marsi/TFM/data/gen/SD_E2_HOPE/v1_8000/sdl_000896.png,284,284,,1,melanoma,,,,train,3,1,0,,,,,,,,,,,,,,,,,,
Synth,sdl_000897.png,/home/marsi/TFM/data/gen/SD_E2_HOPE/v1_8000/sdl_000897.png,284,284,,1,melanoma,,,,train,3,1,0,,,,,,,,,,,,,,,,,,
Synth,sdl_000898.png,/home/marsi/TFM/data/gen/SD_E2_HOPE/v1_8000/sdl_000898.png,284,284,,1,melanoma,,,,train,3,1,0,,,,,,,,,,,,,,,,,,
Synth,sdl_000899.png,/home/marsi/TFM/data/gen/SD_E2_HOPE/v1_8000/sdl_000899.png,284,284,,1,melanoma,,,,train,3,1,0,,,,,,,,,,,,,,,,,,
Synth,sdl_000900.png,/home/marsi/TFM/data/gen/SD_E2_HOPE/v1_8000/sdl_000900.png,284,284,,1,melanoma,,,,train,3,1,0,,,,,,,,,,,,,,,,,,
Synth,sdl_000901.png,/home/marsi/TFM/data/gen/SD_E2_HOPE/v1_8000/sdl_000901.png,284,284,,1,melanoma,,,,train,3,1,0,,,,,,,,,,,,,,,,,,
Synth,sdl_000902.png,/home/marsi/TFM/data/gen/SD_E2_HOPE/v1_8000/sdl_000902.png,284,284,,1,melanoma,,,,train,3,1,0,,,,,,,,,,,,,,,,,,
Synth,sdl_000903.png,/home/marsi/TFM/data/gen/SD_E2_HOPE/v1_8000/sdl_000903.png,284,284,,1,melanoma,,,,train,3,1,0,,,,,,,,,,,,,,,,,,
Synth,sdl_000904.png,/home/marsi/TFM/data/gen/SD_E2_HOPE/v1_8000/sdl_000904.png,284,284,,1,melanoma,,,,train,3,1,0,,,,,,,,,,,,,,,,,,
Synth,sdl_000905.png,/home/marsi/TFM/data/gen/SD_E2_HOPE/v1_8000/sdl_000905.png,284,284,,1,melanoma,,,,train,3,1,0,,,,,,,,,,,,,,,,,,
Synth,sdl_000906.png,/home/marsi/TFM/data/gen/SD_E2_HOPE/v1_8000/sdl_000906.png,284,284,,1,melanoma,,,,train,3,1,0,,,,,,,,,,,,,,,,,,
Synth,sdl_000907.png,/home/marsi/TFM/data/gen/SD_E2_HOPE/v1_8000/sdl_000907.png,284,284,,1,melanoma,,,,train,3,1,0,,,,,,,,,,,,,,,,,,
Synth,sdl_000908.png,/home/marsi/TFM/data/gen/SD_E2_HOPE/v1_8000/sdl_000908.png,284,284,,1,melanoma,,,,train,3,1,0,,,,,,,,,,,,,,,,,,
Synth,sdl_000909.png,/home/marsi/TFM/data/gen/SD_E2_HOPE/v1_8000/sdl_000909.png,284,284,,1,melanoma,,,,train,3,1,0,,,,,,,,,,,,,,,,,,
Synth,sdl_000910.png,/home/marsi/TFM/data/gen/SD_E2_HOPE/v1_8000/sdl_000910.png,284,284,,1,melanoma,,,,train,3,1,0,,,,,,,,,,,,,,,,,,
Synth,sdl_000911.png,/home/marsi/TFM/data/gen/SD_E2_HOPE/v1_8000/sdl_000911.png,284,284,,1,melanoma,,,,train,3,1,0,,,,,,,,,,,,,,,,,,
Synth,sdl_000912.png,/home/marsi/TFM/data/gen/SD_E2_HOPE/v1_8000/sdl_000912.png,284,284,,1,melanoma,,,,train,3,1,0,,,,,,,,,,,,,,,,,,
Synth,sdl_000913.png,/home/marsi/TFM/data/gen/SD_E2_HOPE/v1_8000/sdl_000913.png,284,284,,1,melanoma,,,,train,3,1,0,,,,,,,,,,,,,,,,,,
Synth,sdl_000914.png,/home/marsi/TFM/data/gen/SD_E2_HOPE/v1_8000/sdl_000914.png,284,284,,1,melanoma,,,,train,3,1,0,,,,,,,,,,,,,,,,,,
Synth,sdl_000915.png,/home/marsi/TFM/data/gen/SD_E2_HOPE/v1_8000/sdl_000915.png,284,284,,1,melanoma,,,,train,3,1,0,,,,,,,,,,,,,,,,,,
Synth,sdl_000916.png,/home/marsi/TFM/data/gen/SD_E2_HOPE/v1_8000/sdl_000916.png,284,284,,1,melanoma,,,,train,3,1,0,,,,,,,,,,,,,,,,,,
Synth,sdl_000917.png,/home/marsi/TFM/data/gen/SD_E2_HOPE/v1_8000/sdl_000917.png,284,284,,1,melanoma,,,,train,3,1,0,,,,,,,,,,,,,,,,,,
Synth,sdl_000918.png,/home/marsi/TFM/data/gen/SD_E2_HOPE/v1_8000/sdl_000918.png,284,284,,1,melanoma,,,,train,3,1,0,,,,,,,,,,,,,,,,,,
Synth,sdl_000919.png,/home/marsi/TFM/data/gen/SD_E2_HOPE/v1_8000/sdl_000919.png,284,284,,1,melanoma,,,,train,3,1,0,,,,,,,,,,,,,,,,,,
Synth,sdl_000920.png,/home/marsi/TFM/data/gen/SD_E2_HOPE/v1_8000/sdl_000920.png,284,284,,1,melanoma,,,,train,3,1,0,,,,,,,,,,,,,,,,,,
Synth,sdl_000921.png,/home/marsi/TFM/data/gen/SD_E2_HOPE/v1_8000/sdl_000921.png,284,284,,1,melanoma,,,,train,3,1,0,,,,,,,,,,,,,,,,,,
Synth,sdl_000922.png,/home/marsi/TFM/data/gen/SD_E2_HOPE/v1_8000/sdl_000922.png,284,284,,1,melanoma,,,,train,3,1,0,,,,,,,,,,,,,,,,,,
Synth,sdl_000923.png,/home/marsi/TFM/data/gen/SD_E2_HOPE/v1_8000/sdl_000923.png,284,284,,1,melanoma,,,,train,3,1,0,,,,,,,,,,,,,,,,,,
Synth,sdl_000924.png,/home/marsi/TFM/data/gen/SD_E2_HOPE/v1_8000/sdl_000924.png,284,284,,1,melanoma,,,,train,3,1,0,,,,,,,,,,,,,,,,,,
Synth,sdl_000925.png,/home/marsi/TFM/data/gen/SD_E2_HOPE/v1_8000/sdl_000925.png,284,284,,1,melanoma,,,,train,3,1,0,,,,,,,,,,,,,,,,,,
Synth,sdl_000926.png,/home/marsi/TFM/data/gen/SD_E2_HOPE/v1_8000/sdl_000926.png,284,284,,1,melanoma,,,,train,3,1,0,,,,,,,,,,,,,,,,,,
Synth,sdl_000927.png,/home/marsi/TFM/data/gen/SD_E2_HOPE/v1_8000/sdl_000927.png,284,284,,1,melanoma,,,,train,3,1,0,,,,,,,,,,,,,,,,,,
Synth,sdl_000928.png,/home/marsi/TFM/data/gen/SD_E2_HOPE/v1_8000/sdl_000928.png,284,284,,1,melanoma,,,,train,3,1,0,,,,,,,,,,,,,,,,,,
Synth,sdl_000929.png,/home/marsi/TFM/data/gen/SD_E2_HOPE/v1_8000/sdl_000929.png,284,284,,1,melanoma,,,,train,3,1,0,,,,,,,,,,,,,,,,,,
Synth,sdl_000930.png,/home/marsi/TFM/data/gen/SD_E2_HOPE/v1_8000/sdl_000930.png,284,284,,1,melanoma,,,,train,3,1,0,,,,,,,,,,,,,,,,,,
Synth,sdl_000931.png,/home/marsi/TFM/data/gen/SD_E2_HOPE/v1_8000/sdl_000931.png,284,284,,1,melanoma,,,,train,3,1,0,,,,,,,,,,,,,,,,,,
Synth,sdl_000932.png,/home/marsi/TFM/data/gen/SD_E2_HOPE/v1_8000/sdl_000932.png,284,284,,1,melanoma,,,,train,3,1,0,,,,,,,,,,,,,,,,,,
Synth,sdl_000933.png,/home/marsi/TFM/data/gen/SD_E2_HOPE/v1_8000/sdl_000933.png,284,284,,1,melanoma,,,,train,3,1,0,,,,,,,,,,,,,,,,,,
Synth,sdl_000934.png,/home/marsi/TFM/data/gen/SD_E2_HOPE/v1_8000/sdl_000934.png,284,284,,1,melanoma,,,,train,3,1,0,,,,,,,,,,,,,,,,,,
Synth,sdl_000935.png,/home/marsi/TFM/data/gen/SD_E2_HOPE/v1_8000/sdl_000935.png,284,284,,1,melanoma,,,,train,3,1,0,,,,,,,,,,,,,,,,,,
Synth,sdl_000936.png,/home/marsi/TFM/data/gen/SD_E2_HOPE/v1_8000/sdl_000936.png,284,284,,1,melanoma,,,,train,3,1,0,,,,,,,,,,,,,,,,,,
Synth,sdl_000937.png,/home/marsi/TFM/data/gen/SD_E2_HOPE/v1_8000/sdl_000937.png,284,284,,1,melanoma,,,,train,3,1,0,,,,,,,,,,,,,,,,,,
Synth,sdl_000938.png,/home/marsi/TFM/data/gen/SD_E2_HOPE/v1_8000/sdl_000938.png,284,284,,1,melanoma,,,,train,3,1,0,,,,,,,,,,,,,,,,,,
Synth,sdl_000939.png,/home/marsi/TFM/data/gen/SD_E2_HOPE/v1_8000/sdl_000939.png,284,284,,1,melanoma,,,,train,3,1,0,,,,,,,,,,,,,,,,,,
Synth,sdl_000940.png,/home/marsi/TFM/data/gen/SD_E2_HOPE/v1_8000/sdl_000940.png,284,284,,1,melanoma,,,,train,3,1,0,,,,,,,,,,,,,,,,,,
Synth,sdl_000941.png,/home/marsi/TFM/data/gen/SD_E2_HOPE/v1_8000/sdl_000941.png,284,284,,1,melanoma,,,,train,3,1,0,,,,,,,,,,,,,,,,,,
Synth,sdl_000942.png,/home/marsi/TFM/data/gen/SD_E2_HOPE/v1_8000/sdl_000942.png,284,284,,1,melanoma,,,,train,3,1,0,,,,,,,,,,,,,,,,,,
Synth,sdl_000943.png,/home/marsi/TFM/data/gen/SD_E2_HOPE/v1_8000/sdl_000943.png,284,284,,1,melanoma,,,,train,3,1,0,,,,,,,,,,,,,,,,,,
Synth,sdl_000944.png,/home/marsi/TFM/data/gen/SD_E2_HOPE/v1_8000/sdl_000944.png,284,284,,1,melanoma,,,,train,3,1,0,,,,,,,,,,,,,,,,,,
Synth,sdl_000945.png,/home/marsi/TFM/data/gen/SD_E2_HOPE/v1_8000/sdl_000945.png,284,284,,1,melanoma,,,,train,3,1,0,,,,,,,,,,,,,,,,,,
Synth,sdl_000946.png,/home/marsi/TFM/data/gen/SD_E2_HOPE/v1_8000/sdl_000946.png,284,284,,1,melanoma,,,,train,3,1,0,,,,,,,,,,,,,,,,,,
Synth,sdl_000947.png,/home/marsi/TFM/data/gen/SD_E2_HOPE/v1_8000/sdl_000947.png,284,284,,1,melanoma,,,,train,3,1,0,,,,,,,,,,,,,,,,,,
Synth,sdl_000948.png,/home/marsi/TFM/data/gen/SD_E2_HOPE/v1_8000/sdl_000948.png,284,284,,1,melanoma,,,,train,3,1,0,,,,,,,,,,,,,,,,,,
Synth,sdl_000949.png,/home/marsi/TFM/data/gen/SD_E2_HOPE/v1_8000/sdl_000949.png,284,284,,1,melanoma,,,,train,3,1,0,,,,,,,,,,,,,,,,,,
Synth,sdl_000950.png,/home/marsi/TFM/data/gen/SD_E2_HOPE/v1_8000/sdl_000950.png,284,284,,1,melanoma,,,,train,3,1,0,,,,,,,,,,,,,,,,,,
Synth,sdl_000951.png,/home/marsi/TFM/data/gen/SD_E2_HOPE/v1_8000/sdl_000951.png,284,284,,1,melanoma,,,,train,3,1,0,,,,,,,,,,,,,,,,,,
Synth,sdl_000952.png,/home/marsi/TFM/data/gen/SD_E2_HOPE/v1_8000/sdl_000952.png,284,284,,1,melanoma,,,,train,3,1,0,,,,,,,,,,,,,,,,,,
Synth,sdl_000953.png,/home/marsi/TFM/data/gen/SD_E2_HOPE/v1_8000/sdl_000953.png,284,284,,1,melanoma,,,,train,3,1,0,,,,,,,,,,,,,,,,,,
Synth,sdl_000954.png,/home/marsi/TFM/data/gen/SD_E2_HOPE/v1_8000/sdl_000954.png,284,284,,1,melanoma,,,,train,3,1,0,,,,,,,,,,,,,,,,,,
Synth,sdl_000955.png,/home/marsi/TFM/data/gen/SD_E2_HOPE/v1_8000/sdl_000955.png,284,284,,1,melanoma,,,,train,3,1,0,,,,,,,,,,,,,,,,,,
Synth,sdl_000956.png,/home/marsi/TFM/data/gen/SD_E2_HOPE/v1_8000/sdl_000956.png,284,284,,1,melanoma,,,,train,3,1,0,,,,,,,,,,,,,,,,,,
Synth,sdl_000957.png,/home/marsi/TFM/data/gen/SD_E2_HOPE/v1_8000/sdl_000957.png,284,284,,1,melanoma,,,,train,3,1,0,,,,,,,,,,,,,,,,,,
Synth,sdl_000958.png,/home/marsi/TFM/data/gen/SD_E2_HOPE/v1_8000/sdl_000958.png,284,284,,1,melanoma,,,,train,3,1,0,,,,,,,,,,,,,,,,,,
Synth,sdl_000959.png,/home/marsi/TFM/data/gen/SD_E2_HOPE/v1_8000/sdl_000959.png,284,284,,1,melanoma,,,,train,3,1,0,,,,,,,,,,,,,,,,,,
Synth,sdl_000960.png,/home/marsi/TFM/data/gen/SD_E2_HOPE/v1_8000/sdl_000960.png,284,284,,1,melanoma,,,,train,3,1,0,,,,,,,,,,,,,,,,,,
Synth,sdl_000961.png,/home/marsi/TFM/data/gen/SD_E2_HOPE/v1_8000/sdl_000961.png,284,284,,1,melanoma,,,,train,3,1,0,,,,,,,,,,,,,,,,,,
Synth,sdl_000962.png,/home/marsi/TFM/data/gen/SD_E2_HOPE/v1_8000/sdl_000962.png,284,284,,1,melanoma,,,,train,3,1,0,,,,,,,,,,,,,,,,,,
Synth,sdl_000963.png,/home/marsi/TFM/data/gen/SD_E2_HOPE/v1_8000/sdl_000963.png,284,284,,1,melanoma,,,,train,3,1,0,,,,,,,,,,,,,,,,,,
Synth,sdl_000964.png,/home/marsi/TFM/data/gen/SD_E2_HOPE/v1_8000/sdl_000964.png,284,284,,1,melanoma,,,,train,3,1,0,,,,,,,,,,,,,,,,,,
Synth,sdl_000965.png,/home/marsi/TFM/data/gen/SD_E2_HOPE/v1_8000/sdl_000965.png,284,284,,1,melanoma,,,,train,3,1,0,,,,,,,,,,,,,,,,,,
Synth,sdl_000966.png,/home/marsi/TFM/data/gen/SD_E2_HOPE/v1_8000/sdl_000966.png,284,284,,1,melanoma,,,,train,3,1,0,,,,,,,,,,,,,,,,,,
Synth,sdl_000967.png,/home/marsi/TFM/data/gen/SD_E2_HOPE/v1_8000/sdl_000967.png,284,284,,1,melanoma,,,,train,3,1,0,,,,,,,,,,,,,,,,,,
Synth,sdl_000968.png,/home/marsi/TFM/data/gen/SD_E2_HOPE/v1_8000/sdl_000968.png,284,284,,1,melanoma,,,,train,3,1,0,,,,,,,,,,,,,,,,,,
Synth,sdl_000969.png,/home/marsi/TFM/data/gen/SD_E2_HOPE/v1_8000/sdl_000969.png,284,284,,1,melanoma,,,,train,3,1,0,,,,,,,,,,,,,,,,,,
Synth,sdl_000970.png,/home/marsi/TFM/data/gen/SD_E2_HOPE/v1_8000/sdl_000970.png,284,284,,1,melanoma,,,,train,3,1,0,,,,,,,,,,,,,,,,,,
Synth,sdl_000971.png,/home/marsi/TFM/data/gen/SD_E2_HOPE/v1_8000/sdl_000971.png,284,284,,1,melanoma,,,,train,3,1,0,,,,,,,,,,,,,,,,,,
Synth,sdl_000972.png,/home/marsi/TFM/data/gen/SD_E2_HOPE/v1_8000/sdl_000972.png,284,284,,1,melanoma,,,,train,3,1,0,,,,,,,,,,,,,,,,,,
Synth,sdl_000973.png,/home/marsi/TFM/data/gen/SD_E2_HOPE/v1_8000/sdl_000973.png,284,284,,1,melanoma,,,,train,3,1,0,,,,,,,,,,,,,,,,,,
Synth,sdl_000974.png,/home/marsi/TFM/data/gen/SD_E2_HOPE/v1_8000/sdl_000974.png,284,284,,1,melanoma,,,,train,3,1,0,,,,,,,,,,,,,,,,,,
Synth,sdl_000975.png,/home/marsi/TFM/data/gen/SD_E2_HOPE/v1_8000/sdl_000975.png,284,284,,1,melanoma,,,,train,3,1,0,,,,,,,,,,,,,,,,,,
Synth,sdl_000976.png,/home/marsi/TFM/data/gen/SD_E2_HOPE/v1_8000/sdl_000976.png,284,284,,1,melanoma,,,,train,3,1,0,,,,,,,,,,,,,,,,,,
Synth,sdl_000977.png,/home/marsi/TFM/data/gen/SD_E2_HOPE/v1_8000/sdl_000977.png,284,284,,1,melanoma,,,,train,3,1,0,,,,,,,,,,,,,,,,,,
Synth,sdl_000978.png,/home/marsi/TFM/data/gen/SD_E2_HOPE/v1_8000/sdl_000978.png,284,284,,1,melanoma,,,,train,3,1,0,,,,,,,,,,,,,,,,,,
Synth,sdl_000979.png,/home/marsi/TFM/data/gen/SD_E2_HOPE/v1_8000/sdl_000979.png,284,284,,1,melanoma,,,,train,3,1,0,,,,,,,,,,,,,,,,,,
Synth,sdl_000980.png,/home/marsi/TFM/data/gen/SD_E2_HOPE/v1_8000/sdl_000980.png,284,284,,1,melanoma,,,,train,3,1,0,,,,,,,,,,,,,,,,,,
Synth,sdl_000981.png,/home/marsi/TFM/data/gen/SD_E2_HOPE/v1_8000/sdl_000981.png,284,284,,1,melanoma,,,,train,3,1,0,,,,,,,,,,,,,,,,,,
Synth,sdl_000982.png,/home/marsi/TFM/data/gen/SD_E2_HOPE/v1_8000/sdl_000982.png,284,284,,1,melanoma,,,,train,3,1,0,,,,,,,,,,,,,,,,,,
Synth,sdl_000983.png,/home/marsi/TFM/data/gen/SD_E2_HOPE/v1_8000/sdl_000983.png,284,284,,1,melanoma,,,,train,3,1,0,,,,,,,,,,,,,,,,,,
Synth,sdl_000984.png,/home/marsi/TFM/data/gen/SD_E2_HOPE/v1_8000/sdl_000984.png,284,284,,1,melanoma,,,,train,3,1,0,,,,,,,,,,,,,,,,,,
Synth,sdl_000985.png,/home/marsi/TFM/data/gen/SD_E2_HOPE/v1_8000/sdl_000985.png,284,284,,1,melanoma,,,,train,3,1,0,,,,,,,,,,,,,,,,,,
Synth,sdl_000986.png,/home/marsi/TFM/data/gen/SD_E2_HOPE/v1_8000/sdl_000986.png,284,284,,1,melanoma,,,,train,3,1,0,,,,,,,,,,,,,,,,,,
Synth,sdl_000987.png,/home/marsi/TFM/data/gen/SD_E2_HOPE/v1_8000/sdl_000987.png,284,284,,1,melanoma,,,,train,3,1,0,,,,,,,,,,,,,,,,,,
Synth,sdl_000988.png,/home/marsi/TFM/data/gen/SD_E2_HOPE/v1_8000/sdl_000988.png,284,284,,1,melanoma,,,,train,3,1,0,,,,,,,,,,,,,,,,,,
Synth,sdl_000989.png,/home/marsi/TFM/data/gen/SD_E2_HOPE/v1_8000/sdl_000989.png,284,284,,1,melanoma,,,,train,3,1,0,,,,,,,,,,,,,,,,,,
Synth,sdl_000990.png,/home/marsi/TFM/data/gen/SD_E2_HOPE/v1_8000/sdl_000990.png,284,284,,1,melanoma,,,,train,3,1,0,,,,,,,,,,,,,,,,,,
Synth,sdl_000991.png,/home/marsi/TFM/data/gen/SD_E2_HOPE/v1_8000/sdl_000991.png,284,284,,1,melanoma,,,,train,3,1,0,,,,,,,,,,,,,,,,,,
Synth,sdl_000992.png,/home/marsi/TFM/data/gen/SD_E2_HOPE/v1_8000/sdl_000992.png,284,284,,1,melanoma,,,,train,3,1,0,,,,,,,,,,,,,,,,,,
Synth,sdl_000993.png,/home/marsi/TFM/data/gen/SD_E2_HOPE/v1_8000/sdl_000993.png,284,284,,1,melanoma,,,,train,3,1,0,,,,,,,,,,,,,,,,,,
Synth,sdl_000994.png,/home/marsi/TFM/data/gen/SD_E2_HOPE/v1_8000/sdl_000994.png,284,284,,1,melanoma,,,,train,3,1,0,,,,,,,,,,,,,,,,,,
Synth,sdl_000995.png,/home/marsi/TFM/data/gen/SD_E2_HOPE/v1_8000/sdl_000995.png,284,284,,1,melanoma,,,,train,3,1,0,,,,,,,,,,,,,,,,,,
Synth,sdl_000996.png,/home/marsi/TFM/data/gen/SD_E2_HOPE/v1_8000/sdl_000996.png,284,284,,1,melanoma,,,,train,3,1,0,,,,,,,,,,,,,,,,,,
Synth,sdl_000997.png,/home/marsi/TFM/data/gen/SD_E2_HOPE/v1_8000/sdl_000997.png,284,284,,1,melanoma,,,,train,3,1,0,,,,,,,,,,,,,,,,,,
Synth,sdl_000998.png,/home/marsi/TFM/data/gen/SD_E2_HOPE/v1_8000/sdl_000998.png,284,284,,1,melanoma,,,,train,3,1,0,,,,,,,,,,,,,,,,,,
Synth,sdl_000999.png,/home/marsi/TFM/data/gen/SD_E2_HOPE/v1_8000/sdl_000999.png,284,284,,1,melanoma,,,,train,3,1,0,,,,,,,,,,,,,,,,,,
Synth,sdl_001000.png,/home/marsi/TFM/data/gen/SD_E2_HOPE/v1_8000/sdl_001000.png,284,284,,1,melanoma,,,,train,3,1,0,,,,,,,,,,,,,,,,,,
Synth,sdl_001001.png,/home/marsi/TFM/data/gen/SD_E2_HOPE/v1_8000/sdl_001001.png,284,284,,1,melanoma,,,,train,3,1,0,,,,,,,,,,,,,,,,,,
Synth,sdl_001002.png,/home/marsi/TFM/data/gen/SD_E2_HOPE/v1_8000/sdl_001002.png,284,284,,1,melanoma,,,,train,3,1,0,,,,,,,,,,,,,,,,,,
Synth,sdl_001003.png,/home/marsi/TFM/data/gen/SD_E2_HOPE/v1_8000/sdl_001003.png,284,284,,1,melanoma,,,,train,3,1,0,,,,,,,,,,,,,,,,,,
Synth,sdl_001004.png,/home/marsi/TFM/data/gen/SD_E2_HOPE/v1_8000/sdl_001004.png,284,284,,1,melanoma,,,,train,3,1,0,,,,,,,,,,,,,,,,,,
Synth,sdl_001005.png,/home/marsi/TFM/data/gen/SD_E2_HOPE/v1_8000/sdl_001005.png,284,284,,1,melanoma,,,,train,3,1,0,,,,,,,,,,,,,,,,,,
Synth,sdl_001006.png,/home/marsi/TFM/data/gen/SD_E2_HOPE/v1_8000/sdl_001006.png,284,284,,1,melanoma,,,,train,3,1,0,,,,,,,,,,,,,,,,,,
Synth,sdl_001007.png,/home/marsi/TFM/data/gen/SD_E2_HOPE/v1_8000/sdl_001007.png,284,284,,1,melanoma,,,,train,3,1,0,,,,,,,,,,,,,,,,,,
Synth,sdl_001008.png,/home/marsi/TFM/data/gen/SD_E2_HOPE/v1_8000/sdl_001008.png,284,284,,1,melanoma,,,,train,3,1,0,,,,,,,,,,,,,,,,,,
Synth,sdl_001009.png,/home/marsi/TFM/data/gen/SD_E2_HOPE/v1_8000/sdl_001009.png,284,284,,1,melanoma,,,,train,3,1,0,,,,,,,,,,,,,,,,,,
Synth,sdl_001010.png,/home/marsi/TFM/data/gen/SD_E2_HOPE/v1_8000/sdl_001010.png,284,284,,1,melanoma,,,,train,3,1,0,,,,,,,,,,,,,,,,,,
Synth,sdl_001011.png,/home/marsi/TFM/data/gen/SD_E2_HOPE/v1_8000/sdl_001011.png,284,284,,1,melanoma,,,,train,3,1,0,,,,,,,,,,,,,,,,,,
Synth,sdl_001012.png,/home/marsi/TFM/data/gen/SD_E2_HOPE/v1_8000/sdl_001012.png,284,284,,1,melanoma,,,,train,3,1,0,,,,,,,,,,,,,,,,,,
Synth,sdl_001013.png,/home/marsi/TFM/data/gen/SD_E2_HOPE/v1_8000/sdl_001013.png,284,284,,1,melanoma,,,,train,3,1,0,,,,,,,,,,,,,,,,,,
Synth,sdl_001014.png,/home/marsi/TFM/data/gen/SD_E2_HOPE/v1_8000/sdl_001014.png,284,284,,1,melanoma,,,,train,3,1,0,,,,,,,,,,,,,,,,,,
Synth,sdl_001015.png,/home/marsi/TFM/data/gen/SD_E2_HOPE/v1_8000/sdl_001015.png,284,284,,1,melanoma,,,,train,3,1,0,,,,,,,,,,,,,,,,,,
Synth,sdl_001016.png,/home/marsi/TFM/data/gen/SD_E2_HOPE/v1_8000/sdl_001016.png,284,284,,1,melanoma,,,,train,3,1,0,,,,,,,,,,,,,,,,,,
Synth,sdl_001017.png,/home/marsi/TFM/data/gen/SD_E2_HOPE/v1_8000/sdl_001017.png,284,284,,1,melanoma,,,,train,3,1,0,,,,,,,,,,,,,,,,,,
Synth,sdl_001018.png,/home/marsi/TFM/data/gen/SD_E2_HOPE/v1_8000/sdl_001018.png,284,284,,1,melanoma,,,,train,3,1,0,,,,,,,,,,,,,,,,,,
Synth,sdl_001019.png,/home/marsi/TFM/data/gen/SD_E2_HOPE/v1_8000/sdl_001019.png,284,284,,1,melanoma,,,,train,3,1,0,,,,,,,,,,,,,,,,,,
Synth,sdl_001020.png,/home/marsi/TFM/data/gen/SD_E2_HOPE/v1_8000/sdl_001020.png,284,284,,1,melanoma,,,,train,3,1,0,,,,,,,,,,,,,,,,,,
Synth,sdl_001021.png,/home/marsi/TFM/data/gen/SD_E2_HOPE/v1_8000/sdl_001021.png,284,284,,1,melanoma,,,,train,3,1,0,,,,,,,,,,,,,,,,,,
Synth,sdl_001022.png,/home/marsi/TFM/data/gen/SD_E2_HOPE/v1_8000/sdl_001022.png,284,284,,1,melanoma,,,,train,3,1,0,,,,,,,,,,,,,,,,,,
Synth,sdl_001023.png,/home/marsi/TFM/data/gen/SD_E2_HOPE/v1_8000/sdl_001023.png,284,284,,1,melanoma,,,,train,3,1,0,,,,,,,,,,,,,,,,,,
Synth,sdl_001024.png,/home/marsi/TFM/data/gen/SD_E2_HOPE/v1_8000/sdl_001024.png,284,284,,1,melanoma,,,,train,3,1,0,,,,,,,,,,,,,,,,,,
Synth,sdl_001025.png,/home/marsi/TFM/data/gen/SD_E2_HOPE/v1_8000/sdl_001025.png,284,284,,1,melanoma,,,,train,3,1,0,,,,,,,,,,,,,,,,,,
Synth,sdl_001026.png,/home/marsi/TFM/data/gen/SD_E2_HOPE/v1_8000/sdl_001026.png,284,284,,1,melanoma,,,,train,3,1,0,,,,,,,,,,,,,,,,,,
Synth,sdl_001027.png,/home/marsi/TFM/data/gen/SD_E2_HOPE/v1_8000/sdl_001027.png,284,284,,1,melanoma,,,,train,3,1,0,,,,,,,,,,,,,,,,,,
Synth,sdl_001028.png,/home/marsi/TFM/data/gen/SD_E2_HOPE/v1_8000/sdl_001028.png,284,284,,1,melanoma,,,,train,3,1,0,,,,,,,,,,,,,,,,,,
Synth,sdl_001029.png,/home/marsi/TFM/data/gen/SD_E2_HOPE/v1_8000/sdl_001029.png,284,284,,1,melanoma,,,,train,3,1,0,,,,,,,,,,,,,,,,,,
Synth,sdl_001030.png,/home/marsi/TFM/data/gen/SD_E2_HOPE/v1_8000/sdl_001030.png,284,284,,1,melanoma,,,,train,3,1,0,,,,,,,,,,,,,,,,,,
Synth,sdl_001031.png,/home/marsi/TFM/data/gen/SD_E2_HOPE/v1_8000/sdl_001031.png,284,284,,1,melanoma,,,,train,3,1,0,,,,,,,,,,,,,,,,,,
Synth,sdl_001032.png,/home/marsi/TFM/data/gen/SD_E2_HOPE/v1_8000/sdl_001032.png,284,284,,1,melanoma,,,,train,3,1,0,,,,,,,,,,,,,,,,,,
Synth,sdl_001033.png,/home/marsi/TFM/data/gen/SD_E2_HOPE/v1_8000/sdl_001033.png,284,284,,1,melanoma,,,,train,3,1,0,,,,,,,,,,,,,,,,,,
Synth,sdl_001034.png,/home/marsi/TFM/data/gen/SD_E2_HOPE/v1_8000/sdl_001034.png,284,284,,1,melanoma,,,,train,3,1,0,,,,,,,,,,,,,,,,,,
Synth,sdl_001035.png,/home/marsi/TFM/data/gen/SD_E2_HOPE/v1_8000/sdl_001035.png,284,284,,1,melanoma,,,,train,3,1,0,,,,,,,,,,,,,,,,,,
Synth,sdl_001036.png,/home/marsi/TFM/data/gen/SD_E2_HOPE/v1_8000/sdl_001036.png,284,284,,1,melanoma,,,,train,3,1,0,,,,,,,,,,,,,,,,,,
Synth,sdl_001037.png,/home/marsi/TFM/data/gen/SD_E2_HOPE/v1_8000/sdl_001037.png,284,284,,1,melanoma,,,,train,3,1,0,,,,,,,,,,,,,,,,,,
Synth,sdl_001038.png,/home/marsi/TFM/data/gen/SD_E2_HOPE/v1_8000/sdl_001038.png,284,284,,1,melanoma,,,,train,3,1,0,,,,,,,,,,,,,,,,,,
Synth,sdl_001039.png,/home/marsi/TFM/data/gen/SD_E2_HOPE/v1_8000/sdl_001039.png,284,284,,1,melanoma,,,,train,3,1,0,,,,,,,,,,,,,,,,,,
Synth,sdl_001040.png,/home/marsi/TFM/data/gen/SD_E2_HOPE/v1_8000/sdl_001040.png,284,284,,1,melanoma,,,,train,3,1,0,,,,,,,,,,,,,,,,,,
Synth,sdl_001041.png,/home/marsi/TFM/data/gen/SD_E2_HOPE/v1_8000/sdl_001041.png,284,284,,1,melanoma,,,,train,3,1,0,,,,,,,,,,,,,,,,,,
Synth,sdl_001042.png,/home/marsi/TFM/data/gen/SD_E2_HOPE/v1_8000/sdl_001042.png,284,284,,1,melanoma,,,,train,3,1,0,,,,,,,,,,,,,,,,,,
Synth,sdl_001043.png,/home/marsi/TFM/data/gen/SD_E2_HOPE/v1_8000/sdl_001043.png,284,284,,1,melanoma,,,,train,3,1,0,,,,,,,,,,,,,,,,,,
Synth,sdl_001044.png,/home/marsi/TFM/data/gen/SD_E2_HOPE/v1_8000/sdl_001044.png,284,284,,1,melanoma,,,,train,3,1,0,,,,,,,,,,,,,,,,,,
Synth,sdl_001045.png,/home/marsi/TFM/data/gen/SD_E2_HOPE/v1_8000/sdl_001045.png,284,284,,1,melanoma,,,,train,3,1,0,,,,,,,,,,,,,,,,,,
Synth,sdl_001046.png,/home/marsi/TFM/data/gen/SD_E2_HOPE/v1_8000/sdl_001046.png,284,284,,1,melanoma,,,,train,3,1,0,,,,,,,,,,,,,,,,,,
Synth,sdl_001047.png,/home/marsi/TFM/data/gen/SD_E2_HOPE/v1_8000/sdl_001047.png,284,284,,1,melanoma,,,,train,3,1,0,,,,,,,,,,,,,,,,,,
Synth,sdl_001048.png,/home/marsi/TFM/data/gen/SD_E2_HOPE/v1_8000/sdl_001048.png,284,284,,1,melanoma,,,,train,3,1,0,,,,,,,,,,,,,,,,,,
Synth,sdl_001049.png,/home/marsi/TFM/data/gen/SD_E2_HOPE/v1_8000/sdl_001049.png,284,284,,1,melanoma,,,,train,3,1,0,,,,,,,,,,,,,,,,,,
Synth,sdl_001050.png,/home/marsi/TFM/data/gen/SD_E2_HOPE/v1_8000/sdl_001050.png,284,284,,1,melanoma,,,,train,3,1,0,,,,,,,,,,,,,,,,,,
Synth,sdl_001051.png,/home/marsi/TFM/data/gen/SD_E2_HOPE/v1_8000/sdl_001051.png,284,284,,1,melanoma,,,,train,3,1,0,,,,,,,,,,,,,,,,,,
Synth,sdl_001052.png,/home/marsi/TFM/data/gen/SD_E2_HOPE/v1_8000/sdl_001052.png,284,284,,1,melanoma,,,,train,3,1,0,,,,,,,,,,,,,,,,,,
Synth,sdl_001053.png,/home/marsi/TFM/data/gen/SD_E2_HOPE/v1_8000/sdl_001053.png,284,284,,1,melanoma,,,,train,3,1,0,,,,,,,,,,,,,,,,,,
Synth,sdl_001054.png,/home/marsi/TFM/data/gen/SD_E2_HOPE/v1_8000/sdl_001054.png,284,284,,1,melanoma,,,,train,3,1,0,,,,,,,,,,,,,,,,,,
Synth,sdl_001055.png,/home/marsi/TFM/data/gen/SD_E2_HOPE/v1_8000/sdl_001055.png,284,284,,1,melanoma,,,,train,3,1,0,,,,,,,,,,,,,,,,,,
Synth,sdl_001056.png,/home/marsi/TFM/data/gen/SD_E2_HOPE/v1_8000/sdl_001056.png,284,284,,1,melanoma,,,,train,3,1,0,,,,,,,,,,,,,,,,,,
Synth,sdl_001057.png,/home/marsi/TFM/data/gen/SD_E2_HOPE/v1_8000/sdl_001057.png,284,284,,1,melanoma,,,,train,3,1,0,,,,,,,,,,,,,,,,,,
Synth,sdl_001058.png,/home/marsi/TFM/data/gen/SD_E2_HOPE/v1_8000/sdl_001058.png,284,284,,1,melanoma,,,,train,3,1,0,,,,,,,,,,,,,,,,,,
Synth,sdl_001059.png,/home/marsi/TFM/data/gen/SD_E2_HOPE/v1_8000/sdl_001059.png,284,284,,1,melanoma,,,,train,3,1,0,,,,,,,,,,,,,,,,,,
Synth,sdl_001060.png,/home/marsi/TFM/data/gen/SD_E2_HOPE/v1_8000/sdl_001060.png,284,284,,1,melanoma,,,,train,3,1,0,,,,,,,,,,,,,,,,,,
Synth,sdl_001061.png,/home/marsi/TFM/data/gen/SD_E2_HOPE/v1_8000/sdl_001061.png,284,284,,1,melanoma,,,,train,3,1,0,,,,,,,,,,,,,,,,,,
Synth,sdl_001062.png,/home/marsi/TFM/data/gen/SD_E2_HOPE/v1_8000/sdl_001062.png,284,284,,1,melanoma,,,,train,3,1,0,,,,,,,,,,,,,,,,,,
Synth,sdl_001063.png,/home/marsi/TFM/data/gen/SD_E2_HOPE/v1_8000/sdl_001063.png,284,284,,1,melanoma,,,,train,3,1,0,,,,,,,,,,,,,,,,,,
Synth,sdl_001064.png,/home/marsi/TFM/data/gen/SD_E2_HOPE/v1_8000/sdl_001064.png,284,284,,1,melanoma,,,,train,3,1,0,,,,,,,,,,,,,,,,,,
Synth,sdl_001065.png,/home/marsi/TFM/data/gen/SD_E2_HOPE/v1_8000/sdl_001065.png,284,284,,1,melanoma,,,,train,3,1,0,,,,,,,,,,,,,,,,,,
Synth,sdl_001066.png,/home/marsi/TFM/data/gen/SD_E2_HOPE/v1_8000/sdl_001066.png,284,284,,1,melanoma,,,,train,3,1,0,,,,,,,,,,,,,,,,,,
Synth,sdl_001067.png,/home/marsi/TFM/data/gen/SD_E2_HOPE/v1_8000/sdl_001067.png,284,284,,1,melanoma,,,,train,3,1,0,,,,,,,,,,,,,,,,,,
Synth,sdl_001068.png,/home/marsi/TFM/data/gen/SD_E2_HOPE/v1_8000/sdl_001068.png,284,284,,1,melanoma,,,,train,3,1,0,,,,,,,,,,,,,,,,,,
Synth,sdl_001069.png,/home/marsi/TFM/data/gen/SD_E2_HOPE/v1_8000/sdl_001069.png,284,284,,1,melanoma,,,,train,3,1,0,,,,,,,,,,,,,,,,,,
Synth,sdl_001070.png,/home/marsi/TFM/data/gen/SD_E2_HOPE/v1_8000/sdl_001070.png,284,284,,1,melanoma,,,,train,3,1,0,,,,,,,,,,,,,,,,,,
Synth,sdl_001071.png,/home/marsi/TFM/data/gen/SD_E2_HOPE/v1_8000/sdl_001071.png,284,284,,1,melanoma,,,,train,3,1,0,,,,,,,,,,,,,,,,,,
Synth,sdl_001072.png,/home/marsi/TFM/data/gen/SD_E2_HOPE/v1_8000/sdl_001072.png,284,284,,1,melanoma,,,,train,3,1,0,,,,,,,,,,,,,,,,,,
Synth,sdl_001073.png,/home/marsi/TFM/data/gen/SD_E2_HOPE/v1_8000/sdl_001073.png,284,284,,1,melanoma,,,,train,3,1,0,,,,,,,,,,,,,,,,,,
Synth,sdl_001074.png,/home/marsi/TFM/data/gen/SD_E2_HOPE/v1_8000/sdl_001074.png,284,284,,1,melanoma,,,,train,3,1,0,,,,,,,,,,,,,,,,,,
Synth,sdl_001075.png,/home/marsi/TFM/data/gen/SD_E2_HOPE/v1_8000/sdl_001075.png,284,284,,1,melanoma,,,,train,3,1,0,,,,,,,,,,,,,,,,,,
Synth,sdl_001076.png,/home/marsi/TFM/data/gen/SD_E2_HOPE/v1_8000/sdl_001076.png,284,284,,1,melanoma,,,,train,3,1,0,,,,,,,,,,,,,,,,,,
Synth,sdl_001077.png,/home/marsi/TFM/data/gen/SD_E2_HOPE/v1_8000/sdl_001077.png,284,284,,1,melanoma,,,,train,3,1,0,,,,,,,,,,,,,,,,,,
Synth,sdl_001078.png,/home/marsi/TFM/data/gen/SD_E2_HOPE/v1_8000/sdl_001078.png,284,284,,1,melanoma,,,,train,3,1,0,,,,,,,,,,,,,,,,,,
Synth,sdl_001079.png,/home/marsi/TFM/data/gen/SD_E2_HOPE/v1_8000/sdl_001079.png,284,284,,1,melanoma,,,,train,3,1,0,,,,,,,,,,,,,,,,,,
Synth,sdl_001080.png,/home/marsi/TFM/data/gen/SD_E2_HOPE/v1_8000/sdl_001080.png,284,284,,1,melanoma,,,,train,3,1,0,,,,,,,,,,,,,,,,,,
Synth,sdl_001081.png,/home/marsi/TFM/data/gen/SD_E2_HOPE/v1_8000/sdl_001081.png,284,284,,1,melanoma,,,,train,3,1,0,,,,,,,,,,,,,,,,,,
Synth,sdl_001082.png,/home/marsi/TFM/data/gen/SD_E2_HOPE/v1_8000/sdl_001082.png,284,284,,1,melanoma,,,,train,3,1,0,,,,,,,,,,,,,,,,,,
Synth,sdl_001083.png,/home/marsi/TFM/data/gen/SD_E2_HOPE/v1_8000/sdl_001083.png,284,284,,1,melanoma,,,,train,3,1,0,,,,,,,,,,,,,,,,,,
Synth,sdl_001084.png,/home/marsi/TFM/data/gen/SD_E2_HOPE/v1_8000/sdl_001084.png,284,284,,1,melanoma,,,,train,3,1,0,,,,,,,,,,,,,,,,,,
Synth,sdl_001085.png,/home/marsi/TFM/data/gen/SD_E2_HOPE/v1_8000/sdl_001085.png,284,284,,1,melanoma,,,,train,3,1,0,,,,,,,,,,,,,,,,,,
Synth,sdl_001086.png,/home/marsi/TFM/data/gen/SD_E2_HOPE/v1_8000/sdl_001086.png,284,284,,1,melanoma,,,,train,3,1,0,,,,,,,,,,,,,,,,,,
Synth,sdl_001087.png,/home/marsi/TFM/data/gen/SD_E2_HOPE/v1_8000/sdl_001087.png,284,284,,1,melanoma,,,,train,3,1,0,,,,,,,,,,,,,,,,,,
Synth,sdl_001088.png,/home/marsi/TFM/data/gen/SD_E2_HOPE/v1_8000/sdl_001088.png,284,284,,1,melanoma,,,,train,3,1,0,,,,,,,,,,,,,,,,,,
Synth,sdl_001089.png,/home/marsi/TFM/data/gen/SD_E2_HOPE/v1_8000/sdl_001089.png,284,284,,1,melanoma,,,,train,3,1,0,,,,,,,,,,,,,,,,,,
Synth,sdl_001090.png,/home/marsi/TFM/data/gen/SD_E2_HOPE/v1_8000/sdl_001090.png,284,284,,1,melanoma,,,,train,3,1,0,,,,,,,,,,,,,,,,,,
Synth,sdl_001091.png,/home/marsi/TFM/data/gen/SD_E2_HOPE/v1_8000/sdl_001091.png,284,284,,1,melanoma,,,,train,3,1,0,,,,,,,,,,,,,,,,,,
Synth,sdl_001092.png,/home/marsi/TFM/data/gen/SD_E2_HOPE/v1_8000/sdl_001092.png,284,284,,1,melanoma,,,,train,3,1,0,,,,,,,,,,,,,,,,,,
Synth,sdl_001093.png,/home/marsi/TFM/data/gen/SD_E2_HOPE/v1_8000/sdl_001093.png,284,284,,1,melanoma,,,,train,3,1,0,,,,,,,,,,,,,,,,,,
Synth,sdl_001094.png,/home/marsi/TFM/data/gen/SD_E2_HOPE/v1_8000/sdl_001094.png,284,284,,1,melanoma,,,,train,3,1,0,,,,,,,,,,,,,,,,,,
Synth,sdl_001095.png,/home/marsi/TFM/data/gen/SD_E2_HOPE/v1_8000/sdl_001095.png,284,284,,1,melanoma,,,,train,3,1,0,,,,,,,,,,,,,,,,,,
Synth,sdl_001096.png,/home/marsi/TFM/data/gen/SD_E2_HOPE/v1_8000/sdl_001096.png,284,284,,1,melanoma,,,,train,3,1,0,,,,,,,,,,,,,,,,,,
Synth,sdl_001097.png,/home/marsi/TFM/data/gen/SD_E2_HOPE/v1_8000/sdl_001097.png,284,284,,1,melanoma,,,,train,3,1,0,,,,,,,,,,,,,,,,,,
Synth,sdl_001098.png,/home/marsi/TFM/data/gen/SD_E2_HOPE/v1_8000/sdl_001098.png,284,284,,1,melanoma,,,,train,3,1,0,,,,,,,,,,,,,,,,,,
Synth,sdl_001099.png,/home/marsi/TFM/data/gen/SD_E2_HOPE/v1_8000/sdl_001099.png,284,284,,1,melanoma,,,,train,3,1,0,,,,,,,,,,,,,,,,,,
Synth,sdl_001100.png,/home/marsi/TFM/data/gen/SD_E2_HOPE/v1_8000/sdl_001100.png,284,284,,1,melanoma,,,,train,3,1,0,,,,,,,,,,,,,,,,,,
Synth,sdl_001101.png,/home/marsi/TFM/data/gen/SD_E2_HOPE/v1_8000/sdl_001101.png,284,284,,1,melanoma,,,,train,3,1,0,,,,,,,,,,,,,,,,,,
Synth,sdl_001102.png,/home/marsi/TFM/data/gen/SD_E2_HOPE/v1_8000/sdl_001102.png,284,284,,1,melanoma,,,,train,3,1,0,,,,,,,,,,,,,,,,,,
Synth,sdl_001103.png,/home/marsi/TFM/data/gen/SD_E2_HOPE/v1_8000/sdl_001103.png,284,284,,1,melanoma,,,,train,3,1,0,,,,,,,,,,,,,,,,,,
Synth,sdl_001104.png,/home/marsi/TFM/data/gen/SD_E2_HOPE/v1_8000/sdl_001104.png,284,284,,1,melanoma,,,,train,3,1,0,,,,,,,,,,,,,,,,,,
Synth,sdl_001105.png,/home/marsi/TFM/data/gen/SD_E2_HOPE/v1_8000/sdl_001105.png,284,284,,1,melanoma,,,,train,3,1,0,,,,,,,,,,,,,,,,,,
Synth,sdl_001106.png,/home/marsi/TFM/data/gen/SD_E2_HOPE/v1_8000/sdl_001106.png,284,284,,1,melanoma,,,,train,3,1,0,,,,,,,,,,,,,,,,,,
Synth,sdl_001107.png,/home/marsi/TFM/data/gen/SD_E2_HOPE/v1_8000/sdl_001107.png,284,284,,1,melanoma,,,,train,3,1,0,,,,,,,,,,,,,,,,,,
Synth,sdl_001108.png,/home/marsi/TFM/data/gen/SD_E2_HOPE/v1_8000/sdl_001108.png,284,284,,1,melanoma,,,,train,3,1,0,,,,,,,,,,,,,,,,,,
Synth,sdl_001109.png,/home/marsi/TFM/data/gen/SD_E2_HOPE/v1_8000/sdl_001109.png,284,284,,1,melanoma,,,,train,3,1,0,,,,,,,,,,,,,,,,,,
Synth,sdl_001110.png,/home/marsi/TFM/data/gen/SD_E2_HOPE/v1_8000/sdl_001110.png,284,284,,1,melanoma,,,,train,3,1,0,,,,,,,,,,,,,,,,,,
Synth,sdl_001111.png,/home/marsi/TFM/data/gen/SD_E2_HOPE/v1_8000/sdl_001111.png,284,284,,1,melanoma,,,,train,3,1,0,,,,,,,,,,,,,,,,,,
Synth,sdl_001112.png,/home/marsi/TFM/data/gen/SD_E2_HOPE/v1_8000/sdl_001112.png,284,284,,1,melanoma,,,,train,3,1,0,,,,,,,,,,,,,,,,,,
Synth,sdl_001113.png,/home/marsi/TFM/data/gen/SD_E2_HOPE/v1_8000/sdl_001113.png,284,284,,1,melanoma,,,,train,3,1,0,,,,,,,,,,,,,,,,,,
Synth,sdl_001114.png,/home/marsi/TFM/data/gen/SD_E2_HOPE/v1_8000/sdl_001114.png,284,284,,1,melanoma,,,,train,3,1,0,,,,,,,,,,,,,,,,,,
Synth,sdl_001115.png,/home/marsi/TFM/data/gen/SD_E2_HOPE/v1_8000/sdl_001115.png,284,284,,1,melanoma,,,,train,3,1,0,,,,,,,,,,,,,,,,,,
Synth,sdl_001116.png,/home/marsi/TFM/data/gen/SD_E2_HOPE/v1_8000/sdl_001116.png,284,284,,1,melanoma,,,,train,3,1,0,,,,,,,,,,,,,,,,,,
Synth,sdl_001117.png,/home/marsi/TFM/data/gen/SD_E2_HOPE/v1_8000/sdl_001117.png,284,284,,1,melanoma,,,,train,3,1,0,,,,,,,,,,,,,,,,,,
Synth,sdl_001118.png,/home/marsi/TFM/data/gen/SD_E2_HOPE/v1_8000/sdl_001118.png,284,284,,1,melanoma,,,,train,3,1,0,,,,,,,,,,,,,,,,,,
Synth,sdl_001119.png,/home/marsi/TFM/data/gen/SD_E2_HOPE/v1_8000/sdl_001119.png,284,284,,1,melanoma,,,,train,3,1,0,,,,,,,,,,,,,,,,,,
Synth,sdl_001120.png,/home/marsi/TFM/data/gen/SD_E2_HOPE/v1_8000/sdl_001120.png,284,284,,1,melanoma,,,,train,3,1,0,,,,,,,,,,,,,,,,,,
Synth,sdl_001121.png,/home/marsi/TFM/data/gen/SD_E2_HOPE/v1_8000/sdl_001121.png,284,284,,1,melanoma,,,,train,3,1,0,,,,,,,,,,,,,,,,,,
Synth,sdl_001122.png,/home/marsi/TFM/data/gen/SD_E2_HOPE/v1_8000/sdl_001122.png,284,284,,1,melanoma,,,,train,3,1,0,,,,,,,,,,,,,,,,,,
Synth,sdl_001123.png,/home/marsi/TFM/data/gen/SD_E2_HOPE/v1_8000/sdl_001123.png,284,284,,1,melanoma,,,,train,3,1,0,,,,,,,,,,,,,,,,,,
Synth,sdl_001124.png,/home/marsi/TFM/data/gen/SD_E2_HOPE/v1_8000/sdl_001124.png,284,284,,1,melanoma,,,,train,3,1,0,,,,,,,,,,,,,,,,,,
Synth,sdl_001125.png,/home/marsi/TFM/data/gen/SD_E2_HOPE/v1_8000/sdl_001125.png,284,284,,1,melanoma,,,,train,3,1,0,,,,,,,,,,,,,,,,,,
Synth,sdl_001126.png,/home/marsi/TFM/data/gen/SD_E2_HOPE/v1_8000/sdl_001126.png,284,284,,1,melanoma,,,,train,3,1,0,,,,,,,,,,,,,,,,,,
Synth,sdl_001127.png,/home/marsi/TFM/data/gen/SD_E2_HOPE/v1_8000/sdl_001127.png,284,284,,1,melanoma,,,,train,3,1,0,,,,,,,,,,,,,,,,,,
Synth,sdl_001128.png,/home/marsi/TFM/data/gen/SD_E2_HOPE/v1_8000/sdl_001128.png,284,284,,1,melanoma,,,,train,3,1,0,,,,,,,,,,,,,,,,,,
Synth,sdl_001129.png,/home/marsi/TFM/data/gen/SD_E2_HOPE/v1_8000/sdl_001129.png,284,284,,1,melanoma,,,,train,3,1,0,,,,,,,,,,,,,,,,,,
Synth,sdl_001130.png,/home/marsi/TFM/data/gen/SD_E2_HOPE/v1_8000/sdl_001130.png,284,284,,1,melanoma,,,,train,3,1,0,,,,,,,,,,,,,,,,,,
Synth,sdl_001131.png,/home/marsi/TFM/data/gen/SD_E2_HOPE/v1_8000/sdl_001131.png,284,284,,1,melanoma,,,,train,3,1,0,,,,,,,,,,,,,,,,,,
Synth,sdl_001132.png,/home/marsi/TFM/data/gen/SD_E2_HOPE/v1_8000/sdl_001132.png,284,284,,1,melanoma,,,,train,3,1,0,,,,,,,,,,,,,,,,,,
Synth,sdl_001133.png,/home/marsi/TFM/data/gen/SD_E2_HOPE/v1_8000/sdl_001133.png,284,284,,1,melanoma,,,,train,3,1,0,,,,,,,,,,,,,,,,,,
Synth,sdl_001134.png,/home/marsi/TFM/data/gen/SD_E2_HOPE/v1_8000/sdl_001134.png,284,284,,1,melanoma,,,,train,3,1,0,,,,,,,,,,,,,,,,,,
Synth,sdl_001135.png,/home/marsi/TFM/data/gen/SD_E2_HOPE/v1_8000/sdl_001135.png,284,284,,1,melanoma,,,,train,3,1,0,,,,,,,,,,,,,,,,,,
Synth,sdl_001136.png,/home/marsi/TFM/data/gen/SD_E2_HOPE/v1_8000/sdl_001136.png,284,284,,1,melanoma,,,,train,3,1,0,,,,,,,,,,,,,,,,,,
Synth,sdl_001137.png,/home/marsi/TFM/data/gen/SD_E2_HOPE/v1_8000/sdl_001137.png,284,284,,1,melanoma,,,,train,3,1,0,,,,,,,,,,,,,,,,,,
Synth,sdl_001138.png,/home/marsi/TFM/data/gen/SD_E2_HOPE/v1_8000/sdl_001138.png,284,284,,1,melanoma,,,,train,3,1,0,,,,,,,,,,,,,,,,,,
Synth,sdl_001139.png,/home/marsi/TFM/data/gen/SD_E2_HOPE/v1_8000/sdl_001139.png,284,284,,1,melanoma,,,,train,3,1,0,,,,,,,,,,,,,,,,,,
Synth,sdl_001140.png,/home/marsi/TFM/data/gen/SD_E2_HOPE/v1_8000/sdl_001140.png,284,284,,1,melanoma,,,,train,3,1,0,,,,,,,,,,,,,,,,,,
Synth,sdl_001141.png,/home/marsi/TFM/data/gen/SD_E2_HOPE/v1_8000/sdl_001141.png,284,284,,1,melanoma,,,,train,3,1,0,,,,,,,,,,,,,,,,,,
Synth,sdl_001142.png,/home/marsi/TFM/data/gen/SD_E2_HOPE/v1_8000/sdl_001142.png,284,284,,1,melanoma,,,,train,3,1,0,,,,,,,,,,,,,,,,,,
Synth,sdl_001143.png,/home/marsi/TFM/data/gen/SD_E2_HOPE/v1_8000/sdl_001143.png,284,284,,1,melanoma,,,,train,3,1,0,,,,,,,,,,,,,,,,,,
Synth,sdl_001144.png,/home/marsi/TFM/data/gen/SD_E2_HOPE/v1_8000/sdl_001144.png,284,284,,1,melanoma,,,,train,3,1,0,,,,,,,,,,,,,,,,,,
Synth,sdl_001145.png,/home/marsi/TFM/data/gen/SD_E2_HOPE/v1_8000/sdl_001145.png,284,284,,1,melanoma,,,,train,3,1,0,,,,,,,,,,,,,,,,,,
Synth,sdl_001146.png,/home/marsi/TFM/data/gen/SD_E2_HOPE/v1_8000/sdl_001146.png,284,284,,1,melanoma,,,,train,3,1,0,,,,,,,,,,,,,,,,,,
Synth,sdl_001147.png,/home/marsi/TFM/data/gen/SD_E2_HOPE/v1_8000/sdl_001147.png,284,284,,1,melanoma,,,,train,3,1,0,,,,,,,,,,,,,,,,,,
Synth,sdl_001148.png,/home/marsi/TFM/data/gen/SD_E2_HOPE/v1_8000/sdl_001148.png,284,284,,1,melanoma,,,,train,3,1,0,,,,,,,,,,,,,,,,,,
Synth,sdl_001149.png,/home/marsi/TFM/data/gen/SD_E2_HOPE/v1_8000/sdl_001149.png,284,284,,1,melanoma,,,,train,3,1,0,,,,,,,,,,,,,,,,,,
Synth,sdl_001150.png,/home/marsi/TFM/data/gen/SD_E2_HOPE/v1_8000/sdl_001150.png,284,284,,1,melanoma,,,,train,3,1,0,,,,,,,,,,,,,,,,,,
Synth,sdl_001151.png,/home/marsi/TFM/data/gen/SD_E2_HOPE/v1_8000/sdl_001151.png,284,284,,1,melanoma,,,,train,3,1,0,,,,,,,,,,,,,,,,,,
Synth,sdl_001152.png,/home/marsi/TFM/data/gen/SD_E2_HOPE/v1_8000/sdl_001152.png,284,284,,1,melanoma,,,,train,3,1,0,,,,,,,,,,,,,,,,,,
Synth,sdl_001153.png,/home/marsi/TFM/data/gen/SD_E2_HOPE/v1_8000/sdl_001153.png,284,284,,1,melanoma,,,,train,3,1,0,,,,,,,,,,,,,,,,,,
Synth,sdl_001154.png,/home/marsi/TFM/data/gen/SD_E2_HOPE/v1_8000/sdl_001154.png,284,284,,1,melanoma,,,,train,3,1,0,,,,,,,,,,,,,,,,,,
Synth,sdl_001155.png,/home/marsi/TFM/data/gen/SD_E2_HOPE/v1_8000/sdl_001155.png,284,284,,1,melanoma,,,,train,3,1,0,,,,,,,,,,,,,,,,,,
Synth,sdl_001156.png,/home/marsi/TFM/data/gen/SD_E2_HOPE/v1_8000/sdl_001156.png,284,284,,1,melanoma,,,,train,3,1,0,,,,,,,,,,,,,,,,,,
Synth,sdl_001157.png,/home/marsi/TFM/data/gen/SD_E2_HOPE/v1_8000/sdl_001157.png,284,284,,1,melanoma,,,,train,3,1,0,,,,,,,,,,,,,,,,,,
Synth,sdl_001158.png,/home/marsi/TFM/data/gen/SD_E2_HOPE/v1_8000/sdl_001158.png,284,284,,1,melanoma,,,,train,3,1,0,,,,,,,,,,,,,,,,,,
Synth,sdl_001159.png,/home/marsi/TFM/data/gen/SD_E2_HOPE/v1_8000/sdl_001159.png,284,284,,1,melanoma,,,,train,3,1,0,,,,,,,,,,,,,,,,,,
Synth,sdl_001160.png,/home/marsi/TFM/data/gen/SD_E2_HOPE/v1_8000/sdl_001160.png,284,284,,1,melanoma,,,,train,3,1,0,,,,,,,,,,,,,,,,,,
Synth,sdl_001161.png,/home/marsi/TFM/data/gen/SD_E2_HOPE/v1_8000/sdl_001161.png,284,284,,1,melanoma,,,,train,3,1,0,,,,,,,,,,,,,,,,,,
Synth,sdl_001162.png,/home/marsi/TFM/data/gen/SD_E2_HOPE/v1_8000/sdl_001162.png,284,284,,1,melanoma,,,,train,3,1,0,,,,,,,,,,,,,,,,,,
Synth,sdl_001163.png,/home/marsi/TFM/data/gen/SD_E2_HOPE/v1_8000/sdl_001163.png,284,284,,1,melanoma,,,,train,3,1,0,,,,,,,,,,,,,,,,,,
Synth,sdl_001164.png,/home/marsi/TFM/data/gen/SD_E2_HOPE/v1_8000/sdl_001164.png,284,284,,1,melanoma,,,,train,3,1,0,,,,,,,,,,,,,,,,,,
Synth,sdl_001165.png,/home/marsi/TFM/data/gen/SD_E2_HOPE/v1_8000/sdl_001165.png,284,284,,1,melanoma,,,,train,3,1,0,,,,,,,,,,,,,,,,,,
Synth,sdl_001166.png,/home/marsi/TFM/data/gen/SD_E2_HOPE/v1_8000/sdl_001166.png,284,284,,1,melanoma,,,,train,3,1,0,,,,,,,,,,,,,,,,,,
Synth,sdl_001167.png,/home/marsi/TFM/data/gen/SD_E2_HOPE/v1_8000/sdl_001167.png,284,284,,1,melanoma,,,,train,3,1,0,,,,,,,,,,,,,,,,,,
Synth,sdl_001168.png,/home/marsi/TFM/data/gen/SD_E2_HOPE/v1_8000/sdl_001168.png,284,284,,1,melanoma,,,,train,3,1,0,,,,,,,,,,,,,,,,,,
Synth,sdl_001169.png,/home/marsi/TFM/data/gen/SD_E2_HOPE/v1_8000/sdl_001169.png,284,284,,1,melanoma,,,,train,3,1,0,,,,,,,,,,,,,,,,,,
Synth,sdl_001170.png,/home/marsi/TFM/data/gen/SD_E2_HOPE/v1_8000/sdl_001170.png,284,284,,1,melanoma,,,,train,3,1,0,,,,,,,,,,,,,,,,,,
Synth,sdl_001171.png,/home/marsi/TFM/data/gen/SD_E2_HOPE/v1_8000/sdl_001171.png,284,284,,1,melanoma,,,,train,3,1,0,,,,,,,,,,,,,,,,,,
Synth,sdl_001172.png,/home/marsi/TFM/data/gen/SD_E2_HOPE/v1_8000/sdl_001172.png,284,284,,1,melanoma,,,,train,3,1,0,,,,,,,,,,,,,,,,,,
Synth,sdl_001173.png,/home/marsi/TFM/data/gen/SD_E2_HOPE/v1_8000/sdl_001173.png,284,284,,1,melanoma,,,,train,3,1,0,,,,,,,,,,,,,,,,,,
Synth,sdl_001174.png,/home/marsi/TFM/data/gen/SD_E2_HOPE/v1_8000/sdl_001174.png,284,284,,1,melanoma,,,,train,3,1,0,,,,,,,,,,,,,,,,,,
Synth,sdl_001175.png,/home/marsi/TFM/data/gen/SD_E2_HOPE/v1_8000/sdl_001175.png,284,284,,1,melanoma,,,,train,3,1,0,,,,,,,,,,,,,,,,,,
Synth,sdl_001176.png,/home/marsi/TFM/data/gen/SD_E2_HOPE/v1_8000/sdl_001176.png,284,284,,1,melanoma,,,,train,3,1,0,,,,,,,,,,,,,,,,,,
Synth,sdl_001177.png,/home/marsi/TFM/data/gen/SD_E2_HOPE/v1_8000/sdl_001177.png,284,284,,1,melanoma,,,,train,3,1,0,,,,,,,,,,,,,,,,,,
Synth,sdl_001178.png,/home/marsi/TFM/data/gen/SD_E2_HOPE/v1_8000/sdl_001178.png,284,284,,1,melanoma,,,,train,3,1,0,,,,,,,,,,,,,,,,,,
Synth,sdl_001179.png,/home/marsi/TFM/data/gen/SD_E2_HOPE/v1_8000/sdl_001179.png,284,284,,1,melanoma,,,,train,3,1,0,,,,,,,,,,,,,,,,,,
Synth,sdl_001180.png,/home/marsi/TFM/data/gen/SD_E2_HOPE/v1_8000/sdl_001180.png,284,284,,1,melanoma,,,,train,3,1,0,,,,,,,,,,,,,,,,,,
Synth,sdl_001181.png,/home/marsi/TFM/data/gen/SD_E2_HOPE/v1_8000/sdl_001181.png,284,284,,1,melanoma,,,,train,3,1,0,,,,,,,,,,,,,,,,,,
Synth,sdl_001182.png,/home/marsi/TFM/data/gen/SD_E2_HOPE/v1_8000/sdl_001182.png,284,284,,1,melanoma,,,,train,3,1,0,,,,,,,,,,,,,,,,,,
Synth,sdl_001183.png,/home/marsi/TFM/data/gen/SD_E2_HOPE/v1_8000/sdl_001183.png,284,284,,1,melanoma,,,,train,3,1,0,,,,,,,,,,,,,,,,,,
Synth,sdl_001184.png,/home/marsi/TFM/data/gen/SD_E2_HOPE/v1_8000/sdl_001184.png,284,284,,1,melanoma,,,,train,3,1,0,,,,,,,,,,,,,,,,,,
Synth,sdl_001185.png,/home/marsi/TFM/data/gen/SD_E2_HOPE/v1_8000/sdl_001185.png,284,284,,1,melanoma,,,,train,3,1,0,,,,,,,,,,,,,,,,,,
Synth,sdl_001186.png,/home/marsi/TFM/data/gen/SD_E2_HOPE/v1_8000/sdl_001186.png,284,284,,1,melanoma,,,,train,3,1,0,,,,,,,,,,,,,,,,,,
Synth,sdl_001187.png,/home/marsi/TFM/data/gen/SD_E2_HOPE/v1_8000/sdl_001187.png,284,284,,1,melanoma,,,,train,3,1,0,,,,,,,,,,,,,,,,,,
Synth,sdl_001188.png,/home/marsi/TFM/data/gen/SD_E2_HOPE/v1_8000/sdl_001188.png,284,284,,1,melanoma,,,,train,3,1,0,,,,,,,,,,,,,,,,,,
Synth,sdl_001189.png,/home/marsi/TFM/data/gen/SD_E2_HOPE/v1_8000/sdl_001189.png,284,284,,1,melanoma,,,,train,3,1,0,,,,,,,,,,,,,,,,,,
Synth,sdl_001190.png,/home/marsi/TFM/data/gen/SD_E2_HOPE/v1_8000/sdl_001190.png,284,284,,1,melanoma,,,,train,3,1,0,,,,,,,,,,,,,,,,,,
Synth,sdl_001191.png,/home/marsi/TFM/data/gen/SD_E2_HOPE/v1_8000/sdl_001191.png,284,284,,1,melanoma,,,,train,3,1,0,,,,,,,,,,,,,,,,,,
Synth,sdl_001192.png,/home/marsi/TFM/data/gen/SD_E2_HOPE/v1_8000/sdl_001192.png,284,284,,1,melanoma,,,,train,3,1,0,,,,,,,,,,,,,,,,,,
Synth,sdl_001193.png,/home/marsi/TFM/data/gen/SD_E2_HOPE/v1_8000/sdl_001193.png,284,284,,1,melanoma,,,,train,3,1,0,,,,,,,,,,,,,,,,,,
Synth,sdl_001194.png,/home/marsi/TFM/data/gen/SD_E2_HOPE/v1_8000/sdl_001194.png,284,284,,1,melanoma,,,,train,3,1,0,,,,,,,,,,,,,,,,,,
Synth,sdl_001195.png,/home/marsi/TFM/data/gen/SD_E2_HOPE/v1_8000/sdl_001195.png,284,284,,1,melanoma,,,,train,3,1,0,,,,,,,,,,,,,,,,,,
Synth,sdl_001196.png,/home/marsi/TFM/data/gen/SD_E2_HOPE/v1_8000/sdl_001196.png,284,284,,1,melanoma,,,,train,3,1,0,,,,,,,,,,,,,,,,,,
Synth,sdl_001197.png,/home/marsi/TFM/data/gen/SD_E2_HOPE/v1_8000/sdl_001197.png,284,284,,1,melanoma,,,,train,3,1,0,,,,,,,,,,,,,,,,,,
Synth,sdl_001198.png,/home/marsi/TFM/data/gen/SD_E2_HOPE/v1_8000/sdl_001198.png,284,284,,1,melanoma,,,,train,3,1,0,,,,,,,,,,,,,,,,,,
Synth,sdl_001199.png,/home/marsi/TFM/data/gen/SD_E2_HOPE/v1_8000/sdl_001199.png,284,284,,1,melanoma,,,,train,3,1,0,,,,,,,,,,,,,,,,,,
Synth,sdl_001200.png,/home/marsi/TFM/data/gen/SD_E2_HOPE/v1_8000/sdl_001200.png,284,284,,1,melanoma,,,,train,3,1,0,,,,,,,,,,,,,,,,,,
Synth,sdl_001201.png,/home/marsi/TFM/data/gen/SD_E2_HOPE/v1_8000/sdl_001201.png,284,284,,1,melanoma,,,,train,3,1,0,,,,,,,,,,,,,,,,,,
Synth,sdl_001202.png,/home/marsi/TFM/data/gen/SD_E2_HOPE/v1_8000/sdl_001202.png,284,284,,1,melanoma,,,,train,3,1,0,,,,,,,,,,,,,,,,,,
Synth,sdl_001203.png,/home/marsi/TFM/data/gen/SD_E2_HOPE/v1_8000/sdl_001203.png,284,284,,1,melanoma,,,,train,3,1,0,,,,,,,,,,,,,,,,,,
Synth,sdl_001204.png,/home/marsi/TFM/data/gen/SD_E2_HOPE/v1_8000/sdl_001204.png,284,284,,1,melanoma,,,,train,3,1,0,,,,,,,,,,,,,,,,,,
Synth,sdl_001205.png,/home/marsi/TFM/data/gen/SD_E2_HOPE/v1_8000/sdl_001205.png,284,284,,1,melanoma,,,,train,3,1,0,,,,,,,,,,,,,,,,,,
Synth,sdl_001206.png,/home/marsi/TFM/data/gen/SD_E2_HOPE/v1_8000/sdl_001206.png,284,284,,1,melanoma,,,,train,3,1,0,,,,,,,,,,,,,,,,,,
Synth,sdl_001207.png,/home/marsi/TFM/data/gen/SD_E2_HOPE/v1_8000/sdl_001207.png,284,284,,1,melanoma,,,,train,3,1,0,,,,,,,,,,,,,,,,,,
Synth,sdl_001208.png,/home/marsi/TFM/data/gen/SD_E2_HOPE/v1_8000/sdl_001208.png,284,284,,1,melanoma,,,,train,3,1,0,,,,,,,,,,,,,,,,,,
Synth,sdl_001209.png,/home/marsi/TFM/data/gen/SD_E2_HOPE/v1_8000/sdl_001209.png,284,284,,1,melanoma,,,,train,3,1,0,,,,,,,,,,,,,,,,,,
Synth,sdl_001210.png,/home/marsi/TFM/data/gen/SD_E2_HOPE/v1_8000/sdl_001210.png,284,284,,1,melanoma,,,,train,3,1,0,,,,,,,,,,,,,,,,,,
Synth,sdl_001211.png,/home/marsi/TFM/data/gen/SD_E2_HOPE/v1_8000/sdl_001211.png,284,284,,1,melanoma,,,,train,3,1,0,,,,,,,,,,,,,,,,,,
Synth,sdl_001212.png,/home/marsi/TFM/data/gen/SD_E2_HOPE/v1_8000/sdl_001212.png,284,284,,1,melanoma,,,,train,3,1,0,,,,,,,,,,,,,,,,,,
Synth,sdl_001213.png,/home/marsi/TFM/data/gen/SD_E2_HOPE/v1_8000/sdl_001213.png,284,284,,1,melanoma,,,,train,3,1,0,,,,,,,,,,,,,,,,,,
Synth,sdl_001214.png,/home/marsi/TFM/data/gen/SD_E2_HOPE/v1_8000/sdl_001214.png,284,284,,1,melanoma,,,,train,3,1,0,,,,,,,,,,,,,,,,,,
Synth,sdl_001215.png,/home/marsi/TFM/data/gen/SD_E2_HOPE/v1_8000/sdl_001215.png,284,284,,1,melanoma,,,,train,3,1,0,,,,,,,,,,,,,,,,,,
Synth,sdl_001216.png,/home/marsi/TFM/data/gen/SD_E2_HOPE/v1_8000/sdl_001216.png,284,284,,1,melanoma,,,,train,3,1,0,,,,,,,,,,,,,,,,,,
Synth,sdl_001217.png,/home/marsi/TFM/data/gen/SD_E2_HOPE/v1_8000/sdl_001217.png,284,284,,1,melanoma,,,,train,3,1,0,,,,,,,,,,,,,,,,,,
Synth,sdl_001218.png,/home/marsi/TFM/data/gen/SD_E2_HOPE/v1_8000/sdl_001218.png,284,284,,1,melanoma,,,,train,3,1,0,,,,,,,,,,,,,,,,,,
Synth,sdl_001219.png,/home/marsi/TFM/data/gen/SD_E2_HOPE/v1_8000/sdl_001219.png,284,284,,1,melanoma,,,,train,3,1,0,,,,,,,,,,,,,,,,,,
Synth,sdl_001220.png,/home/marsi/TFM/data/gen/SD_E2_HOPE/v1_8000/sdl_001220.png,284,284,,1,melanoma,,,,train,3,1,0,,,,,,,,,,,,,,,,,,
Synth,sdl_001221.png,/home/marsi/TFM/data/gen/SD_E2_HOPE/v1_8000/sdl_001221.png,284,284,,1,melanoma,,,,train,3,1,0,,,,,,,,,,,,,,,,,,
Synth,sdl_001222.png,/home/marsi/TFM/data/gen/SD_E2_HOPE/v1_8000/sdl_001222.png,284,284,,1,melanoma,,,,train,3,1,0,,,,,,,,,,,,,,,,,,
Synth,sdl_001223.png,/home/marsi/TFM/data/gen/SD_E2_HOPE/v1_8000/sdl_001223.png,284,284,,1,melanoma,,,,train,3,1,0,,,,,,,,,,,,,,,,,,
Synth,sdl_001224.png,/home/marsi/TFM/data/gen/SD_E2_HOPE/v1_8000/sdl_001224.png,284,284,,1,melanoma,,,,train,3,1,0,,,,,,,,,,,,,,,,,,
Synth,sdl_001225.png,/home/marsi/TFM/data/gen/SD_E2_HOPE/v1_8000/sdl_001225.png,284,284,,1,melanoma,,,,train,3,1,0,,,,,,,,,,,,,,,,,,
Synth,sdl_001226.png,/home/marsi/TFM/data/gen/SD_E2_HOPE/v1_8000/sdl_001226.png,284,284,,1,melanoma,,,,train,3,1,0,,,,,,,,,,,,,,,,,,
Synth,sdl_001227.png,/home/marsi/TFM/data/gen/SD_E2_HOPE/v1_8000/sdl_001227.png,284,284,,1,melanoma,,,,train,3,1,0,,,,,,,,,,,,,,,,,,
Synth,sdl_001228.png,/home/marsi/TFM/data/gen/SD_E2_HOPE/v1_8000/sdl_001228.png,284,284,,1,melanoma,,,,train,3,1,0,,,,,,,,,,,,,,,,,,
Synth,sdl_001229.png,/home/marsi/TFM/data/gen/SD_E2_HOPE/v1_8000/sdl_001229.png,284,284,,1,melanoma,,,,train,3,1,0,,,,,,,,,,,,,,,,,,
Synth,sdl_001230.png,/home/marsi/TFM/data/gen/SD_E2_HOPE/v1_8000/sdl_001230.png,284,284,,1,melanoma,,,,train,3,1,0,,,,,,,,,,,,,,,,,,
Synth,sdl_001231.png,/home/marsi/TFM/data/gen/SD_E2_HOPE/v1_8000/sdl_001231.png,284,284,,1,melanoma,,,,train,3,1,0,,,,,,,,,,,,,,,,,,
Synth,sdl_001232.png,/home/marsi/TFM/data/gen/SD_E2_HOPE/v1_8000/sdl_001232.png,284,284,,1,melanoma,,,,train,3,1,0,,,,,,,,,,,,,,,,,,
Synth,sdl_001233.png,/home/marsi/TFM/data/gen/SD_E2_HOPE/v1_8000/sdl_001233.png,284,284,,1,melanoma,,,,train,3,1,0,,,,,,,,,,,,,,,,,,
Synth,sdl_001234.png,/home/marsi/TFM/data/gen/SD_E2_HOPE/v1_8000/sdl_001234.png,284,284,,1,melanoma,,,,train,3,1,0,,,,,,,,,,,,,,,,,,
Synth,sdl_001235.png,/home/marsi/TFM/data/gen/SD_E2_HOPE/v1_8000/sdl_001235.png,284,284,,1,melanoma,,,,train,3,1,0,,,,,,,,,,,,,,,,,,
Synth,sdl_001236.png,/home/marsi/TFM/data/gen/SD_E2_HOPE/v1_8000/sdl_001236.png,284,284,,1,melanoma,,,,train,3,1,0,,,,,,,,,,,,,,,,,,
Synth,sdl_001237.png,/home/marsi/TFM/data/gen/SD_E2_HOPE/v1_8000/sdl_001237.png,284,284,,1,melanoma,,,,train,3,1,0,,,,,,,,,,,,,,,,,,
Synth,sdl_001238.png,/home/marsi/TFM/data/gen/SD_E2_HOPE/v1_8000/sdl_001238.png,284,284,,1,melanoma,,,,train,3,1,0,,,,,,,,,,,,,,,,,,
Synth,sdl_001239.png,/home/marsi/TFM/data/gen/SD_E2_HOPE/v1_8000/sdl_001239.png,284,284,,1,melanoma,,,,train,3,1,0,,,,,,,,,,,,,,,,,,
Synth,sdl_001240.png,/home/marsi/TFM/data/gen/SD_E2_HOPE/v1_8000/sdl_001240.png,284,284,,1,melanoma,,,,train,3,1,0,,,,,,,,,,,,,,,,,,
Synth,sdl_001241.png,/home/marsi/TFM/data/gen/SD_E2_HOPE/v1_8000/sdl_001241.png,284,284,,1,melanoma,,,,train,3,1,0,,,,,,,,,,,,,,,,,,
Synth,sdl_001242.png,/home/marsi/TFM/data/gen/SD_E2_HOPE/v1_8000/sdl_001242.png,284,284,,1,melanoma,,,,train,3,1,0,,,,,,,,,,,,,,,,,,
Synth,sdl_001243.png,/home/marsi/TFM/data/gen/SD_E2_HOPE/v1_8000/sdl_001243.png,284,284,,1,melanoma,,,,train,3,1,0,,,,,,,,,,,,,,,,,,
Synth,sdl_001244.png,/home/marsi/TFM/data/gen/SD_E2_HOPE/v1_8000/sdl_001244.png,284,284,,1,melanoma,,,,train,3,1,0,,,,,,,,,,,,,,,,,,
Synth,sdl_001245.png,/home/marsi/TFM/data/gen/SD_E2_HOPE/v1_8000/sdl_001245.png,284,284,,1,melanoma,,,,train,3,1,0,,,,,,,,,,,,,,,,,,
Synth,sdl_001246.png,/home/marsi/TFM/data/gen/SD_E2_HOPE/v1_8000/sdl_001246.png,284,284,,1,melanoma,,,,train,3,1,0,,,,,,,,,,,,,,,,,,
Synth,sdl_001247.png,/home/marsi/TFM/data/gen/SD_E2_HOPE/v1_8000/sdl_001247.png,284,284,,1,melanoma,,,,train,3,1,0,,,,,,,,,,,,,,,,,,
Synth,sdl_001248.png,/home/marsi/TFM/data/gen/SD_E2_HOPE/v1_8000/sdl_001248.png,284,284,,1,melanoma,,,,train,3,1,0,,,,,,,,,,,,,,,,,,
Synth,sdl_001249.png,/home/marsi/TFM/data/gen/SD_E2_HOPE/v1_8000/sdl_001249.png,284,284,,1,melanoma,,,,train,3,1,0,,,,,,,,,,,,,,,,,,
Synth,sdl_001250.png,/home/marsi/TFM/data/gen/SD_E2_HOPE/v1_8000/sdl_001250.png,284,284,,1,melanoma,,,,train,3,1,0,,,,,,,,,,,,,,,,,,
Synth,sdl_001251.png,/home/marsi/TFM/data/gen/SD_E2_HOPE/v1_8000/sdl_001251.png,284,284,,1,melanoma,,,,train,3,1,0,,,,,,,,,,,,,,,,,,
Synth,sdl_001252.png,/home/marsi/TFM/data/gen/SD_E2_HOPE/v1_8000/sdl_001252.png,284,284,,1,melanoma,,,,train,3,1,0,,,,,,,,,,,,,,,,,,
Synth,sdl_001253.png,/home/marsi/TFM/data/gen/SD_E2_HOPE/v1_8000/sdl_001253.png,284,284,,1,melanoma,,,,train,3,1,0,,,,,,,,,,,,,,,,,,
Synth,sdl_001254.png,/home/marsi/TFM/data/gen/SD_E2_HOPE/v1_8000/sdl_001254.png,284,284,,1,melanoma,,,,train,3,1,0,,,,,,,,,,,,,,,,,,
Synth,sdl_001255.png,/home/marsi/TFM/data/gen/SD_E2_HOPE/v1_8000/sdl_001255.png,284,284,,1,melanoma,,,,train,3,1,0,,,,,,,,,,,,,,,,,,
Synth,sdl_001256.png,/home/marsi/TFM/data/gen/SD_E2_HOPE/v1_8000/sdl_001256.png,284,284,,1,melanoma,,,,train,3,1,0,,,,,,,,,,,,,,,,,,
Synth,sdl_001257.png,/home/marsi/TFM/data/gen/SD_E2_HOPE/v1_8000/sdl_001257.png,284,284,,1,melanoma,,,,train,3,1,0,,,,,,,,,,,,,,,,,,
Synth,sdl_001258.png,/home/marsi/TFM/data/gen/SD_E2_HOPE/v1_8000/sdl_001258.png,284,284,,1,melanoma,,,,train,3,1,0,,,,,,,,,,,,,,,,,,
Synth,sdl_001259.png,/home/marsi/TFM/data/gen/SD_E2_HOPE/v1_8000/sdl_001259.png,284,284,,1,melanoma,,,,train,3,1,0,,,,,,,,,,,,,,,,,,
Synth,sdl_001260.png,/home/marsi/TFM/data/gen/SD_E2_HOPE/v1_8000/sdl_001260.png,284,284,,1,melanoma,,,,train,3,1,0,,,,,,,,,,,,,,,,,,
Synth,sdl_001261.png,/home/marsi/TFM/data/gen/SD_E2_HOPE/v1_8000/sdl_001261.png,284,284,,1,melanoma,,,,train,3,1,0,,,,,,,,,,,,,,,,,,
Synth,sdl_001262.png,/home/marsi/TFM/data/gen/SD_E2_HOPE/v1_8000/sdl_001262.png,284,284,,1,melanoma,,,,train,3,1,0,,,,,,,,,,,,,,,,,,
Synth,sdl_001263.png,/home/marsi/TFM/data/gen/SD_E2_HOPE/v1_8000/sdl_001263.png,284,284,,1,melanoma,,,,train,3,1,0,,,,,,,,,,,,,,,,,,
Synth,sdl_001264.png,/home/marsi/TFM/data/gen/SD_E2_HOPE/v1_8000/sdl_001264.png,284,284,,1,melanoma,,,,train,3,1,0,,,,,,,,,,,,,,,,,,
Synth,sdl_001265.png,/home/marsi/TFM/data/gen/SD_E2_HOPE/v1_8000/sdl_001265.png,284,284,,1,melanoma,,,,train,3,1,0,,,,,,,,,,,,,,,,,,
Synth,sdl_001266.png,/home/marsi/TFM/data/gen/SD_E2_HOPE/v1_8000/sdl_001266.png,284,284,,1,melanoma,,,,train,3,1,0,,,,,,,,,,,,,,,,,,
Synth,sdl_001267.png,/home/marsi/TFM/data/gen/SD_E2_HOPE/v1_8000/sdl_001267.png,284,284,,1,melanoma,,,,train,3,1,0,,,,,,,,,,,,,,,,,,
Synth,sdl_001268.png,/home/marsi/TFM/data/gen/SD_E2_HOPE/v1_8000/sdl_001268.png,284,284,,1,melanoma,,,,train,3,1,0,,,,,,,,,,,,,,,,,,
Synth,sdl_001269.png,/home/marsi/TFM/data/gen/SD_E2_HOPE/v1_8000/sdl_001269.png,284,284,,1,melanoma,,,,train,3,1,0,,,,,,,,,,,,,,,,,,
Synth,sdl_001270.png,/home/marsi/TFM/data/gen/SD_E2_HOPE/v1_8000/sdl_001270.png,284,284,,1,melanoma,,,,train,3,1,0,,,,,,,,,,,,,,,,,,
Synth,sdl_001271.png,/home/marsi/TFM/data/gen/SD_E2_HOPE/v1_8000/sdl_001271.png,284,284,,1,melanoma,,,,train,3,1,0,,,,,,,,,,,,,,,,,,
Synth,sdl_001272.png,/home/marsi/TFM/data/gen/SD_E2_HOPE/v1_8000/sdl_001272.png,284,284,,1,melanoma,,,,train,3,1,0,,,,,,,,,,,,,,,,,,
Synth,sdl_001273.png,/home/marsi/TFM/data/gen/SD_E2_HOPE/v1_8000/sdl_001273.png,284,284,,1,melanoma,,,,train,3,1,0,,,,,,,,,,,,,,,,,,
Synth,sdl_001274.png,/home/marsi/TFM/data/gen/SD_E2_HOPE/v1_8000/sdl_001274.png,284,284,,1,melanoma,,,,train,3,1,0,,,,,,,,,,,,,,,,,,
Synth,sdl_001275.png,/home/marsi/TFM/data/gen/SD_E2_HOPE/v1_8000/sdl_001275.png,284,284,,1,melanoma,,,,train,3,1,0,,,,,,,,,,,,,,,,,,
Synth,sdl_001276.png,/home/marsi/TFM/data/gen/SD_E2_HOPE/v1_8000/sdl_001276.png,284,284,,1,melanoma,,,,train,3,1,0,,,,,,,,,,,,,,,,,,
Synth,sdl_001277.png,/home/marsi/TFM/data/gen/SD_E2_HOPE/v1_8000/sdl_001277.png,284,284,,1,melanoma,,,,train,3,1,0,,,,,,,,,,,,,,,,,,
Synth,sdl_001278.png,/home/marsi/TFM/data/gen/SD_E2_HOPE/v1_8000/sdl_001278.png,284,284,,1,melanoma,,,,train,3,1,0,,,,,,,,,,,,,,,,,,
Synth,sdl_001279.png,/home/marsi/TFM/data/gen/SD_E2_HOPE/v1_8000/sdl_001279.png,284,284,,1,melanoma,,,,train,3,1,0,,,,,,,,,,,,,,,,,,
Synth,sdl_001280.png,/home/marsi/TFM/data/gen/SD_E2_HOPE/v1_8000/sdl_001280.png,284,284,,1,melanoma,,,,train,3,1,0,,,,,,,,,,,,,,,,,,
Synth,sdl_001281.png,/home/marsi/TFM/data/gen/SD_E2_HOPE/v1_8000/sdl_001281.png,284,284,,1,melanoma,,,,train,3,1,0,,,,,,,,,,,,,,,,,,
Synth,sdl_001282.png,/home/marsi/TFM/data/gen/SD_E2_HOPE/v1_8000/sdl_001282.png,284,284,,1,melanoma,,,,train,3,1,0,,,,,,,,,,,,,,,,,,
Synth,sdl_001283.png,/home/marsi/TFM/data/gen/SD_E2_HOPE/v1_8000/sdl_001283.png,284,284,,1,melanoma,,,,train,3,1,0,,,,,,,,,,,,,,,,,,
Synth,sdl_001284.png,/home/marsi/TFM/data/gen/SD_E2_HOPE/v1_8000/sdl_001284.png,284,284,,1,melanoma,,,,train,3,1,0,,,,,,,,,,,,,,,,,,
Synth,sdl_001285.png,/home/marsi/TFM/data/gen/SD_E2_HOPE/v1_8000/sdl_001285.png,284,284,,1,melanoma,,,,train,3,1,0,,,,,,,,,,,,,,,,,,
Synth,sdl_001286.png,/home/marsi/TFM/data/gen/SD_E2_HOPE/v1_8000/sdl_001286.png,284,284,,1,melanoma,,,,train,3,1,0,,,,,,,,,,,,,,,,,,
Synth,sdl_001287.png,/home/marsi/TFM/data/gen/SD_E2_HOPE/v1_8000/sdl_001287.png,284,284,,1,melanoma,,,,train,3,1,0,,,,,,,,,,,,,,,,,,
Synth,sdl_001288.png,/home/marsi/TFM/data/gen/SD_E2_HOPE/v1_8000/sdl_001288.png,284,284,,1,melanoma,,,,train,3,1,0,,,,,,,,,,,,,,,,,,
Synth,sdl_001289.png,/home/marsi/TFM/data/gen/SD_E2_HOPE/v1_8000/sdl_001289.png,284,284,,1,melanoma,,,,train,3,1,0,,,,,,,,,,,,,,,,,,
Synth,sdl_001290.png,/home/marsi/TFM/data/gen/SD_E2_HOPE/v1_8000/sdl_001290.png,284,284,,1,melanoma,,,,train,3,1,0,,,,,,,,,,,,,,,,,,
Synth,sdl_001291.png,/home/marsi/TFM/data/gen/SD_E2_HOPE/v1_8000/sdl_001291.png,284,284,,1,melanoma,,,,train,3,1,0,,,,,,,,,,,,,,,,,,
Synth,sdl_001292.png,/home/marsi/TFM/data/gen/SD_E2_HOPE/v1_8000/sdl_001292.png,284,284,,1,melanoma,,,,train,3,1,0,,,,,,,,,,,,,,,,,,
Synth,sdl_001293.png,/home/marsi/TFM/data/gen/SD_E2_HOPE/v1_8000/sdl_001293.png,284,284,,1,melanoma,,,,train,3,1,0,,,,,,,,,,,,,,,,,,
Synth,sdl_001294.png,/home/marsi/TFM/data/gen/SD_E2_HOPE/v1_8000/sdl_001294.png,284,284,,1,melanoma,,,,train,3,1,0,,,,,,,,,,,,,,,,,,
Synth,sdl_001295.png,/home/marsi/TFM/data/gen/SD_E2_HOPE/v1_8000/sdl_001295.png,284,284,,1,melanoma,,,,train,3,1,0,,,,,,,,,,,,,,,,,,
Synth,sdl_001296.png,/home/marsi/TFM/data/gen/SD_E2_HOPE/v1_8000/sdl_001296.png,284,284,,1,melanoma,,,,train,3,1,0,,,,,,,,,,,,,,,,,,
Synth,sdl_001297.png,/home/marsi/TFM/data/gen/SD_E2_HOPE/v1_8000/sdl_001297.png,284,284,,1,melanoma,,,,train,3,1,0,,,,,,,,,,,,,,,,,,
Synth,sdl_001298.png,/home/marsi/TFM/data/gen/SD_E2_HOPE/v1_8000/sdl_001298.png,284,284,,1,melanoma,,,,train,3,1,0,,,,,,,,,,,,,,,,,,
Synth,sdl_001299.png,/home/marsi/TFM/data/gen/SD_E2_HOPE/v1_8000/sdl_001299.png,284,284,,1,melanoma,,,,train,3,1,0,,,,,,,,,,,,,,,,,,
Synth,sdl_001300.png,/home/marsi/TFM/data/gen/SD_E2_HOPE/v1_8000/sdl_001300.png,284,284,,1,melanoma,,,,train,3,1,0,,,,,,,,,,,,,,,,,,
Synth,sdl_001301.png,/home/marsi/TFM/data/gen/SD_E2_HOPE/v1_8000/sdl_001301.png,284,284,,1,melanoma,,,,train,3,1,0,,,,,,,,,,,,,,,,,,
Synth,sdl_001302.png,/home/marsi/TFM/data/gen/SD_E2_HOPE/v1_8000/sdl_001302.png,284,284,,1,melanoma,,,,train,3,1,0,,,,,,,,,,,,,,,,,,
Synth,sdl_001303.png,/home/marsi/TFM/data/gen/SD_E2_HOPE/v1_8000/sdl_001303.png,284,284,,1,melanoma,,,,train,3,1,0,,,,,,,,,,,,,,,,,,
Synth,sdl_001304.png,/home/marsi/TFM/data/gen/SD_E2_HOPE/v1_8000/sdl_001304.png,284,284,,1,melanoma,,,,train,3,1,0,,,,,,,,,,,,,,,,,,
Synth,sdl_001305.png,/home/marsi/TFM/data/gen/SD_E2_HOPE/v1_8000/sdl_001305.png,284,284,,1,melanoma,,,,train,3,1,0,,,,,,,,,,,,,,,,,,
Synth,sdl_001306.png,/home/marsi/TFM/data/gen/SD_E2_HOPE/v1_8000/sdl_001306.png,284,284,,1,melanoma,,,,train,3,1,0,,,,,,,,,,,,,,,,,,
Synth,sdl_001307.png,/home/marsi/TFM/data/gen/SD_E2_HOPE/v1_8000/sdl_001307.png,284,284,,1,melanoma,,,,train,3,1,0,,,,,,,,,,,,,,,,,,
Synth,sdl_001308.png,/home/marsi/TFM/data/gen/SD_E2_HOPE/v1_8000/sdl_001308.png,284,284,,1,melanoma,,,,train,3,1,0,,,,,,,,,,,,,,,,,,
Synth,sdl_001309.png,/home/marsi/TFM/data/gen/SD_E2_HOPE/v1_8000/sdl_001309.png,284,284,,1,melanoma,,,,train,3,1,0,,,,,,,,,,,,,,,,,,
Synth,sdl_001310.png,/home/marsi/TFM/data/gen/SD_E2_HOPE/v1_8000/sdl_001310.png,284,284,,1,melanoma,,,,train,3,1,0,,,,,,,,,,,,,,,,,,
Synth,sdl_001311.png,/home/marsi/TFM/data/gen/SD_E2_HOPE/v1_8000/sdl_001311.png,284,284,,1,melanoma,,,,train,3,1,0,,,,,,,,,,,,,,,,,,
Synth,sdl_001312.png,/home/marsi/TFM/data/gen/SD_E2_HOPE/v1_8000/sdl_001312.png,284,284,,1,melanoma,,,,train,3,1,0,,,,,,,,,,,,,,,,,,
Synth,sdl_001313.png,/home/marsi/TFM/data/gen/SD_E2_HOPE/v1_8000/sdl_001313.png,284,284,,1,melanoma,,,,train,3,1,0,,,,,,,,,,,,,,,,,,
Synth,sdl_001314.png,/home/marsi/TFM/data/gen/SD_E2_HOPE/v1_8000/sdl_001314.png,284,284,,1,melanoma,,,,train,3,1,0,,,,,,,,,,,,,,,,,,
Synth,sdl_001315.png,/home/marsi/TFM/data/gen/SD_E2_HOPE/v1_8000/sdl_001315.png,284,284,,1,melanoma,,,,train,3,1,0,,,,,,,,,,,,,,,,,,
Synth,sdl_001316.png,/home/marsi/TFM/data/gen/SD_E2_HOPE/v1_8000/sdl_001316.png,284,284,,1,melanoma,,,,train,3,1,0,,,,,,,,,,,,,,,,,,
Synth,sdl_001317.png,/home/marsi/TFM/data/gen/SD_E2_HOPE/v1_8000/sdl_001317.png,284,284,,1,melanoma,,,,train,3,1,0,,,,,,,,,,,,,,,,,,
Synth,sdl_001318.png,/home/marsi/TFM/data/gen/SD_E2_HOPE/v1_8000/sdl_001318.png,284,284,,1,melanoma,,,,train,3,1,0,,,,,,,,,,,,,,,,,,
Synth,sdl_001319.png,/home/marsi/TFM/data/gen/SD_E2_HOPE/v1_8000/sdl_001319.png,284,284,,1,melanoma,,,,train,3,1,0,,,,,,,,,,,,,,,,,,
Synth,sdl_001320.png,/home/marsi/TFM/data/gen/SD_E2_HOPE/v1_8000/sdl_001320.png,284,284,,1,melanoma,,,,train,3,1,0,,,,,,,,,,,,,,,,,,
Synth,sdl_001321.png,/home/marsi/TFM/data/gen/SD_E2_HOPE/v1_8000/sdl_001321.png,284,284,,1,melanoma,,,,train,3,1,0,,,,,,,,,,,,,,,,,,
Synth,sdl_001322.png,/home/marsi/TFM/data/gen/SD_E2_HOPE/v1_8000/sdl_001322.png,284,284,,1,melanoma,,,,train,3,1,0,,,,,,,,,,,,,,,,,,
Synth,sdl_001323.png,/home/marsi/TFM/data/gen/SD_E2_HOPE/v1_8000/sdl_001323.png,284,284,,1,melanoma,,,,train,3,1,0,,,,,,,,,,,,,,,,,,
Synth,sdl_001324.png,/home/marsi/TFM/data/gen/SD_E2_HOPE/v1_8000/sdl_001324.png,284,284,,1,melanoma,,,,train,3,1,0,,,,,,,,,,,,,,,,,,
Synth,sdl_001325.png,/home/marsi/TFM/data/gen/SD_E2_HOPE/v1_8000/sdl_001325.png,284,284,,1,melanoma,,,,train,3,1,0,,,,,,,,,,,,,,,,,,
Synth,sdl_001326.png,/home/marsi/TFM/data/gen/SD_E2_HOPE/v1_8000/sdl_001326.png,284,284,,1,melanoma,,,,train,3,1,0,,,,,,,,,,,,,,,,,,
Synth,sdl_001327.png,/home/marsi/TFM/data/gen/SD_E2_HOPE/v1_8000/sdl_001327.png,284,284,,1,melanoma,,,,train,3,1,0,,,,,,,,,,,,,,,,,,
Synth,sdl_001328.png,/home/marsi/TFM/data/gen/SD_E2_HOPE/v1_8000/sdl_001328.png,284,284,,1,melanoma,,,,train,3,1,0,,,,,,,,,,,,,,,,,,
Synth,sdl_001329.png,/home/marsi/TFM/data/gen/SD_E2_HOPE/v1_8000/sdl_001329.png,284,284,,1,melanoma,,,,train,3,1,0,,,,,,,,,,,,,,,,,,
Synth,sdl_001330.png,/home/marsi/TFM/data/gen/SD_E2_HOPE/v1_8000/sdl_001330.png,284,284,,1,melanoma,,,,train,3,1,0,,,,,,,,,,,,,,,,,,
Synth,sdl_001331.png,/home/marsi/TFM/data/gen/SD_E2_HOPE/v1_8000/sdl_001331.png,284,284,,1,melanoma,,,,train,3,1,0,,,,,,,,,,,,,,,,,,
Synth,sdl_001332.png,/home/marsi/TFM/data/gen/SD_E2_HOPE/v1_8000/sdl_001332.png,284,284,,1,melanoma,,,,train,3,1,0,,,,,,,,,,,,,,,,,,
Synth,sdl_001333.png,/home/marsi/TFM/data/gen/SD_E2_HOPE/v1_8000/sdl_001333.png,284,284,,1,melanoma,,,,train,3,1,0,,,,,,,,,,,,,,,,,,
Synth,sdl_001334.png,/home/marsi/TFM/data/gen/SD_E2_HOPE/v1_8000/sdl_001334.png,284,284,,1,melanoma,,,,train,3,1,0,,,,,,,,,,,,,,,,,,
Synth,sdl_001335.png,/home/marsi/TFM/data/gen/SD_E2_HOPE/v1_8000/sdl_001335.png,284,284,,1,melanoma,,,,train,3,1,0,,,,,,,,,,,,,,,,,,
Synth,sdl_001336.png,/home/marsi/TFM/data/gen/SD_E2_HOPE/v1_8000/sdl_001336.png,284,284,,1,melanoma,,,,train,3,1,0,,,,,,,,,,,,,,,,,,
Synth,sdl_001337.png,/home/marsi/TFM/data/gen/SD_E2_HOPE/v1_8000/sdl_001337.png,284,284,,1,melanoma,,,,train,3,1,0,,,,,,,,,,,,,,,,,,
Synth,sdl_001338.png,/home/marsi/TFM/data/gen/SD_E2_HOPE/v1_8000/sdl_001338.png,284,284,,1,melanoma,,,,train,3,1,0,,,,,,,,,,,,,,,,,,
Synth,sdl_001339.png,/home/marsi/TFM/data/gen/SD_E2_HOPE/v1_8000/sdl_001339.png,284,284,,1,melanoma,,,,train,3,1,0,,,,,,,,,,,,,,,,,,
Synth,sdl_001340.png,/home/marsi/TFM/data/gen/SD_E2_HOPE/v1_8000/sdl_001340.png,284,284,,1,melanoma,,,,train,3,1,0,,,,,,,,,,,,,,,,,,
Synth,sdl_001341.png,/home/marsi/TFM/data/gen/SD_E2_HOPE/v1_8000/sdl_001341.png,284,284,,1,melanoma,,,,train,3,1,0,,,,,,,,,,,,,,,,,,
Synth,sdl_001342.png,/home/marsi/TFM/data/gen/SD_E2_HOPE/v1_8000/sdl_001342.png,284,284,,1,melanoma,,,,train,3,1,0,,,,,,,,,,,,,,,,,,
Synth,sdl_001343.png,/home/marsi/TFM/data/gen/SD_E2_HOPE/v1_8000/sdl_001343.png,284,284,,1,melanoma,,,,train,3,1,0,,,,,,,,,,,,,,,,,,
Synth,sdl_001344.png,/home/marsi/TFM/data/gen/SD_E2_HOPE/v1_8000/sdl_001344.png,284,284,,1,melanoma,,,,train,3,1,0,,,,,,,,,,,,,,,,,,
Synth,sdl_001345.png,/home/marsi/TFM/data/gen/SD_E2_HOPE/v1_8000/sdl_001345.png,284,284,,1,melanoma,,,,train,3,1,0,,,,,,,,,,,,,,,,,,
Synth,sdl_001346.png,/home/marsi/TFM/data/gen/SD_E2_HOPE/v1_8000/sdl_001346.png,284,284,,1,melanoma,,,,train,3,1,0,,,,,,,,,,,,,,,,,,
Synth,sdl_001347.png,/home/marsi/TFM/data/gen/SD_E2_HOPE/v1_8000/sdl_001347.png,284,284,,1,melanoma,,,,train,3,1,0,,,,,,,,,,,,,,,,,,
Synth,sdl_001348.png,/home/marsi/TFM/data/gen/SD_E2_HOPE/v1_8000/sdl_001348.png,284,284,,1,melanoma,,,,train,3,1,0,,,,,,,,,,,,,,,,,,
Synth,sdl_001349.png,/home/marsi/TFM/data/gen/SD_E2_HOPE/v1_8000/sdl_001349.png,284,284,,1,melanoma,,,,train,3,1,0,,,,,,,,,,,,,,,,,,
Synth,sdl_001350.png,/home/marsi/TFM/data/gen/SD_E2_HOPE/v1_8000/sdl_001350.png,284,284,,1,melanoma,,,,train,3,1,0,,,,,,,,,,,,,,,,,,
Synth,sdl_001351.png,/home/marsi/TFM/data/gen/SD_E2_HOPE/v1_8000/sdl_001351.png,284,284,,1,melanoma,,,,train,3,1,0,,,,,,,,,,,,,,,,,,
Synth,sdl_001352.png,/home/marsi/TFM/data/gen/SD_E2_HOPE/v1_8000/sdl_001352.png,284,284,,1,melanoma,,,,train,3,1,0,,,,,,,,,,,,,,,,,,
Synth,sdl_001353.png,/home/marsi/TFM/data/gen/SD_E2_HOPE/v1_8000/sdl_001353.png,284,284,,1,melanoma,,,,train,3,1,0,,,,,,,,,,,,,,,,,,
Synth,sdl_001354.png,/home/marsi/TFM/data/gen/SD_E2_HOPE/v1_8000/sdl_001354.png,284,284,,1,melanoma,,,,train,3,1,0,,,,,,,,,,,,,,,,,,
Synth,sdl_001355.png,/home/marsi/TFM/data/gen/SD_E2_HOPE/v1_8000/sdl_001355.png,284,284,,1,melanoma,,,,train,3,1,0,,,,,,,,,,,,,,,,,,
Synth,sdl_001356.png,/home/marsi/TFM/data/gen/SD_E2_HOPE/v1_8000/sdl_001356.png,284,284,,1,melanoma,,,,train,3,1,0,,,,,,,,,,,,,,,,,,
Synth,sdl_001357.png,/home/marsi/TFM/data/gen/SD_E2_HOPE/v1_8000/sdl_001357.png,284,284,,1,melanoma,,,,train,3,1,0,,,,,,,,,,,,,,,,,,
Synth,sdl_001358.png,/home/marsi/TFM/data/gen/SD_E2_HOPE/v1_8000/sdl_001358.png,284,284,,1,melanoma,,,,train,3,1,0,,,,,,,,,,,,,,,,,,
Synth,sdl_001359.png,/home/marsi/TFM/data/gen/SD_E2_HOPE/v1_8000/sdl_001359.png,284,284,,1,melanoma,,,,train,3,1,0,,,,,,,,,,,,,,,,,,
Synth,sdl_001360.png,/home/marsi/TFM/data/gen/SD_E2_HOPE/v1_8000/sdl_001360.png,284,284,,1,melanoma,,,,train,3,1,0,,,,,,,,,,,,,,,,,,
Synth,sdl_001361.png,/home/marsi/TFM/data/gen/SD_E2_HOPE/v1_8000/sdl_001361.png,284,284,,1,melanoma,,,,train,3,1,0,,,,,,,,,,,,,,,,,,
Synth,sdl_001362.png,/home/marsi/TFM/data/gen/SD_E2_HOPE/v1_8000/sdl_001362.png,284,284,,1,melanoma,,,,train,3,1,0,,,,,,,,,,,,,,,,,,
Synth,sdl_001363.png,/home/marsi/TFM/data/gen/SD_E2_HOPE/v1_8000/sdl_001363.png,284,284,,1,melanoma,,,,train,3,1,0,,,,,,,,,,,,,,,,,,
Synth,sdl_001364.png,/home/marsi/TFM/data/gen/SD_E2_HOPE/v1_8000/sdl_001364.png,284,284,,1,melanoma,,,,train,3,1,0,,,,,,,,,,,,,,,,,,
Synth,sdl_001365.png,/home/marsi/TFM/data/gen/SD_E2_HOPE/v1_8000/sdl_001365.png,284,284,,1,melanoma,,,,train,3,1,0,,,,,,,,,,,,,,,,,,
Synth,sdl_001366.png,/home/marsi/TFM/data/gen/SD_E2_HOPE/v1_8000/sdl_001366.png,284,284,,1,melanoma,,,,train,3,1,0,,,,,,,,,,,,,,,,,,
Synth,sdl_001367.png,/home/marsi/TFM/data/gen/SD_E2_HOPE/v1_8000/sdl_001367.png,284,284,,1,melanoma,,,,train,3,1,0,,,,,,,,,,,,,,,,,,
Synth,sdl_001368.png,/home/marsi/TFM/data/gen/SD_E2_HOPE/v1_8000/sdl_001368.png,284,284,,1,melanoma,,,,train,3,1,0,,,,,,,,,,,,,,,,,,
Synth,sdl_001369.png,/home/marsi/TFM/data/gen/SD_E2_HOPE/v1_8000/sdl_001369.png,284,284,,1,melanoma,,,,train,3,1,0,,,,,,,,,,,,,,,,,,
Synth,sdl_001370.png,/home/marsi/TFM/data/gen/SD_E2_HOPE/v1_8000/sdl_001370.png,284,284,,1,melanoma,,,,train,3,1,0,,,,,,,,,,,,,,,,,,
Synth,sdl_001371.png,/home/marsi/TFM/data/gen/SD_E2_HOPE/v1_8000/sdl_001371.png,284,284,,1,melanoma,,,,train,3,1,0,,,,,,,,,,,,,,,,,,
Synth,sdl_001372.png,/home/marsi/TFM/data/gen/SD_E2_HOPE/v1_8000/sdl_001372.png,284,284,,1,melanoma,,,,train,3,1,0,,,,,,,,,,,,,,,,,,
Synth,sdl_001373.png,/home/marsi/TFM/data/gen/SD_E2_HOPE/v1_8000/sdl_001373.png,284,284,,1,melanoma,,,,train,3,1,0,,,,,,,,,,,,,,,,,,
Synth,sdl_001374.png,/home/marsi/TFM/data/gen/SD_E2_HOPE/v1_8000/sdl_001374.png,284,284,,1,melanoma,,,,train,3,1,0,,,,,,,,,,,,,,,,,,
Synth,sdl_001375.png,/home/marsi/TFM/data/gen/SD_E2_HOPE/v1_8000/sdl_001375.png,284,284,,1,melanoma,,,,train,3,1,0,,,,,,,,,,,,,,,,,,
Synth,sdl_001376.png,/home/marsi/TFM/data/gen/SD_E2_HOPE/v1_8000/sdl_001376.png,284,284,,1,melanoma,,,,train,3,1,0,,,,,,,,,,,,,,,,,,
Synth,sdl_001377.png,/home/marsi/TFM/data/gen/SD_E2_HOPE/v1_8000/sdl_001377.png,284,284,,1,melanoma,,,,train,3,1,0,,,,,,,,,,,,,,,,,,
Synth,sdl_001378.png,/home/marsi/TFM/data/gen/SD_E2_HOPE/v1_8000/sdl_001378.png,284,284,,1,melanoma,,,,train,3,1,0,,,,,,,,,,,,,,,,,,
Synth,sdl_001379.png,/home/marsi/TFM/data/gen/SD_E2_HOPE/v1_8000/sdl_001379.png,284,284,,1,melanoma,,,,train,3,1,0,,,,,,,,,,,,,,,,,,
Synth,sdl_001380.png,/home/marsi/TFM/data/gen/SD_E2_HOPE/v1_8000/sdl_001380.png,284,284,,1,melanoma,,,,train,3,1,0,,,,,,,,,,,,,,,,,,
Synth,sdl_001381.png,/home/marsi/TFM/data/gen/SD_E2_HOPE/v1_8000/sdl_001381.png,284,284,,1,melanoma,,,,train,3,1,0,,,,,,,,,,,,,,,,,,
Synth,sdl_001382.png,/home/marsi/TFM/data/gen/SD_E2_HOPE/v1_8000/sdl_001382.png,284,284,,1,melanoma,,,,train,3,1,0,,,,,,,,,,,,,,,,,,
Synth,sdl_001383.png,/home/marsi/TFM/data/gen/SD_E2_HOPE/v1_8000/sdl_001383.png,284,284,,1,melanoma,,,,train,3,1,0,,,,,,,,,,,,,,,,,,
Synth,sdl_001384.png,/home/marsi/TFM/data/gen/SD_E2_HOPE/v1_8000/sdl_001384.png,284,284,,1,melanoma,,,,train,3,1,0,,,,,,,,,,,,,,,,,,
Synth,sdl_001385.png,/home/marsi/TFM/data/gen/SD_E2_HOPE/v1_8000/sdl_001385.png,284,284,,1,melanoma,,,,train,3,1,0,,,,,,,,,,,,,,,,,,
Synth,sdl_001386.png,/home/marsi/TFM/data/gen/SD_E2_HOPE/v1_8000/sdl_001386.png,284,284,,1,melanoma,,,,train,3,1,0,,,,,,,,,,,,,,,,,,
Synth,sdl_001387.png,/home/marsi/TFM/data/gen/SD_E2_HOPE/v1_8000/sdl_001387.png,284,284,,1,melanoma,,,,train,3,1,0,,,,,,,,,,,,,,,,,,
Synth,sdl_001388.png,/home/marsi/TFM/data/gen/SD_E2_HOPE/v1_8000/sdl_001388.png,284,284,,1,melanoma,,,,train,3,1,0,,,,,,,,,,,,,,,,,,
Synth,sdl_001389.png,/home/marsi/TFM/data/gen/SD_E2_HOPE/v1_8000/sdl_001389.png,284,284,,1,melanoma,,,,train,3,1,0,,,,,,,,,,,,,,,,,,
Synth,sdl_001390.png,/home/marsi/TFM/data/gen/SD_E2_HOPE/v1_8000/sdl_001390.png,284,284,,1,melanoma,,,,train,3,1,0,,,,,,,,,,,,,,,,,,
Synth,sdl_001391.png,/home/marsi/TFM/data/gen/SD_E2_HOPE/v1_8000/sdl_001391.png,284,284,,1,melanoma,,,,train,3,1,0,,,,,,,,,,,,,,,,,,
Synth,sdl_001392.png,/home/marsi/TFM/data/gen/SD_E2_HOPE/v1_8000/sdl_001392.png,284,284,,1,melanoma,,,,train,3,1,0,,,,,,,,,,,,,,,,,,
Synth,sdl_001393.png,/home/marsi/TFM/data/gen/SD_E2_HOPE/v1_8000/sdl_001393.png,284,284,,1,melanoma,,,,train,3,1,0,,,,,,,,,,,,,,,,,,
Synth,sdl_001394.png,/home/marsi/TFM/data/gen/SD_E2_HOPE/v1_8000/sdl_001394.png,284,284,,1,melanoma,,,,train,3,1,0,,,,,,,,,,,,,,,,,,
Synth,sdl_001395.png,/home/marsi/TFM/data/gen/SD_E2_HOPE/v1_8000/sdl_001395.png,284,284,,1,melanoma,,,,train,3,1,0,,,,,,,,,,,,,,,,,,
Synth,sdl_001396.png,/home/marsi/TFM/data/gen/SD_E2_HOPE/v1_8000/sdl_001396.png,284,284,,1,melanoma,,,,train,3,1,0,,,,,,,,,,,,,,,,,,
Synth,sdl_001397.png,/home/marsi/TFM/data/gen/SD_E2_HOPE/v1_8000/sdl_001397.png,284,284,,1,melanoma,,,,train,3,1,0,,,,,,,,,,,,,,,,,,
Synth,sdl_001398.png,/home/marsi/TFM/data/gen/SD_E2_HOPE/v1_8000/sdl_001398.png,284,284,,1,melanoma,,,,train,3,1,0,,,,,,,,,,,,,,,,,,
Synth,sdl_001399.png,/home/marsi/TFM/data/gen/SD_E2_HOPE/v1_8000/sdl_001399.png,284,284,,1,melanoma,,,,train,3,1,0,,,,,,,,,,,,,,,,,,
Synth,sdl_001400.png,/home/marsi/TFM/data/gen/SD_E2_HOPE/v1_8000/sdl_001400.png,284,284,,1,melanoma,,,,train,3,1,0,,,,,,,,,,,,,,,,,,
Synth,sdl_001401.png,/home/marsi/TFM/data/gen/SD_E2_HOPE/v1_8000/sdl_001401.png,284,284,,1,melanoma,,,,train,3,1,0,,,,,,,,,,,,,,,,,,
Synth,sdl_001402.png,/home/marsi/TFM/data/gen/SD_E2_HOPE/v1_8000/sdl_001402.png,284,284,,1,melanoma,,,,train,3,1,0,,,,,,,,,,,,,,,,,,
Synth,sdl_001403.png,/home/marsi/TFM/data/gen/SD_E2_HOPE/v1_8000/sdl_001403.png,284,284,,1,melanoma,,,,train,3,1,0,,,,,,,,,,,,,,,,,,
Synth,sdl_001404.png,/home/marsi/TFM/data/gen/SD_E2_HOPE/v1_8000/sdl_001404.png,284,284,,1,melanoma,,,,train,3,1,0,,,,,,,,,,,,,,,,,,
Synth,sdl_001405.png,/home/marsi/TFM/data/gen/SD_E2_HOPE/v1_8000/sdl_001405.png,284,284,,1,melanoma,,,,train,3,1,0,,,,,,,,,,,,,,,,,,
Synth,sdl_001406.png,/home/marsi/TFM/data/gen/SD_E2_HOPE/v1_8000/sdl_001406.png,284,284,,1,melanoma,,,,train,3,1,0,,,,,,,,,,,,,,,,,,
Synth,sdl_001407.png,/home/marsi/TFM/data/gen/SD_E2_HOPE/v1_8000/sdl_001407.png,284,284,,1,melanoma,,,,train,3,1,0,,,,,,,,,,,,,,,,,,
Synth,sdl_001408.png,/home/marsi/TFM/data/gen/SD_E2_HOPE/v1_8000/sdl_001408.png,284,284,,1,melanoma,,,,train,3,1,0,,,,,,,,,,,,,,,,,,
Synth,sdl_001409.png,/home/marsi/TFM/data/gen/SD_E2_HOPE/v1_8000/sdl_001409.png,284,284,,1,melanoma,,,,train,3,1,0,,,,,,,,,,,,,,,,,,
Synth,sdl_001410.png,/home/marsi/TFM/data/gen/SD_E2_HOPE/v1_8000/sdl_001410.png,284,284,,1,melanoma,,,,train,3,1,0,,,,,,,,,,,,,,,,,,
Synth,sdl_001411.png,/home/marsi/TFM/data/gen/SD_E2_HOPE/v1_8000/sdl_001411.png,284,284,,1,melanoma,,,,train,3,1,0,,,,,,,,,,,,,,,,,,
Synth,sdl_001412.png,/home/marsi/TFM/data/gen/SD_E2_HOPE/v1_8000/sdl_001412.png,284,284,,1,melanoma,,,,train,3,1,0,,,,,,,,,,,,,,,,,,
Synth,sdl_001413.png,/home/marsi/TFM/data/gen/SD_E2_HOPE/v1_8000/sdl_001413.png,284,284,,1,melanoma,,,,train,3,1,0,,,,,,,,,,,,,,,,,,
Synth,sdl_001414.png,/home/marsi/TFM/data/gen/SD_E2_HOPE/v1_8000/sdl_001414.png,284,284,,1,melanoma,,,,train,3,1,0,,,,,,,,,,,,,,,,,,
Synth,sdl_001415.png,/home/marsi/TFM/data/gen/SD_E2_HOPE/v1_8000/sdl_001415.png,284,284,,1,melanoma,,,,train,3,1,0,,,,,,,,,,,,,,,,,,
Synth,sdl_001416.png,/home/marsi/TFM/data/gen/SD_E2_HOPE/v1_8000/sdl_001416.png,284,284,,1,melanoma,,,,train,3,1,0,,,,,,,,,,,,,,,,,,
Synth,sdl_001417.png,/home/marsi/TFM/data/gen/SD_E2_HOPE/v1_8000/sdl_001417.png,284,284,,1,melanoma,,,,train,3,1,0,,,,,,,,,,,,,,,,,,
Synth,sdl_001418.png,/home/marsi/TFM/data/gen/SD_E2_HOPE/v1_8000/sdl_001418.png,284,284,,1,melanoma,,,,train,3,1,0,,,,,,,,,,,,,,,,,,
Synth,sdl_001419.png,/home/marsi/TFM/data/gen/SD_E2_HOPE/v1_8000/sdl_001419.png,284,284,,1,melanoma,,,,train,3,1,0,,,,,,,,,,,,,,,,,,
Synth,sdl_001420.png,/home/marsi/TFM/data/gen/SD_E2_HOPE/v1_8000/sdl_001420.png,284,284,,1,melanoma,,,,train,3,1,0,,,,,,,,,,,,,,,,,,
Synth,sdl_001421.png,/home/marsi/TFM/data/gen/SD_E2_HOPE/v1_8000/sdl_001421.png,284,284,,1,melanoma,,,,train,3,1,0,,,,,,,,,,,,,,,,,,
Synth,sdl_001422.png,/home/marsi/TFM/data/gen/SD_E2_HOPE/v1_8000/sdl_001422.png,284,284,,1,melanoma,,,,train,3,1,0,,,,,,,,,,,,,,,,,,
Synth,sdl_001423.png,/home/marsi/TFM/data/gen/SD_E2_HOPE/v1_8000/sdl_001423.png,284,284,,1,melanoma,,,,train,3,1,0,,,,,,,,,,,,,,,,,,
Synth,sdl_001424.png,/home/marsi/TFM/data/gen/SD_E2_HOPE/v1_8000/sdl_001424.png,284,284,,1,melanoma,,,,train,3,1,0,,,,,,,,,,,,,,,,,,
Synth,sdl_001425.png,/home/marsi/TFM/data/gen/SD_E2_HOPE/v1_8000/sdl_001425.png,284,284,,1,melanoma,,,,train,3,1,0,,,,,,,,,,,,,,,,,,
Synth,sdl_001426.png,/home/marsi/TFM/data/gen/SD_E2_HOPE/v1_8000/sdl_001426.png,284,284,,1,melanoma,,,,train,3,1,0,,,,,,,,,,,,,,,,,,
Synth,sdl_001427.png,/home/marsi/TFM/data/gen/SD_E2_HOPE/v1_8000/sdl_001427.png,284,284,,1,melanoma,,,,train,3,1,0,,,,,,,,,,,,,,,,,,
Synth,sdl_001428.png,/home/marsi/TFM/data/gen/SD_E2_HOPE/v1_8000/sdl_001428.png,284,284,,1,melanoma,,,,train,3,1,0,,,,,,,,,,,,,,,,,,
Synth,sdl_001429.png,/home/marsi/TFM/data/gen/SD_E2_HOPE/v1_8000/sdl_001429.png,284,284,,1,melanoma,,,,train,3,1,0,,,,,,,,,,,,,,,,,,
Synth,sdl_001430.png,/home/marsi/TFM/data/gen/SD_E2_HOPE/v1_8000/sdl_001430.png,284,284,,1,melanoma,,,,train,3,1,0,,,,,,,,,,,,,,,,,,
Synth,sdl_001431.png,/home/marsi/TFM/data/gen/SD_E2_HOPE/v1_8000/sdl_001431.png,284,284,,1,melanoma,,,,train,3,1,0,,,,,,,,,,,,,,,,,,
Synth,sdl_001432.png,/home/marsi/TFM/data/gen/SD_E2_HOPE/v1_8000/sdl_001432.png,284,284,,1,melanoma,,,,train,3,1,0,,,,,,,,,,,,,,,,,,
Synth,sdl_001433.png,/home/marsi/TFM/data/gen/SD_E2_HOPE/v1_8000/sdl_001433.png,284,284,,1,melanoma,,,,train,3,1,0,,,,,,,,,,,,,,,,,,
Synth,sdl_001434.png,/home/marsi/TFM/data/gen/SD_E2_HOPE/v1_8000/sdl_001434.png,284,284,,1,melanoma,,,,train,3,1,0,,,,,,,,,,,,,,,,,,
Synth,sdl_001435.png,/home/marsi/TFM/data/gen/SD_E2_HOPE/v1_8000/sdl_001435.png,284,284,,1,melanoma,,,,train,3,1,0,,,,,,,,,,,,,,,,,,
Synth,sdl_001436.png,/home/marsi/TFM/data/gen/SD_E2_HOPE/v1_8000/sdl_001436.png,284,284,,1,melanoma,,,,train,3,1,0,,,,,,,,,,,,,,,,,,
Synth,sdl_001437.png,/home/marsi/TFM/data/gen/SD_E2_HOPE/v1_8000/sdl_001437.png,284,284,,1,melanoma,,,,train,3,1,0,,,,,,,,,,,,,,,,,,
Synth,sdl_001438.png,/home/marsi/TFM/data/gen/SD_E2_HOPE/v1_8000/sdl_001438.png,284,284,,1,melanoma,,,,train,3,1,0,,,,,,,,,,,,,,,,,,
Synth,sdl_001439.png,/home/marsi/TFM/data/gen/SD_E2_HOPE/v1_8000/sdl_001439.png,284,284,,1,melanoma,,,,train,3,1,0,,,,,,,,,,,,,,,,,,
Synth,sdl_001440.png,/home/marsi/TFM/data/gen/SD_E2_HOPE/v1_8000/sdl_001440.png,284,284,,1,melanoma,,,,train,3,1,0,,,,,,,,,,,,,,,,,,
Synth,sdl_001441.png,/home/marsi/TFM/data/gen/SD_E2_HOPE/v1_8000/sdl_001441.png,284,284,,1,melanoma,,,,train,3,1,0,,,,,,,,,,,,,,,,,,
Synth,sdl_001442.png,/home/marsi/TFM/data/gen/SD_E2_HOPE/v1_8000/sdl_001442.png,284,284,,1,melanoma,,,,train,3,1,0,,,,,,,,,,,,,,,,,,
Synth,sdl_001443.png,/home/marsi/TFM/data/gen/SD_E2_HOPE/v1_8000/sdl_001443.png,284,284,,1,melanoma,,,,train,3,1,0,,,,,,,,,,,,,,,,,,
Synth,sdl_001444.png,/home/marsi/TFM/data/gen/SD_E2_HOPE/v1_8000/sdl_001444.png,284,284,,1,melanoma,,,,train,3,1,0,,,,,,,,,,,,,,,,,,
Synth,sdl_001445.png,/home/marsi/TFM/data/gen/SD_E2_HOPE/v1_8000/sdl_001445.png,284,284,,1,melanoma,,,,train,3,1,0,,,,,,,,,,,,,,,,,,
Synth,sdl_001446.png,/home/marsi/TFM/data/gen/SD_E2_HOPE/v1_8000/sdl_001446.png,284,284,,1,melanoma,,,,train,3,1,0,,,,,,,,,,,,,,,,,,
Synth,sdl_001447.png,/home/marsi/TFM/data/gen/SD_E2_HOPE/v1_8000/sdl_001447.png,284,284,,1,melanoma,,,,train,3,1,0,,,,,,,,,,,,,,,,,,
Synth,sdl_001448.png,/home/marsi/TFM/data/gen/SD_E2_HOPE/v1_8000/sdl_001448.png,284,284,,1,melanoma,,,,train,3,1,0,,,,,,,,,,,,,,,,,,
Synth,sdl_001449.png,/home/marsi/TFM/data/gen/SD_E2_HOPE/v1_8000/sdl_001449.png,284,284,,1,melanoma,,,,train,3,1,0,,,,,,,,,,,,,,,,,,
Synth,sdl_001450.png,/home/marsi/TFM/data/gen/SD_E2_HOPE/v1_8000/sdl_001450.png,284,284,,1,melanoma,,,,train,3,1,0,,,,,,,,,,,,,,,,,,
Synth,sdl_001451.png,/home/marsi/TFM/data/gen/SD_E2_HOPE/v1_8000/sdl_001451.png,284,284,,1,melanoma,,,,train,3,1,0,,,,,,,,,,,,,,,,,,
Synth,sdl_001452.png,/home/marsi/TFM/data/gen/SD_E2_HOPE/v1_8000/sdl_001452.png,284,284,,1,melanoma,,,,train,3,1,0,,,,,,,,,,,,,,,,,,
Synth,sdl_001453.png,/home/marsi/TFM/data/gen/SD_E2_HOPE/v1_8000/sdl_001453.png,284,284,,1,melanoma,,,,train,3,1,0,,,,,,,,,,,,,,,,,,
Synth,sdl_001454.png,/home/marsi/TFM/data/gen/SD_E2_HOPE/v1_8000/sdl_001454.png,284,284,,1,melanoma,,,,train,3,1,0,,,,,,,,,,,,,,,,,,
Synth,sdl_001455.png,/home/marsi/TFM/data/gen/SD_E2_HOPE/v1_8000/sdl_001455.png,284,284,,1,melanoma,,,,train,3,1,0,,,,,,,,,,,,,,,,,,
Synth,sdl_001456.png,/home/marsi/TFM/data/gen/SD_E2_HOPE/v1_8000/sdl_001456.png,284,284,,1,melanoma,,,,train,3,1,0,,,,,,,,,,,,,,,,,,
Synth,sdl_001457.png,/home/marsi/TFM/data/gen/SD_E2_HOPE/v1_8000/sdl_001457.png,284,284,,1,melanoma,,,,train,3,1,0,,,,,,,,,,,,,,,,,,
Synth,sdl_001458.png,/home/marsi/TFM/data/gen/SD_E2_HOPE/v1_8000/sdl_001458.png,284,284,,1,melanoma,,,,train,3,1,0,,,,,,,,,,,,,,,,,,
Synth,sdl_001459.png,/home/marsi/TFM/data/gen/SD_E2_HOPE/v1_8000/sdl_001459.png,284,284,,1,melanoma,,,,train,3,1,0,,,,,,,,,,,,,,,,,,
Synth,sdl_001460.png,/home/marsi/TFM/data/gen/SD_E2_HOPE/v1_8000/sdl_001460.png,284,284,,1,melanoma,,,,train,3,1,0,,,,,,,,,,,,,,,,,,
Synth,sdl_001461.png,/home/marsi/TFM/data/gen/SD_E2_HOPE/v1_8000/sdl_001461.png,284,284,,1,melanoma,,,,train,3,1,0,,,,,,,,,,,,,,,,,,
Synth,sdl_001462.png,/home/marsi/TFM/data/gen/SD_E2_HOPE/v1_8000/sdl_001462.png,284,284,,1,melanoma,,,,train,3,1,0,,,,,,,,,,,,,,,,,,
Synth,sdl_001463.png,/home/marsi/TFM/data/gen/SD_E2_HOPE/v1_8000/sdl_001463.png,284,284,,1,melanoma,,,,train,3,1,0,,,,,,,,,,,,,,,,,,
Synth,sdl_001464.png,/home/marsi/TFM/data/gen/SD_E2_HOPE/v1_8000/sdl_001464.png,284,284,,1,melanoma,,,,train,3,1,0,,,,,,,,,,,,,,,,,,
Synth,sdl_001465.png,/home/marsi/TFM/data/gen/SD_E2_HOPE/v1_8000/sdl_001465.png,284,284,,1,melanoma,,,,train,3,1,0,,,,,,,,,,,,,,,,,,
Synth,sdl_001466.png,/home/marsi/TFM/data/gen/SD_E2_HOPE/v1_8000/sdl_001466.png,284,284,,1,melanoma,,,,train,3,1,0,,,,,,,,,,,,,,,,,,
Synth,sdl_001467.png,/home/marsi/TFM/data/gen/SD_E2_HOPE/v1_8000/sdl_001467.png,284,284,,1,melanoma,,,,train,3,1,0,,,,,,,,,,,,,,,,,,
Synth,sdl_001468.png,/home/marsi/TFM/data/gen/SD_E2_HOPE/v1_8000/sdl_001468.png,284,284,,1,melanoma,,,,train,3,1,0,,,,,,,,,,,,,,,,,,
Synth,sdl_001469.png,/home/marsi/TFM/data/gen/SD_E2_HOPE/v1_8000/sdl_001469.png,284,284,,1,melanoma,,,,train,3,1,0,,,,,,,,,,,,,,,,,,
Synth,sdl_001470.png,/home/marsi/TFM/data/gen/SD_E2_HOPE/v1_8000/sdl_001470.png,284,284,,1,melanoma,,,,train,3,1,0,,,,,,,,,,,,,,,,,,
Synth,sdl_001471.png,/home/marsi/TFM/data/gen/SD_E2_HOPE/v1_8000/sdl_001471.png,284,284,,1,melanoma,,,,train,3,1,0,,,,,,,,,,,,,,,,,,
Synth,sdl_001472.png,/home/marsi/TFM/data/gen/SD_E2_HOPE/v1_8000/sdl_001472.png,284,284,,1,melanoma,,,,train,3,1,0,,,,,,,,,,,,,,,,,,
Synth,sdl_001473.png,/home/marsi/TFM/data/gen/SD_E2_HOPE/v1_8000/sdl_001473.png,284,284,,1,melanoma,,,,train,3,1,0,,,,,,,,,,,,,,,,,,
Synth,sdl_001474.png,/home/marsi/TFM/data/gen/SD_E2_HOPE/v1_8000/sdl_001474.png,284,284,,1,melanoma,,,,train,3,1,0,,,,,,,,,,,,,,,,,,
Synth,sdl_001475.png,/home/marsi/TFM/data/gen/SD_E2_HOPE/v1_8000/sdl_001475.png,284,284,,1,melanoma,,,,train,3,1,0,,,,,,,,,,,,,,,,,,
Synth,sdl_001476.png,/home/marsi/TFM/data/gen/SD_E2_HOPE/v1_8000/sdl_001476.png,284,284,,1,melanoma,,,,train,3,1,0,,,,,,,,,,,,,,,,,,
Synth,sdl_001477.png,/home/marsi/TFM/data/gen/SD_E2_HOPE/v1_8000/sdl_001477.png,284,284,,1,melanoma,,,,train,3,1,0,,,,,,,,,,,,,,,,,,
Synth,sdl_001478.png,/home/marsi/TFM/data/gen/SD_E2_HOPE/v1_8000/sdl_001478.png,284,284,,1,melanoma,,,,train,3,1,0,,,,,,,,,,,,,,,,,,
Synth,sdl_001479.png,/home/marsi/TFM/data/gen/SD_E2_HOPE/v1_8000/sdl_001479.png,284,284,,1,melanoma,,,,train,3,1,0,,,,,,,,,,,,,,,,,,
Synth,sdl_001480.png,/home/marsi/TFM/data/gen/SD_E2_HOPE/v1_8000/sdl_001480.png,284,284,,1,melanoma,,,,train,3,1,0,,,,,,,,,,,,,,,,,,
Synth,sdl_001481.png,/home/marsi/TFM/data/gen/SD_E2_HOPE/v1_8000/sdl_001481.png,284,284,,1,melanoma,,,,train,3,1,0,,,,,,,,,,,,,,,,,,
Synth,sdl_001482.png,/home/marsi/TFM/data/gen/SD_E2_HOPE/v1_8000/sdl_001482.png,284,284,,1,melanoma,,,,train,3,1,0,,,,,,,,,,,,,,,,,,
Synth,sdl_001483.png,/home/marsi/TFM/data/gen/SD_E2_HOPE/v1_8000/sdl_001483.png,284,284,,1,melanoma,,,,train,3,1,0,,,,,,,,,,,,,,,,,,
Synth,sdl_001484.png,/home/marsi/TFM/data/gen/SD_E2_HOPE/v1_8000/sdl_001484.png,284,284,,1,melanoma,,,,train,3,1,0,,,,,,,,,,,,,,,,,,
Synth,sdl_001485.png,/home/marsi/TFM/data/gen/SD_E2_HOPE/v1_8000/sdl_001485.png,284,284,,1,melanoma,,,,train,3,1,0,,,,,,,,,,,,,,,,,,
Synth,sdl_001486.png,/home/marsi/TFM/data/gen/SD_E2_HOPE/v1_8000/sdl_001486.png,284,284,,1,melanoma,,,,train,3,1,0,,,,,,,,,,,,,,,,,,
Synth,sdl_001487.png,/home/marsi/TFM/data/gen/SD_E2_HOPE/v1_8000/sdl_001487.png,284,284,,1,melanoma,,,,train,3,1,0,,,,,,,,,,,,,,,,,,
Synth,sdl_001488.png,/home/marsi/TFM/data/gen/SD_E2_HOPE/v1_8000/sdl_001488.png,284,284,,1,melanoma,,,,train,3,1,0,,,,,,,,,,,,,,,,,,
Synth,sdl_001489.png,/home/marsi/TFM/data/gen/SD_E2_HOPE/v1_8000/sdl_001489.png,284,284,,1,melanoma,,,,train,3,1,0,,,,,,,,,,,,,,,,,,
Synth,sdl_001490.png,/home/marsi/TFM/data/gen/SD_E2_HOPE/v1_8000/sdl_001490.png,284,284,,1,melanoma,,,,train,3,1,0,,,,,,,,,,,,,,,,,,
Synth,sdl_001491.png,/home/marsi/TFM/data/gen/SD_E2_HOPE/v1_8000/sdl_001491.png,284,284,,1,melanoma,,,,train,3,1,0,,,,,,,,,,,,,,,,,,
Synth,sdl_001492.png,/home/marsi/TFM/data/gen/SD_E2_HOPE/v1_8000/sdl_001492.png,284,284,,1,melanoma,,,,train,3,1,0,,,,,,,,,,,,,,,,,,
Synth,sdl_001493.png,/home/marsi/TFM/data/gen/SD_E2_HOPE/v1_8000/sdl_001493.png,284,284,,1,melanoma,,,,train,3,1,0,,,,,,,,,,,,,,,,,,
Synth,sdl_001494.png,/home/marsi/TFM/data/gen/SD_E2_HOPE/v1_8000/sdl_001494.png,284,284,,1,melanoma,,,,train,3,1,0,,,,,,,,,,,,,,,,,,
Synth,sdl_001495.png,/home/marsi/TFM/data/gen/SD_E2_HOPE/v1_8000/sdl_001495.png,284,284,,1,melanoma,,,,train,3,1,0,,,,,,,,,,,,,,,,,,
Synth,sdl_001496.png,/home/marsi/TFM/data/gen/SD_E2_HOPE/v1_8000/sdl_001496.png,284,284,,1,melanoma,,,,train,3,1,0,,,,,,,,,,,,,,,,,,
Synth,sdl_001497.png,/home/marsi/TFM/data/gen/SD_E2_HOPE/v1_8000/sdl_001497.png,284,284,,1,melanoma,,,,train,3,1,0,,,,,,,,,,,,,,,,,,
Synth,sdl_001498.png,/home/marsi/TFM/data/gen/SD_E2_HOPE/v1_8000/sdl_001498.png,284,284,,1,melanoma,,,,train,3,1,0,,,,,,,,,,,,,,,,,,
Synth,sdl_001499.png,/home/marsi/TFM/data/gen/SD_E2_HOPE/v1_8000/sdl_001499.png,284,284,,1,melanoma,,,,train,3,1,0,,,,,,,,,,,,,,,,,,
Synth,sdl_001500.png,/home/marsi/TFM/data/gen/SD_E2_HOPE/v1_8000/sdl_001500.png,284,284,,1,melanoma,,,,train,3,1,0,,,,,,,,,,,,,,,,,,
Synth,sdl_001501.png,/home/marsi/TFM/data/gen/SD_E2_HOPE/v1_8000/sdl_001501.png,284,284,,1,melanoma,,,,train,3,1,0,,,,,,,,,,,,,,,,,,
Synth,sdl_001502.png,/home/marsi/TFM/data/gen/SD_E2_HOPE/v1_8000/sdl_001502.png,284,284,,1,melanoma,,,,train,3,1,0,,,,,,,,,,,,,,,,,,
Synth,sdl_001503.png,/home/marsi/TFM/data/gen/SD_E2_HOPE/v1_8000/sdl_001503.png,284,284,,1,melanoma,,,,train,3,1,0,,,,,,,,,,,,,,,,,,
Synth,sdl_001504.png,/home/marsi/TFM/data/gen/SD_E2_HOPE/v1_8000/sdl_001504.png,284,284,,1,melanoma,,,,train,3,1,0,,,,,,,,,,,,,,,,,,
Synth,sdl_001505.png,/home/marsi/TFM/data/gen/SD_E2_HOPE/v1_8000/sdl_001505.png,284,284,,1,melanoma,,,,train,3,1,0,,,,,,,,,,,,,,,,,,
Synth,sdl_001506.png,/home/marsi/TFM/data/gen/SD_E2_HOPE/v1_8000/sdl_001506.png,284,284,,1,melanoma,,,,train,3,1,0,,,,,,,,,,,,,,,,,,
Synth,sdl_001507.png,/home/marsi/TFM/data/gen/SD_E2_HOPE/v1_8000/sdl_001507.png,284,284,,1,melanoma,,,,train,3,1,0,,,,,,,,,,,,,,,,,,
Synth,sdl_001508.png,/home/marsi/TFM/data/gen/SD_E2_HOPE/v1_8000/sdl_001508.png,284,284,,1,melanoma,,,,train,3,1,0,,,,,,,,,,,,,,,,,,
Synth,sdl_001509.png,/home/marsi/TFM/data/gen/SD_E2_HOPE/v1_8000/sdl_001509.png,284,284,,1,melanoma,,,,train,3,1,0,,,,,,,,,,,,,,,,,,
Synth,sdl_001510.png,/home/marsi/TFM/data/gen/SD_E2_HOPE/v1_8000/sdl_001510.png,284,284,,1,melanoma,,,,train,3,1,0,,,,,,,,,,,,,,,,,,
Synth,sdl_001511.png,/home/marsi/TFM/data/gen/SD_E2_HOPE/v1_8000/sdl_001511.png,284,284,,1,melanoma,,,,train,3,1,0,,,,,,,,,,,,,,,,,,
Synth,sdl_001512.png,/home/marsi/TFM/data/gen/SD_E2_HOPE/v1_8000/sdl_001512.png,284,284,,1,melanoma,,,,train,3,1,0,,,,,,,,,,,,,,,,,,
Synth,sdl_001513.png,/home/marsi/TFM/data/gen/SD_E2_HOPE/v1_8000/sdl_001513.png,284,284,,1,melanoma,,,,train,3,1,0,,,,,,,,,,,,,,,,,,
Synth,sdl_001514.png,/home/marsi/TFM/data/gen/SD_E2_HOPE/v1_8000/sdl_001514.png,284,284,,1,melanoma,,,,train,3,1,0,,,,,,,,,,,,,,,,,,
Synth,sdl_001515.png,/home/marsi/TFM/data/gen/SD_E2_HOPE/v1_8000/sdl_001515.png,284,284,,1,melanoma,,,,train,3,1,0,,,,,,,,,,,,,,,,,,
Synth,sdl_001516.png,/home/marsi/TFM/data/gen/SD_E2_HOPE/v1_8000/sdl_001516.png,284,284,,1,melanoma,,,,train,3,1,0,,,,,,,,,,,,,,,,,,
Synth,sdl_001517.png,/home/marsi/TFM/data/gen/SD_E2_HOPE/v1_8000/sdl_001517.png,284,284,,1,melanoma,,,,train,3,1,0,,,,,,,,,,,,,,,,,,
Synth,sdl_001518.png,/home/marsi/TFM/data/gen/SD_E2_HOPE/v1_8000/sdl_001518.png,284,284,,1,melanoma,,,,train,3,1,0,,,,,,,,,,,,,,,,,,
Synth,sdl_001519.png,/home/marsi/TFM/data/gen/SD_E2_HOPE/v1_8000/sdl_001519.png,284,284,,1,melanoma,,,,train,3,1,0,,,,,,,,,,,,,,,,,,
Synth,sdl_001520.png,/home/marsi/TFM/data/gen/SD_E2_HOPE/v1_8000/sdl_001520.png,284,284,,1,melanoma,,,,train,3,1,0,,,,,,,,,,,,,,,,,,
Synth,sdl_001521.png,/home/marsi/TFM/data/gen/SD_E2_HOPE/v1_8000/sdl_001521.png,284,284,,1,melanoma,,,,train,3,1,0,,,,,,,,,,,,,,,,,,
Synth,sdl_001522.png,/home/marsi/TFM/data/gen/SD_E2_HOPE/v1_8000/sdl_001522.png,284,284,,1,melanoma,,,,train,3,1,0,,,,,,,,,,,,,,,,,,
Synth,sdl_001523.png,/home/marsi/TFM/data/gen/SD_E2_HOPE/v1_8000/sdl_001523.png,284,284,,1,melanoma,,,,train,3,1,0,,,,,,,,,,,,,,,,,,
Synth,sdl_001524.png,/home/marsi/TFM/data/gen/SD_E2_HOPE/v1_8000/sdl_001524.png,284,284,,1,melanoma,,,,train,3,1,0,,,,,,,,,,,,,,,,,,
Synth,sdl_001525.png,/home/marsi/TFM/data/gen/SD_E2_HOPE/v1_8000/sdl_001525.png,284,284,,1,melanoma,,,,train,3,1,0,,,,,,,,,,,,,,,,,,
Synth,sdl_001526.png,/home/marsi/TFM/data/gen/SD_E2_HOPE/v1_8000/sdl_001526.png,284,284,,1,melanoma,,,,train,3,1,0,,,,,,,,,,,,,,,,,,
Synth,sdl_001527.png,/home/marsi/TFM/data/gen/SD_E2_HOPE/v1_8000/sdl_001527.png,284,284,,1,melanoma,,,,train,3,1,0,,,,,,,,,,,,,,,,,,
Synth,sdl_001528.png,/home/marsi/TFM/data/gen/SD_E2_HOPE/v1_8000/sdl_001528.png,284,284,,1,melanoma,,,,train,3,1,0,,,,,,,,,,,,,,,,,,
Synth,sdl_001529.png,/home/marsi/TFM/data/gen/SD_E2_HOPE/v1_8000/sdl_001529.png,284,284,,1,melanoma,,,,train,3,1,0,,,,,,,,,,,,,,,,,,
Synth,sdl_001530.png,/home/marsi/TFM/data/gen/SD_E2_HOPE/v1_8000/sdl_001530.png,284,284,,1,melanoma,,,,train,3,1,0,,,,,,,,,,,,,,,,,,
Synth,sdl_001531.png,/home/marsi/TFM/data/gen/SD_E2_HOPE/v1_8000/sdl_001531.png,284,284,,1,melanoma,,,,train,3,1,0,,,,,,,,,,,,,,,,,,
Synth,sdl_001532.png,/home/marsi/TFM/data/gen/SD_E2_HOPE/v1_8000/sdl_001532.png,284,284,,1,melanoma,,,,train,3,1,0,,,,,,,,,,,,,,,,,,
Synth,sdl_001533.png,/home/marsi/TFM/data/gen/SD_E2_HOPE/v1_8000/sdl_001533.png,284,284,,1,melanoma,,,,train,3,1,0,,,,,,,,,,,,,,,,,,
Synth,sdl_001534.png,/home/marsi/TFM/data/gen/SD_E2_HOPE/v1_8000/sdl_001534.png,284,284,,1,melanoma,,,,train,3,1,0,,,,,,,,,,,,,,,,,,
Synth,sdl_001535.png,/home/marsi/TFM/data/gen/SD_E2_HOPE/v1_8000/sdl_001535.png,284,284,,1,melanoma,,,,train,3,1,0,,,,,,,,,,,,,,,,,,
Synth,sdl_001536.png,/home/marsi/TFM/data/gen/SD_E2_HOPE/v1_8000/sdl_001536.png,284,284,,1,melanoma,,,,train,3,1,0,,,,,,,,,,,,,,,,,,
Synth,sdl_001537.png,/home/marsi/TFM/data/gen/SD_E2_HOPE/v1_8000/sdl_001537.png,284,284,,1,melanoma,,,,train,3,1,0,,,,,,,,,,,,,,,,,,
Synth,sdl_001538.png,/home/marsi/TFM/data/gen/SD_E2_HOPE/v1_8000/sdl_001538.png,284,284,,1,melanoma,,,,train,3,1,0,,,,,,,,,,,,,,,,,,
Synth,sdl_001539.png,/home/marsi/TFM/data/gen/SD_E2_HOPE/v1_8000/sdl_001539.png,284,284,,1,melanoma,,,,train,3,1,0,,,,,,,,,,,,,,,,,,
Synth,sdl_001540.png,/home/marsi/TFM/data/gen/SD_E2_HOPE/v1_8000/sdl_001540.png,284,284,,1,melanoma,,,,train,3,1,0,,,,,,,,,,,,,,,,,,
Synth,sdl_001541.png,/home/marsi/TFM/data/gen/SD_E2_HOPE/v1_8000/sdl_001541.png,284,284,,1,melanoma,,,,train,3,1,0,,,,,,,,,,,,,,,,,,
Synth,sdl_001542.png,/home/marsi/TFM/data/gen/SD_E2_HOPE/v1_8000/sdl_001542.png,284,284,,1,melanoma,,,,train,3,1,0,,,,,,,,,,,,,,,,,,
Synth,sdl_001543.png,/home/marsi/TFM/data/gen/SD_E2_HOPE/v1_8000/sdl_001543.png,284,284,,1,melanoma,,,,train,3,1,0,,,,,,,,,,,,,,,,,,
Synth,sdl_001544.png,/home/marsi/TFM/data/gen/SD_E2_HOPE/v1_8000/sdl_001544.png,284,284,,1,melanoma,,,,train,3,1,0,,,,,,,,,,,,,,,,,,
Synth,sdl_001545.png,/home/marsi/TFM/data/gen/SD_E2_HOPE/v1_8000/sdl_001545.png,284,284,,1,melanoma,,,,train,3,1,0,,,,,,,,,,,,,,,,,,
Synth,sdl_001546.png,/home/marsi/TFM/data/gen/SD_E2_HOPE/v1_8000/sdl_001546.png,284,284,,1,melanoma,,,,train,3,1,0,,,,,,,,,,,,,,,,,,
Synth,sdl_001547.png,/home/marsi/TFM/data/gen/SD_E2_HOPE/v1_8000/sdl_001547.png,284,284,,1,melanoma,,,,train,3,1,0,,,,,,,,,,,,,,,,,,
Synth,sdl_001548.png,/home/marsi/TFM/data/gen/SD_E2_HOPE/v1_8000/sdl_001548.png,284,284,,1,melanoma,,,,train,3,1,0,,,,,,,,,,,,,,,,,,
Synth,sdl_001549.png,/home/marsi/TFM/data/gen/SD_E2_HOPE/v1_8000/sdl_001549.png,284,284,,1,melanoma,,,,train,3,1,0,,,,,,,,,,,,,,,,,,
Synth,sdl_001550.png,/home/marsi/TFM/data/gen/SD_E2_HOPE/v1_8000/sdl_001550.png,284,284,,1,melanoma,,,,train,3,1,0,,,,,,,,,,,,,,,,,,
Synth,sdl_001551.png,/home/marsi/TFM/data/gen/SD_E2_HOPE/v1_8000/sdl_001551.png,284,284,,1,melanoma,,,,train,3,1,0,,,,,,,,,,,,,,,,,,
Synth,sdl_001552.png,/home/marsi/TFM/data/gen/SD_E2_HOPE/v1_8000/sdl_001552.png,284,284,,1,melanoma,,,,train,3,1,0,,,,,,,,,,,,,,,,,,
Synth,sdl_001553.png,/home/marsi/TFM/data/gen/SD_E2_HOPE/v1_8000/sdl_001553.png,284,284,,1,melanoma,,,,train,3,1,0,,,,,,,,,,,,,,,,,,
Synth,sdl_001554.png,/home/marsi/TFM/data/gen/SD_E2_HOPE/v1_8000/sdl_001554.png,284,284,,1,melanoma,,,,train,3,1,0,,,,,,,,,,,,,,,,,,
Synth,sdl_001555.png,/home/marsi/TFM/data/gen/SD_E2_HOPE/v1_8000/sdl_001555.png,284,284,,1,melanoma,,,,train,3,1,0,,,,,,,,,,,,,,,,,,
Synth,sdl_001556.png,/home/marsi/TFM/data/gen/SD_E2_HOPE/v1_8000/sdl_001556.png,284,284,,1,melanoma,,,,train,3,1,0,,,,,,,,,,,,,,,,,,
Synth,sdl_001557.png,/home/marsi/TFM/data/gen/SD_E2_HOPE/v1_8000/sdl_001557.png,284,284,,1,melanoma,,,,train,3,1,0,,,,,,,,,,,,,,,,,,
Synth,sdl_001558.png,/home/marsi/TFM/data/gen/SD_E2_HOPE/v1_8000/sdl_001558.png,284,284,,1,melanoma,,,,train,3,1,0,,,,,,,,,,,,,,,,,,
Synth,sdl_001559.png,/home/marsi/TFM/data/gen/SD_E2_HOPE/v1_8000/sdl_001559.png,284,284,,1,melanoma,,,,train,3,1,0,,,,,,,,,,,,,,,,,,
Synth,sdl_001560.png,/home/marsi/TFM/data/gen/SD_E2_HOPE/v1_8000/sdl_001560.png,284,284,,1,melanoma,,,,train,3,1,0,,,,,,,,,,,,,,,,,,
Synth,sdl_001561.png,/home/marsi/TFM/data/gen/SD_E2_HOPE/v1_8000/sdl_001561.png,284,284,,1,melanoma,,,,train,3,1,0,,,,,,,,,,,,,,,,,,
Synth,sdl_001562.png,/home/marsi/TFM/data/gen/SD_E2_HOPE/v1_8000/sdl_001562.png,284,284,,1,melanoma,,,,train,3,1,0,,,,,,,,,,,,,,,,,,
Synth,sdl_001563.png,/home/marsi/TFM/data/gen/SD_E2_HOPE/v1_8000/sdl_001563.png,284,284,,1,melanoma,,,,train,3,1,0,,,,,,,,,,,,,,,,,,
Synth,sdl_001564.png,/home/marsi/TFM/data/gen/SD_E2_HOPE/v1_8000/sdl_001564.png,284,284,,1,melanoma,,,,train,3,1,0,,,,,,,,,,,,,,,,,,
Synth,sdl_001565.png,/home/marsi/TFM/data/gen/SD_E2_HOPE/v1_8000/sdl_001565.png,284,284,,1,melanoma,,,,train,3,1,0,,,,,,,,,,,,,,,,,,
Synth,sdl_001566.png,/home/marsi/TFM/data/gen/SD_E2_HOPE/v1_8000/sdl_001566.png,284,284,,1,melanoma,,,,train,3,1,0,,,,,,,,,,,,,,,,,,
Synth,sdl_001567.png,/home/marsi/TFM/data/gen/SD_E2_HOPE/v1_8000/sdl_001567.png,284,284,,1,melanoma,,,,train,3,1,0,,,,,,,,,,,,,,,,,,
Synth,sdl_001568.png,/home/marsi/TFM/data/gen/SD_E2_HOPE/v1_8000/sdl_001568.png,284,284,,1,melanoma,,,,train,3,1,0,,,,,,,,,,,,,,,,,,
Synth,sdl_001569.png,/home/marsi/TFM/data/gen/SD_E2_HOPE/v1_8000/sdl_001569.png,284,284,,1,melanoma,,,,train,3,1,0,,,,,,,,,,,,,,,,,,
Synth,sdl_001570.png,/home/marsi/TFM/data/gen/SD_E2_HOPE/v1_8000/sdl_001570.png,284,284,,1,melanoma,,,,train,3,1,0,,,,,,,,,,,,,,,,,,
Synth,sdl_001571.png,/home/marsi/TFM/data/gen/SD_E2_HOPE/v1_8000/sdl_001571.png,284,284,,1,melanoma,,,,train,3,1,0,,,,,,,,,,,,,,,,,,
Synth,sdl_001572.png,/home/marsi/TFM/data/gen/SD_E2_HOPE/v1_8000/sdl_001572.png,284,284,,1,melanoma,,,,train,3,1,0,,,,,,,,,,,,,,,,,,
Synth,sdl_001573.png,/home/marsi/TFM/data/gen/SD_E2_HOPE/v1_8000/sdl_001573.png,284,284,,1,melanoma,,,,train,3,1,0,,,,,,,,,,,,,,,,,,
Synth,sdl_001574.png,/home/marsi/TFM/data/gen/SD_E2_HOPE/v1_8000/sdl_001574.png,284,284,,1,melanoma,,,,train,3,1,0,,,,,,,,,,,,,,,,,,
Synth,sdl_001575.png,/home/marsi/TFM/data/gen/SD_E2_HOPE/v1_8000/sdl_001575.png,284,284,,1,melanoma,,,,train,3,1,0,,,,,,,,,,,,,,,,,,
Synth,sdl_001576.png,/home/marsi/TFM/data/gen/SD_E2_HOPE/v1_8000/sdl_001576.png,284,284,,1,melanoma,,,,train,3,1,0,,,,,,,,,,,,,,,,,,
Synth,sdl_001577.png,/home/marsi/TFM/data/gen/SD_E2_HOPE/v1_8000/sdl_001577.png,284,284,,1,melanoma,,,,train,3,1,0,,,,,,,,,,,,,,,,,,
Synth,sdl_001578.png,/home/marsi/TFM/data/gen/SD_E2_HOPE/v1_8000/sdl_001578.png,284,284,,1,melanoma,,,,train,3,1,0,,,,,,,,,,,,,,,,,,
Synth,sdl_001579.png,/home/marsi/TFM/data/gen/SD_E2_HOPE/v1_8000/sdl_001579.png,284,284,,1,melanoma,,,,train,3,1,0,,,,,,,,,,,,,,,,,,
Synth,sdl_001580.png,/home/marsi/TFM/data/gen/SD_E2_HOPE/v1_8000/sdl_001580.png,284,284,,1,melanoma,,,,train,3,1,0,,,,,,,,,,,,,,,,,,
Synth,sdl_001581.png,/home/marsi/TFM/data/gen/SD_E2_HOPE/v1_8000/sdl_001581.png,284,284,,1,melanoma,,,,train,3,1,0,,,,,,,,,,,,,,,,,,
Synth,sdl_001582.png,/home/marsi/TFM/data/gen/SD_E2_HOPE/v1_8000/sdl_001582.png,284,284,,1,melanoma,,,,train,3,1,0,,,,,,,,,,,,,,,,,,
Synth,sdl_001583.png,/home/marsi/TFM/data/gen/SD_E2_HOPE/v1_8000/sdl_001583.png,284,284,,1,melanoma,,,,train,3,1,0,,,,,,,,,,,,,,,,,,
Synth,sdl_001584.png,/home/marsi/TFM/data/gen/SD_E2_HOPE/v1_8000/sdl_001584.png,284,284,,1,melanoma,,,,train,3,1,0,,,,,,,,,,,,,,,,,,
Synth,sdl_001585.png,/home/marsi/TFM/data/gen/SD_E2_HOPE/v1_8000/sdl_001585.png,284,284,,1,melanoma,,,,train,3,1,0,,,,,,,,,,,,,,,,,,
Synth,sdl_001586.png,/home/marsi/TFM/data/gen/SD_E2_HOPE/v1_8000/sdl_001586.png,284,284,,1,melanoma,,,,train,3,1,0,,,,,,,,,,,,,,,,,,
Synth,sdl_001587.png,/home/marsi/TFM/data/gen/SD_E2_HOPE/v1_8000/sdl_001587.png,284,284,,1,melanoma,,,,train,3,1,0,,,,,,,,,,,,,,,,,,
Synth,sdl_001588.png,/home/marsi/TFM/data/gen/SD_E2_HOPE/v1_8000/sdl_001588.png,284,284,,1,melanoma,,,,train,3,1,0,,,,,,,,,,,,,,,,,,
Synth,sdl_001589.png,/home/marsi/TFM/data/gen/SD_E2_HOPE/v1_8000/sdl_001589.png,284,284,,1,melanoma,,,,train,3,1,0,,,,,,,,,,,,,,,,,,
Synth,sdl_001590.png,/home/marsi/TFM/data/gen/SD_E2_HOPE/v1_8000/sdl_001590.png,284,284,,1,melanoma,,,,train,3,1,0,,,,,,,,,,,,,,,,,,
Synth,sdl_001591.png,/home/marsi/TFM/data/gen/SD_E2_HOPE/v1_8000/sdl_001591.png,284,284,,1,melanoma,,,,train,3,1,0,,,,,,,,,,,,,,,,,,
Synth,sdl_001592.png,/home/marsi/TFM/data/gen/SD_E2_HOPE/v1_8000/sdl_001592.png,284,284,,1,melanoma,,,,train,3,1,0,,,,,,,,,,,,,,,,,,
Synth,sdl_001593.png,/home/marsi/TFM/data/gen/SD_E2_HOPE/v1_8000/sdl_001593.png,284,284,,1,melanoma,,,,train,3,1,0,,,,,,,,,,,,,,,,,,
Synth,sdl_001594.png,/home/marsi/TFM/data/gen/SD_E2_HOPE/v1_8000/sdl_001594.png,284,284,,1,melanoma,,,,train,3,1,0,,,,,,,,,,,,,,,,,,
Synth,sdl_001595.png,/home/marsi/TFM/data/gen/SD_E2_HOPE/v1_8000/sdl_001595.png,284,284,,1,melanoma,,,,train,3,1,0,,,,,,,,,,,,,,,,,,
Synth,sdl_001596.png,/home/marsi/TFM/data/gen/SD_E2_HOPE/v1_8000/sdl_001596.png,284,284,,1,melanoma,,,,train,3,1,0,,,,,,,,,,,,,,,,,,
Synth,sdl_001597.png,/home/marsi/TFM/data/gen/SD_E2_HOPE/v1_8000/sdl_001597.png,284,284,,1,melanoma,,,,train,3,1,0,,,,,,,,,,,,,,,,,,
Synth,sdl_001598.png,/home/marsi/TFM/data/gen/SD_E2_HOPE/v1_8000/sdl_001598.png,284,284,,1,melanoma,,,,train,3,1,0,,,,,,,,,,,,,,,,,,
Synth,sdl_001599.png,/home/marsi/TFM/data/gen/SD_E2_HOPE/v1_8000/sdl_001599.png,284,284,,1,melanoma,,,,train,3,1,0,,,,,,,,,,,,,,,,,,
Synth,sdl_001600.png,/home/marsi/TFM/data/gen/SD_E2_HOPE/v1_8000/sdl_001600.png,284,284,,1,melanoma,,,,train,3,1,0,,,,,,,,,,,,,,,,,,
Synth,sdl_001601.png,/home/marsi/TFM/data/gen/SD_E2_HOPE/v1_8000/sdl_001601.png,284,284,,1,melanoma,,,,train,3,1,0,,,,,,,,,,,,,,,,,,
Synth,sdl_001602.png,/home/marsi/TFM/data/gen/SD_E2_HOPE/v1_8000/sdl_001602.png,284,284,,1,melanoma,,,,train,3,1,0,,,,,,,,,,,,,,,,,,
Synth,sdl_001603.png,/home/marsi/TFM/data/gen/SD_E2_HOPE/v1_8000/sdl_001603.png,284,284,,1,melanoma,,,,train,3,1,0,,,,,,,,,,,,,,,,,,
Synth,sdl_001604.png,/home/marsi/TFM/data/gen/SD_E2_HOPE/v1_8000/sdl_001604.png,284,284,,1,melanoma,,,,train,3,1,0,,,,,,,,,,,,,,,,,,
Synth,sdl_001605.png,/home/marsi/TFM/data/gen/SD_E2_HOPE/v1_8000/sdl_001605.png,284,284,,1,melanoma,,,,train,3,1,0,,,,,,,,,,,,,,,,,,
Synth,sdl_001606.png,/home/marsi/TFM/data/gen/SD_E2_HOPE/v1_8000/sdl_001606.png,284,284,,1,melanoma,,,,train,3,1,0,,,,,,,,,,,,,,,,,,
Synth,sdl_001607.png,/home/marsi/TFM/data/gen/SD_E2_HOPE/v1_8000/sdl_001607.png,284,284,,1,melanoma,,,,train,3,1,0,,,,,,,,,,,,,,,,,,
Synth,sdl_001608.png,/home/marsi/TFM/data/gen/SD_E2_HOPE/v1_8000/sdl_001608.png,284,284,,1,melanoma,,,,train,3,1,0,,,,,,,,,,,,,,,,,,
Synth,sdl_001609.png,/home/marsi/TFM/data/gen/SD_E2_HOPE/v1_8000/sdl_001609.png,284,284,,1,melanoma,,,,train,3,1,0,,,,,,,,,,,,,,,,,,
Synth,sdl_001610.png,/home/marsi/TFM/data/gen/SD_E2_HOPE/v1_8000/sdl_001610.png,284,284,,1,melanoma,,,,train,3,1,0,,,,,,,,,,,,,,,,,,
Synth,sdl_001611.png,/home/marsi/TFM/data/gen/SD_E2_HOPE/v1_8000/sdl_001611.png,284,284,,1,melanoma,,,,train,3,1,0,,,,,,,,,,,,,,,,,,
Synth,sdl_001612.png,/home/marsi/TFM/data/gen/SD_E2_HOPE/v1_8000/sdl_001612.png,284,284,,1,melanoma,,,,train,3,1,0,,,,,,,,,,,,,,,,,,
Synth,sdl_001613.png,/home/marsi/TFM/data/gen/SD_E2_HOPE/v1_8000/sdl_001613.png,284,284,,1,melanoma,,,,train,3,1,0,,,,,,,,,,,,,,,,,,
Synth,sdl_001614.png,/home/marsi/TFM/data/gen/SD_E2_HOPE/v1_8000/sdl_001614.png,284,284,,1,melanoma,,,,train,3,1,0,,,,,,,,,,,,,,,,,,
Synth,sdl_001615.png,/home/marsi/TFM/data/gen/SD_E2_HOPE/v1_8000/sdl_001615.png,284,284,,1,melanoma,,,,train,3,1,0,,,,,,,,,,,,,,,,,,
Synth,sdl_001616.png,/home/marsi/TFM/data/gen/SD_E2_HOPE/v1_8000/sdl_001616.png,284,284,,1,melanoma,,,,train,3,1,0,,,,,,,,,,,,,,,,,,
Synth,sdl_001617.png,/home/marsi/TFM/data/gen/SD_E2_HOPE/v1_8000/sdl_001617.png,284,284,,1,melanoma,,,,train,3,1,0,,,,,,,,,,,,,,,,,,
Synth,sdl_001618.png,/home/marsi/TFM/data/gen/SD_E2_HOPE/v1_8000/sdl_001618.png,284,284,,1,melanoma,,,,train,3,1,0,,,,,,,,,,,,,,,,,,
Synth,sdl_001619.png,/home/marsi/TFM/data/gen/SD_E2_HOPE/v1_8000/sdl_001619.png,284,284,,1,melanoma,,,,train,3,1,0,,,,,,,,,,,,,,,,,,
Synth,sdl_001620.png,/home/marsi/TFM/data/gen/SD_E2_HOPE/v1_8000/sdl_001620.png,284,284,,1,melanoma,,,,train,3,1,0,,,,,,,,,,,,,,,,,,
Synth,sdl_001621.png,/home/marsi/TFM/data/gen/SD_E2_HOPE/v1_8000/sdl_001621.png,284,284,,1,melanoma,,,,train,3,1,0,,,,,,,,,,,,,,,,,,
Synth,sdl_001622.png,/home/marsi/TFM/data/gen/SD_E2_HOPE/v1_8000/sdl_001622.png,284,284,,1,melanoma,,,,train,3,1,0,,,,,,,,,,,,,,,,,,
Synth,sdl_001623.png,/home/marsi/TFM/data/gen/SD_E2_HOPE/v1_8000/sdl_001623.png,284,284,,1,melanoma,,,,train,3,1,0,,,,,,,,,,,,,,,,,,
Synth,sdl_001624.png,/home/marsi/TFM/data/gen/SD_E2_HOPE/v1_8000/sdl_001624.png,284,284,,1,melanoma,,,,train,3,1,0,,,,,,,,,,,,,,,,,,
Synth,sdl_001625.png,/home/marsi/TFM/data/gen/SD_E2_HOPE/v1_8000/sdl_001625.png,284,284,,1,melanoma,,,,train,3,1,0,,,,,,,,,,,,,,,,,,
Synth,sdl_001626.png,/home/marsi/TFM/data/gen/SD_E2_HOPE/v1_8000/sdl_001626.png,284,284,,1,melanoma,,,,train,3,1,0,,,,,,,,,,,,,,,,,,
Synth,sdl_001627.png,/home/marsi/TFM/data/gen/SD_E2_HOPE/v1_8000/sdl_001627.png,284,284,,1,melanoma,,,,train,3,1,0,,,,,,,,,,,,,,,,,,
Synth,sdl_001628.png,/home/marsi/TFM/data/gen/SD_E2_HOPE/v1_8000/sdl_001628.png,284,284,,1,melanoma,,,,train,3,1,0,,,,,,,,,,,,,,,,,,
Synth,sdl_001629.png,/home/marsi/TFM/data/gen/SD_E2_HOPE/v1_8000/sdl_001629.png,284,284,,1,melanoma,,,,train,3,1,0,,,,,,,,,,,,,,,,,,
Synth,sdl_001630.png,/home/marsi/TFM/data/gen/SD_E2_HOPE/v1_8000/sdl_001630.png,284,284,,1,melanoma,,,,train,3,1,0,,,,,,,,,,,,,,,,,,
Synth,sdl_001631.png,/home/marsi/TFM/data/gen/SD_E2_HOPE/v1_8000/sdl_001631.png,284,284,,1,melanoma,,,,train,3,1,0,,,,,,,,,,,,,,,,,,
Synth,sdl_001632.png,/home/marsi/TFM/data/gen/SD_E2_HOPE/v1_8000/sdl_001632.png,284,284,,1,melanoma,,,,train,3,1,0,,,,,,,,,,,,,,,,,,
Synth,sdl_001633.png,/home/marsi/TFM/data/gen/SD_E2_HOPE/v1_8000/sdl_001633.png,284,284,,1,melanoma,,,,train,3,1,0,,,,,,,,,,,,,,,,,,
Synth,sdl_001634.png,/home/marsi/TFM/data/gen/SD_E2_HOPE/v1_8000/sdl_001634.png,284,284,,1,melanoma,,,,train,3,1,0,,,,,,,,,,,,,,,,,,
Synth,sdl_001635.png,/home/marsi/TFM/data/gen/SD_E2_HOPE/v1_8000/sdl_001635.png,284,284,,1,melanoma,,,,train,3,1,0,,,,,,,,,,,,,,,,,,
Synth,sdl_001636.png,/home/marsi/TFM/data/gen/SD_E2_HOPE/v1_8000/sdl_001636.png,284,284,,1,melanoma,,,,train,3,1,0,,,,,,,,,,,,,,,,,,
Synth,sdl_001637.png,/home/marsi/TFM/data/gen/SD_E2_HOPE/v1_8000/sdl_001637.png,284,284,,1,melanoma,,,,train,3,1,0,,,,,,,,,,,,,,,,,,
Synth,sdl_001638.png,/home/marsi/TFM/data/gen/SD_E2_HOPE/v1_8000/sdl_001638.png,284,284,,1,melanoma,,,,train,3,1,0,,,,,,,,,,,,,,,,,,
Synth,sdl_001639.png,/home/marsi/TFM/data/gen/SD_E2_HOPE/v1_8000/sdl_001639.png,284,284,,1,melanoma,,,,train,3,1,0,,,,,,,,,,,,,,,,,,
Synth,sdl_001640.png,/home/marsi/TFM/data/gen/SD_E2_HOPE/v1_8000/sdl_001640.png,284,284,,1,melanoma,,,,train,3,1,0,,,,,,,,,,,,,,,,,,
Synth,sdl_001641.png,/home/marsi/TFM/data/gen/SD_E2_HOPE/v1_8000/sdl_001641.png,284,284,,1,melanoma,,,,train,3,1,0,,,,,,,,,,,,,,,,,,
Synth,sdl_001642.png,/home/marsi/TFM/data/gen/SD_E2_HOPE/v1_8000/sdl_001642.png,284,284,,1,melanoma,,,,train,3,1,0,,,,,,,,,,,,,,,,,,
Synth,sdl_001643.png,/home/marsi/TFM/data/gen/SD_E2_HOPE/v1_8000/sdl_001643.png,284,284,,1,melanoma,,,,train,3,1,0,,,,,,,,,,,,,,,,,,
Synth,sdl_001644.png,/home/marsi/TFM/data/gen/SD_E2_HOPE/v1_8000/sdl_001644.png,284,284,,1,melanoma,,,,train,3,1,0,,,,,,,,,,,,,,,,,,
Synth,sdl_001645.png,/home/marsi/TFM/data/gen/SD_E2_HOPE/v1_8000/sdl_001645.png,284,284,,1,melanoma,,,,train,3,1,0,,,,,,,,,,,,,,,,,,
Synth,sdl_001646.png,/home/marsi/TFM/data/gen/SD_E2_HOPE/v1_8000/sdl_001646.png,284,284,,1,melanoma,,,,train,3,1,0,,,,,,,,,,,,,,,,,,
Synth,sdl_001647.png,/home/marsi/TFM/data/gen/SD_E2_HOPE/v1_8000/sdl_001647.png,284,284,,1,melanoma,,,,train,3,1,0,,,,,,,,,,,,,,,,,,
Synth,sdl_001648.png,/home/marsi/TFM/data/gen/SD_E2_HOPE/v1_8000/sdl_001648.png,284,284,,1,melanoma,,,,train,3,1,0,,,,,,,,,,,,,,,,,,
Synth,sdl_001649.png,/home/marsi/TFM/data/gen/SD_E2_HOPE/v1_8000/sdl_001649.png,284,284,,1,melanoma,,,,train,3,1,0,,,,,,,,,,,,,,,,,,
Synth,sdl_001650.png,/home/marsi/TFM/data/gen/SD_E2_HOPE/v1_8000/sdl_001650.png,284,284,,1,melanoma,,,,train,3,1,0,,,,,,,,,,,,,,,,,,
Synth,sdl_001651.png,/home/marsi/TFM/data/gen/SD_E2_HOPE/v1_8000/sdl_001651.png,284,284,,1,melanoma,,,,train,3,1,0,,,,,,,,,,,,,,,,,,
Synth,sdl_001652.png,/home/marsi/TFM/data/gen/SD_E2_HOPE/v1_8000/sdl_001652.png,284,284,,1,melanoma,,,,train,3,1,0,,,,,,,,,,,,,,,,,,
Synth,sdl_001653.png,/home/marsi/TFM/data/gen/SD_E2_HOPE/v1_8000/sdl_001653.png,284,284,,1,melanoma,,,,train,3,1,0,,,,,,,,,,,,,,,,,,
Synth,sdl_001654.png,/home/marsi/TFM/data/gen/SD_E2_HOPE/v1_8000/sdl_001654.png,284,284,,1,melanoma,,,,train,3,1,0,,,,,,,,,,,,,,,,,,
Synth,sdl_001655.png,/home/marsi/TFM/data/gen/SD_E2_HOPE/v1_8000/sdl_001655.png,284,284,,1,melanoma,,,,train,3,1,0,,,,,,,,,,,,,,,,,,
Synth,sdl_001656.png,/home/marsi/TFM/data/gen/SD_E2_HOPE/v1_8000/sdl_001656.png,284,284,,1,melanoma,,,,train,3,1,0,,,,,,,,,,,,,,,,,,
Synth,sdl_001657.png,/home/marsi/TFM/data/gen/SD_E2_HOPE/v1_8000/sdl_001657.png,284,284,,1,melanoma,,,,train,3,1,0,,,,,,,,,,,,,,,,,,
Synth,sdl_001658.png,/home/marsi/TFM/data/gen/SD_E2_HOPE/v1_8000/sdl_001658.png,284,284,,1,melanoma,,,,train,3,1,0,,,,,,,,,,,,,,,,,,
Synth,sdl_001659.png,/home/marsi/TFM/data/gen/SD_E2_HOPE/v1_8000/sdl_001659.png,284,284,,1,melanoma,,,,train,3,1,0,,,,,,,,,,,,,,,,,,
Synth,sdl_001660.png,/home/marsi/TFM/data/gen/SD_E2_HOPE/v1_8000/sdl_001660.png,284,284,,1,melanoma,,,,train,3,1,0,,,,,,,,,,,,,,,,,,
Synth,sdl_001661.png,/home/marsi/TFM/data/gen/SD_E2_HOPE/v1_8000/sdl_001661.png,284,284,,1,melanoma,,,,train,3,1,0,,,,,,,,,,,,,,,,,,
Synth,sdl_001662.png,/home/marsi/TFM/data/gen/SD_E2_HOPE/v1_8000/sdl_001662.png,284,284,,1,melanoma,,,,train,3,1,0,,,,,,,,,,,,,,,,,,
Synth,sdl_001663.png,/home/marsi/TFM/data/gen/SD_E2_HOPE/v1_8000/sdl_001663.png,284,284,,1,melanoma,,,,train,3,1,0,,,,,,,,,,,,,,,,,,
Synth,sdl_001664.png,/home/marsi/TFM/data/gen/SD_E2_HOPE/v1_8000/sdl_001664.png,284,284,,1,melanoma,,,,train,3,1,0,,,,,,,,,,,,,,,,,,
Synth,sdl_001665.png,/home/marsi/TFM/data/gen/SD_E2_HOPE/v1_8000/sdl_001665.png,284,284,,1,melanoma,,,,train,3,1,0,,,,,,,,,,,,,,,,,,
Synth,sdl_001666.png,/home/marsi/TFM/data/gen/SD_E2_HOPE/v1_8000/sdl_001666.png,284,284,,1,melanoma,,,,train,3,1,0,,,,,,,,,,,,,,,,,,
Synth,sdl_001667.png,/home/marsi/TFM/data/gen/SD_E2_HOPE/v1_8000/sdl_001667.png,284,284,,1,melanoma,,,,train,3,1,0,,,,,,,,,,,,,,,,,,
Synth,sdl_001668.png,/home/marsi/TFM/data/gen/SD_E2_HOPE/v1_8000/sdl_001668.png,284,284,,1,melanoma,,,,train,3,1,0,,,,,,,,,,,,,,,,,,
Synth,sdl_001669.png,/home/marsi/TFM/data/gen/SD_E2_HOPE/v1_8000/sdl_001669.png,284,284,,1,melanoma,,,,train,3,1,0,,,,,,,,,,,,,,,,,,
Synth,sdl_001670.png,/home/marsi/TFM/data/gen/SD_E2_HOPE/v1_8000/sdl_001670.png,284,284,,1,melanoma,,,,train,3,1,0,,,,,,,,,,,,,,,,,,
Synth,sdl_001671.png,/home/marsi/TFM/data/gen/SD_E2_HOPE/v1_8000/sdl_001671.png,284,284,,1,melanoma,,,,train,3,1,0,,,,,,,,,,,,,,,,,,
Synth,sdl_001672.png,/home/marsi/TFM/data/gen/SD_E2_HOPE/v1_8000/sdl_001672.png,284,284,,1,melanoma,,,,train,3,1,0,,,,,,,,,,,,,,,,,,
Synth,sdl_001673.png,/home/marsi/TFM/data/gen/SD_E2_HOPE/v1_8000/sdl_001673.png,284,284,,1,melanoma,,,,train,3,1,0,,,,,,,,,,,,,,,,,,
Synth,sdl_001674.png,/home/marsi/TFM/data/gen/SD_E2_HOPE/v1_8000/sdl_001674.png,284,284,,1,melanoma,,,,train,3,1,0,,,,,,,,,,,,,,,,,,
Synth,sdl_001675.png,/home/marsi/TFM/data/gen/SD_E2_HOPE/v1_8000/sdl_001675.png,284,284,,1,melanoma,,,,train,3,1,0,,,,,,,,,,,,,,,,,,
Synth,sdl_001676.png,/home/marsi/TFM/data/gen/SD_E2_HOPE/v1_8000/sdl_001676.png,284,284,,1,melanoma,,,,train,3,1,0,,,,,,,,,,,,,,,,,,
Synth,sdl_001677.png,/home/marsi/TFM/data/gen/SD_E2_HOPE/v1_8000/sdl_001677.png,284,284,,1,melanoma,,,,train,3,1,0,,,,,,,,,,,,,,,,,,
Synth,sdl_001678.png,/home/marsi/TFM/data/gen/SD_E2_HOPE/v1_8000/sdl_001678.png,284,284,,1,melanoma,,,,train,3,1,0,,,,,,,,,,,,,,,,,,
Synth,sdl_001679.png,/home/marsi/TFM/data/gen/SD_E2_HOPE/v1_8000/sdl_001679.png,284,284,,1,melanoma,,,,train,3,1,0,,,,,,,,,,,,,,,,,,
Synth,sdl_001680.png,/home/marsi/TFM/data/gen/SD_E2_HOPE/v1_8000/sdl_001680.png,284,284,,1,melanoma,,,,train,3,1,0,,,,,,,,,,,,,,,,,,
Synth,sdl_001681.png,/home/marsi/TFM/data/gen/SD_E2_HOPE/v1_8000/sdl_001681.png,284,284,,1,melanoma,,,,train,3,1,0,,,,,,,,,,,,,,,,,,
Synth,sdl_001682.png,/home/marsi/TFM/data/gen/SD_E2_HOPE/v1_8000/sdl_001682.png,284,284,,1,melanoma,,,,train,3,1,0,,,,,,,,,,,,,,,,,,
Synth,sdl_001683.png,/home/marsi/TFM/data/gen/SD_E2_HOPE/v1_8000/sdl_001683.png,284,284,,1,melanoma,,,,train,3,1,0,,,,,,,,,,,,,,,,,,
Synth,sdl_001684.png,/home/marsi/TFM/data/gen/SD_E2_HOPE/v1_8000/sdl_001684.png,284,284,,1,melanoma,,,,train,3,1,0,,,,,,,,,,,,,,,,,,
Synth,sdl_001685.png,/home/marsi/TFM/data/gen/SD_E2_HOPE/v1_8000/sdl_001685.png,284,284,,1,melanoma,,,,train,3,1,0,,,,,,,,,,,,,,,,,,
Synth,sdl_001686.png,/home/marsi/TFM/data/gen/SD_E2_HOPE/v1_8000/sdl_001686.png,284,284,,1,melanoma,,,,train,3,1,0,,,,,,,,,,,,,,,,,,
Synth,sdl_001687.png,/home/marsi/TFM/data/gen/SD_E2_HOPE/v1_8000/sdl_001687.png,284,284,,1,melanoma,,,,train,3,1,0,,,,,,,,,,,,,,,,,,
Synth,sdl_001688.png,/home/marsi/TFM/data/gen/SD_E2_HOPE/v1_8000/sdl_001688.png,284,284,,1,melanoma,,,,train,3,1,0,,,,,,,,,,,,,,,,,,
Synth,sdl_001689.png,/home/marsi/TFM/data/gen/SD_E2_HOPE/v1_8000/sdl_001689.png,284,284,,1,melanoma,,,,train,3,1,0,,,,,,,,,,,,,,,,,,
Synth,sdl_001690.png,/home/marsi/TFM/data/gen/SD_E2_HOPE/v1_8000/sdl_001690.png,284,284,,1,melanoma,,,,train,3,1,0,,,,,,,,,,,,,,,,,,
Synth,sdl_001691.png,/home/marsi/TFM/data/gen/SD_E2_HOPE/v1_8000/sdl_001691.png,284,284,,1,melanoma,,,,train,3,1,0,,,,,,,,,,,,,,,,,,
Synth,sdl_001692.png,/home/marsi/TFM/data/gen/SD_E2_HOPE/v1_8000/sdl_001692.png,284,284,,1,melanoma,,,,train,3,1,0,,,,,,,,,,,,,,,,,,
Synth,sdl_001693.png,/home/marsi/TFM/data/gen/SD_E2_HOPE/v1_8000/sdl_001693.png,284,284,,1,melanoma,,,,train,3,1,0,,,,,,,,,,,,,,,,,,
Synth,sdl_001694.png,/home/marsi/TFM/data/gen/SD_E2_HOPE/v1_8000/sdl_001694.png,284,284,,1,melanoma,,,,train,3,1,0,,,,,,,,,,,,,,,,,,
Synth,sdl_001695.png,/home/marsi/TFM/data/gen/SD_E2_HOPE/v1_8000/sdl_001695.png,284,284,,1,melanoma,,,,train,3,1,0,,,,,,,,,,,,,,,,,,
Synth,sdl_001696.png,/home/marsi/TFM/data/gen/SD_E2_HOPE/v1_8000/sdl_001696.png,284,284,,1,melanoma,,,,train,3,1,0,,,,,,,,,,,,,,,,,,
Synth,sdl_001697.png,/home/marsi/TFM/data/gen/SD_E2_HOPE/v1_8000/sdl_001697.png,284,284,,1,melanoma,,,,train,3,1,0,,,,,,,,,,,,,,,,,,
Synth,sdl_001698.png,/home/marsi/TFM/data/gen/SD_E2_HOPE/v1_8000/sdl_001698.png,284,284,,1,melanoma,,,,train,3,1,0,,,,,,,,,,,,,,,,,,
Synth,sdl_001699.png,/home/marsi/TFM/data/gen/SD_E2_HOPE/v1_8000/sdl_001699.png,284,284,,1,melanoma,,,,train,3,1,0,,,,,,,,,,,,,,,,,,
Synth,sdl_001700.png,/home/marsi/TFM/data/gen/SD_E2_HOPE/v1_8000/sdl_001700.png,284,284,,1,melanoma,,,,train,3,1,0,,,,,,,,,,,,,,,,,,
Synth,sdl_001701.png,/home/marsi/TFM/data/gen/SD_E2_HOPE/v1_8000/sdl_001701.png,284,284,,1,melanoma,,,,train,3,1,0,,,,,,,,,,,,,,,,,,
Synth,sdl_001702.png,/home/marsi/TFM/data/gen/SD_E2_HOPE/v1_8000/sdl_001702.png,284,284,,1,melanoma,,,,train,3,1,0,,,,,,,,,,,,,,,,,,
Synth,sdl_001703.png,/home/marsi/TFM/data/gen/SD_E2_HOPE/v1_8000/sdl_001703.png,284,284,,1,melanoma,,,,train,3,1,0,,,,,,,,,,,,,,,,,,
Synth,sdl_001704.png,/home/marsi/TFM/data/gen/SD_E2_HOPE/v1_8000/sdl_001704.png,284,284,,1,melanoma,,,,train,3,1,0,,,,,,,,,,,,,,,,,,
Synth,sdl_001705.png,/home/marsi/TFM/data/gen/SD_E2_HOPE/v1_8000/sdl_001705.png,284,284,,1,melanoma,,,,train,3,1,0,,,,,,,,,,,,,,,,,,
Synth,sdl_001706.png,/home/marsi/TFM/data/gen/SD_E2_HOPE/v1_8000/sdl_001706.png,284,284,,1,melanoma,,,,train,3,1,0,,,,,,,,,,,,,,,,,,
Synth,sdl_001707.png,/home/marsi/TFM/data/gen/SD_E2_HOPE/v1_8000/sdl_001707.png,284,284,,1,melanoma,,,,train,3,1,0,,,,,,,,,,,,,,,,,,
Synth,sdl_001708.png,/home/marsi/TFM/data/gen/SD_E2_HOPE/v1_8000/sdl_001708.png,284,284,,1,melanoma,,,,train,3,1,0,,,,,,,,,,,,,,,,,,
Synth,sdl_001709.png,/home/marsi/TFM/data/gen/SD_E2_HOPE/v1_8000/sdl_001709.png,284,284,,1,melanoma,,,,train,3,1,0,,,,,,,,,,,,,,,,,,
Synth,sdl_001710.png,/home/marsi/TFM/data/gen/SD_E2_HOPE/v1_8000/sdl_001710.png,284,284,,1,melanoma,,,,train,3,1,0,,,,,,,,,,,,,,,,,,
Synth,sdl_001711.png,/home/marsi/TFM/data/gen/SD_E2_HOPE/v1_8000/sdl_001711.png,284,284,,1,melanoma,,,,train,3,1,0,,,,,,,,,,,,,,,,,,
Synth,sdl_001712.png,/home/marsi/TFM/data/gen/SD_E2_HOPE/v1_8000/sdl_001712.png,284,284,,1,melanoma,,,,train,3,1,0,,,,,,,,,,,,,,,,,,
Synth,sdl_001713.png,/home/marsi/TFM/data/gen/SD_E2_HOPE/v1_8000/sdl_001713.png,284,284,,1,melanoma,,,,train,3,1,0,,,,,,,,,,,,,,,,,,
Synth,sdl_001714.png,/home/marsi/TFM/data/gen/SD_E2_HOPE/v1_8000/sdl_001714.png,284,284,,1,melanoma,,,,train,3,1,0,,,,,,,,,,,,,,,,,,
Synth,sdl_001715.png,/home/marsi/TFM/data/gen/SD_E2_HOPE/v1_8000/sdl_001715.png,284,284,,1,melanoma,,,,train,3,1,0,,,,,,,,,,,,,,,,,,
Synth,sdl_001716.png,/home/marsi/TFM/data/gen/SD_E2_HOPE/v1_8000/sdl_001716.png,284,284,,1,melanoma,,,,train,3,1,0,,,,,,,,,,,,,,,,,,
Synth,sdl_001717.png,/home/marsi/TFM/data/gen/SD_E2_HOPE/v1_8000/sdl_001717.png,284,284,,1,melanoma,,,,train,3,1,0,,,,,,,,,,,,,,,,,,
Synth,sdl_001718.png,/home/marsi/TFM/data/gen/SD_E2_HOPE/v1_8000/sdl_001718.png,284,284,,1,melanoma,,,,train,3,1,0,,,,,,,,,,,,,,,,,,
Synth,sdl_001719.png,/home/marsi/TFM/data/gen/SD_E2_HOPE/v1_8000/sdl_001719.png,284,284,,1,melanoma,,,,train,3,1,0,,,,,,,,,,,,,,,,,,
Synth,sdl_001720.png,/home/marsi/TFM/data/gen/SD_E2_HOPE/v1_8000/sdl_001720.png,284,284,,1,melanoma,,,,train,3,1,0,,,,,,,,,,,,,,,,,,
Synth,sdl_001721.png,/home/marsi/TFM/data/gen/SD_E2_HOPE/v1_8000/sdl_001721.png,284,284,,1,melanoma,,,,train,3,1,0,,,,,,,,,,,,,,,,,,
Synth,sdl_001722.png,/home/marsi/TFM/data/gen/SD_E2_HOPE/v1_8000/sdl_001722.png,284,284,,1,melanoma,,,,train,3,1,0,,,,,,,,,,,,,,,,,,
Synth,sdl_001723.png,/home/marsi/TFM/data/gen/SD_E2_HOPE/v1_8000/sdl_001723.png,284,284,,1,melanoma,,,,train,3,1,0,,,,,,,,,,,,,,,,,,
Synth,sdl_001724.png,/home/marsi/TFM/data/gen/SD_E2_HOPE/v1_8000/sdl_001724.png,284,284,,1,melanoma,,,,train,3,1,0,,,,,,,,,,,,,,,,,,
Synth,sdl_001725.png,/home/marsi/TFM/data/gen/SD_E2_HOPE/v1_8000/sdl_001725.png,284,284,,1,melanoma,,,,train,3,1,0,,,,,,,,,,,,,,,,,,
Synth,sdl_001726.png,/home/marsi/TFM/data/gen/SD_E2_HOPE/v1_8000/sdl_001726.png,284,284,,1,melanoma,,,,train,3,1,0,,,,,,,,,,,,,,,,,,
Synth,sdl_001727.png,/home/marsi/TFM/data/gen/SD_E2_HOPE/v1_8000/sdl_001727.png,284,284,,1,melanoma,,,,train,3,1,0,,,,,,,,,,,,,,,,,,
Synth,sdl_001728.png,/home/marsi/TFM/data/gen/SD_E2_HOPE/v1_8000/sdl_001728.png,284,284,,1,melanoma,,,,train,3,1,0,,,,,,,,,,,,,,,,,,
Synth,sdl_001729.png,/home/marsi/TFM/data/gen/SD_E2_HOPE/v1_8000/sdl_001729.png,284,284,,1,melanoma,,,,train,3,1,0,,,,,,,,,,,,,,,,,,
Synth,sdl_001730.png,/home/marsi/TFM/data/gen/SD_E2_HOPE/v1_8000/sdl_001730.png,284,284,,1,melanoma,,,,train,3,1,0,,,,,,,,,,,,,,,,,,
Synth,sdl_001731.png,/home/marsi/TFM/data/gen/SD_E2_HOPE/v1_8000/sdl_001731.png,284,284,,1,melanoma,,,,train,3,1,0,,,,,,,,,,,,,,,,,,
Synth,sdl_001732.png,/home/marsi/TFM/data/gen/SD_E2_HOPE/v1_8000/sdl_001732.png,284,284,,1,melanoma,,,,train,3,1,0,,,,,,,,,,,,,,,,,,
Synth,sdl_001733.png,/home/marsi/TFM/data/gen/SD_E2_HOPE/v1_8000/sdl_001733.png,284,284,,1,melanoma,,,,train,3,1,0,,,,,,,,,,,,,,,,,,
Synth,sdl_001734.png,/home/marsi/TFM/data/gen/SD_E2_HOPE/v1_8000/sdl_001734.png,284,284,,1,melanoma,,,,train,3,1,0,,,,,,,,,,,,,,,,,,
Synth,sdl_001735.png,/home/marsi/TFM/data/gen/SD_E2_HOPE/v1_8000/sdl_001735.png,284,284,,1,melanoma,,,,train,3,1,0,,,,,,,,,,,,,,,,,,
Synth,sdl_001736.png,/home/marsi/TFM/data/gen/SD_E2_HOPE/v1_8000/sdl_001736.png,284,284,,1,melanoma,,,,train,3,1,0,,,,,,,,,,,,,,,,,,
Synth,sdl_001737.png,/home/marsi/TFM/data/gen/SD_E2_HOPE/v1_8000/sdl_001737.png,284,284,,1,melanoma,,,,train,3,1,0,,,,,,,,,,,,,,,,,,
Synth,sdl_001738.png,/home/marsi/TFM/data/gen/SD_E2_HOPE/v1_8000/sdl_001738.png,284,284,,1,melanoma,,,,train,3,1,0,,,,,,,,,,,,,,,,,,
Synth,sdl_001739.png,/home/marsi/TFM/data/gen/SD_E2_HOPE/v1_8000/sdl_001739.png,284,284,,1,melanoma,,,,train,3,1,0,,,,,,,,,,,,,,,,,,
Synth,sdl_001740.png,/home/marsi/TFM/data/gen/SD_E2_HOPE/v1_8000/sdl_001740.png,284,284,,1,melanoma,,,,train,3,1,0,,,,,,,,,,,,,,,,,,
Synth,sdl_001741.png,/home/marsi/TFM/data/gen/SD_E2_HOPE/v1_8000/sdl_001741.png,284,284,,1,melanoma,,,,train,3,1,0,,,,,,,,,,,,,,,,,,
Synth,sdl_001742.png,/home/marsi/TFM/data/gen/SD_E2_HOPE/v1_8000/sdl_001742.png,284,284,,1,melanoma,,,,train,3,1,0,,,,,,,,,,,,,,,,,,
Synth,sdl_001743.png,/home/marsi/TFM/data/gen/SD_E2_HOPE/v1_8000/sdl_001743.png,284,284,,1,melanoma,,,,train,3,1,0,,,,,,,,,,,,,,,,,,
Synth,sdl_001744.png,/home/marsi/TFM/data/gen/SD_E2_HOPE/v1_8000/sdl_001744.png,284,284,,1,melanoma,,,,train,3,1,0,,,,,,,,,,,,,,,,,,
Synth,sdl_001745.png,/home/marsi/TFM/data/gen/SD_E2_HOPE/v1_8000/sdl_001745.png,284,284,,1,melanoma,,,,train,3,1,0,,,,,,,,,,,,,,,,,,
Synth,sdl_001746.png,/home/marsi/TFM/data/gen/SD_E2_HOPE/v1_8000/sdl_001746.png,284,284,,1,melanoma,,,,train,3,1,0,,,,,,,,,,,,,,,,,,
Synth,sdl_001747.png,/home/marsi/TFM/data/gen/SD_E2_HOPE/v1_8000/sdl_001747.png,284,284,,1,melanoma,,,,train,3,1,0,,,,,,,,,,,,,,,,,,
Synth,sdl_001748.png,/home/marsi/TFM/data/gen/SD_E2_HOPE/v1_8000/sdl_001748.png,284,284,,1,melanoma,,,,train,3,1,0,,,,,,,,,,,,,,,,,,
Synth,sdl_001749.png,/home/marsi/TFM/data/gen/SD_E2_HOPE/v1_8000/sdl_001749.png,284,284,,1,melanoma,,,,train,3,1,0,,,,,,,,,,,,,,,,,,
Synth,sdl_001750.png,/home/marsi/TFM/data/gen/SD_E2_HOPE/v1_8000/sdl_001750.png,284,284,,1,melanoma,,,,train,3,1,0,,,,,,,,,,,,,,,,,,
Synth,sdl_001751.png,/home/marsi/TFM/data/gen/SD_E2_HOPE/v1_8000/sdl_001751.png,284,284,,1,melanoma,,,,train,3,1,0,,,,,,,,,,,,,,,,,,
Synth,sdl_001752.png,/home/marsi/TFM/data/gen/SD_E2_HOPE/v1_8000/sdl_001752.png,284,284,,1,melanoma,,,,train,3,1,0,,,,,,,,,,,,,,,,,,
Synth,sdl_001753.png,/home/marsi/TFM/data/gen/SD_E2_HOPE/v1_8000/sdl_001753.png,284,284,,1,melanoma,,,,train,3,1,0,,,,,,,,,,,,,,,,,,
Synth,sdl_001754.png,/home/marsi/TFM/data/gen/SD_E2_HOPE/v1_8000/sdl_001754.png,284,284,,1,melanoma,,,,train,3,1,0,,,,,,,,,,,,,,,,,,
Synth,sdl_001755.png,/home/marsi/TFM/data/gen/SD_E2_HOPE/v1_8000/sdl_001755.png,284,284,,1,melanoma,,,,train,3,1,0,,,,,,,,,,,,,,,,,,
Synth,sdl_001756.png,/home/marsi/TFM/data/gen/SD_E2_HOPE/v1_8000/sdl_001756.png,284,284,,1,melanoma,,,,train,3,1,0,,,,,,,,,,,,,,,,,,
Synth,sdl_001757.png,/home/marsi/TFM/data/gen/SD_E2_HOPE/v1_8000/sdl_001757.png,284,284,,1,melanoma,,,,train,3,1,0,,,,,,,,,,,,,,,,,,
Synth,sdl_001758.png,/home/marsi/TFM/data/gen/SD_E2_HOPE/v1_8000/sdl_001758.png,284,284,,1,melanoma,,,,train,3,1,0,,,,,,,,,,,,,,,,,,
Synth,sdl_001759.png,/home/marsi/TFM/data/gen/SD_E2_HOPE/v1_8000/sdl_001759.png,284,284,,1,melanoma,,,,train,3,1,0,,,,,,,,,,,,,,,,,,
Synth,sdl_001760.png,/home/marsi/TFM/data/gen/SD_E2_HOPE/v1_8000/sdl_001760.png,284,284,,1,melanoma,,,,train,3,1,0,,,,,,,,,,,,,,,,,,
Synth,sdl_001761.png,/home/marsi/TFM/data/gen/SD_E2_HOPE/v1_8000/sdl_001761.png,284,284,,1,melanoma,,,,train,3,1,0,,,,,,,,,,,,,,,,,,
Synth,sdl_001762.png,/home/marsi/TFM/data/gen/SD_E2_HOPE/v1_8000/sdl_001762.png,284,284,,1,melanoma,,,,train,3,1,0,,,,,,,,,,,,,,,,,,
Synth,sdl_001763.png,/home/marsi/TFM/data/gen/SD_E2_HOPE/v1_8000/sdl_001763.png,284,284,,1,melanoma,,,,train,3,1,0,,,,,,,,,,,,,,,,,,
Synth,sdl_001764.png,/home/marsi/TFM/data/gen/SD_E2_HOPE/v1_8000/sdl_001764.png,284,284,,1,melanoma,,,,train,3,1,0,,,,,,,,,,,,,,,,,,
Synth,sdl_001765.png,/home/marsi/TFM/data/gen/SD_E2_HOPE/v1_8000/sdl_001765.png,284,284,,1,melanoma,,,,train,3,1,0,,,,,,,,,,,,,,,,,,
Synth,sdl_001766.png,/home/marsi/TFM/data/gen/SD_E2_HOPE/v1_8000/sdl_001766.png,284,284,,1,melanoma,,,,train,3,1,0,,,,,,,,,,,,,,,,,,
Synth,sdl_001767.png,/home/marsi/TFM/data/gen/SD_E2_HOPE/v1_8000/sdl_001767.png,284,284,,1,melanoma,,,,train,3,1,0,,,,,,,,,,,,,,,,,,
Synth,sdl_001768.png,/home/marsi/TFM/data/gen/SD_E2_HOPE/v1_8000/sdl_001768.png,284,284,,1,melanoma,,,,train,3,1,0,,,,,,,,,,,,,,,,,,
Synth,sdl_001769.png,/home/marsi/TFM/data/gen/SD_E2_HOPE/v1_8000/sdl_001769.png,284,284,,1,melanoma,,,,train,3,1,0,,,,,,,,,,,,,,,,,,
Synth,sdl_001770.png,/home/marsi/TFM/data/gen/SD_E2_HOPE/v1_8000/sdl_001770.png,284,284,,1,melanoma,,,,train,3,1,0,,,,,,,,,,,,,,,,,,
Synth,sdl_001771.png,/home/marsi/TFM/data/gen/SD_E2_HOPE/v1_8000/sdl_001771.png,284,284,,1,melanoma,,,,train,3,1,0,,,,,,,,,,,,,,,,,,
Synth,sdl_001772.png,/home/marsi/TFM/data/gen/SD_E2_HOPE/v1_8000/sdl_001772.png,284,284,,1,melanoma,,,,train,3,1,0,,,,,,,,,,,,,,,,,,
Synth,sdl_001773.png,/home/marsi/TFM/data/gen/SD_E2_HOPE/v1_8000/sdl_001773.png,284,284,,1,melanoma,,,,train,3,1,0,,,,,,,,,,,,,,,,,,
Synth,sdl_001774.png,/home/marsi/TFM/data/gen/SD_E2_HOPE/v1_8000/sdl_001774.png,284,284,,1,melanoma,,,,train,3,1,0,,,,,,,,,,,,,,,,,,
Synth,sdl_001775.png,/home/marsi/TFM/data/gen/SD_E2_HOPE/v1_8000/sdl_001775.png,284,284,,1,melanoma,,,,train,3,1,0,,,,,,,,,,,,,,,,,,
Synth,sdl_001776.png,/home/marsi/TFM/data/gen/SD_E2_HOPE/v1_8000/sdl_001776.png,284,284,,1,melanoma,,,,train,3,1,0,,,,,,,,,,,,,,,,,,
Synth,sdl_001777.png,/home/marsi/TFM/data/gen/SD_E2_HOPE/v1_8000/sdl_001777.png,284,284,,1,melanoma,,,,train,3,1,0,,,,,,,,,,,,,,,,,,
Synth,sdl_001778.png,/home/marsi/TFM/data/gen/SD_E2_HOPE/v1_8000/sdl_001778.png,284,284,,1,melanoma,,,,train,3,1,0,,,,,,,,,,,,,,,,,,
Synth,sdl_001779.png,/home/marsi/TFM/data/gen/SD_E2_HOPE/v1_8000/sdl_001779.png,284,284,,1,melanoma,,,,train,3,1,0,,,,,,,,,,,,,,,,,,
Synth,sdl_001780.png,/home/marsi/TFM/data/gen/SD_E2_HOPE/v1_8000/sdl_001780.png,284,284,,1,melanoma,,,,train,3,1,0,,,,,,,,,,,,,,,,,,
Synth,sdl_001781.png,/home/marsi/TFM/data/gen/SD_E2_HOPE/v1_8000/sdl_001781.png,284,284,,1,melanoma,,,,train,3,1,0,,,,,,,,,,,,,,,,,,
Synth,sdl_001782.png,/home/marsi/TFM/data/gen/SD_E2_HOPE/v1_8000/sdl_001782.png,284,284,,1,melanoma,,,,train,3,1,0,,,,,,,,,,,,,,,,,,
Synth,sdl_001783.png,/home/marsi/TFM/data/gen/SD_E2_HOPE/v1_8000/sdl_001783.png,284,284,,1,melanoma,,,,train,3,1,0,,,,,,,,,,,,,,,,,,
Synth,sdl_001784.png,/home/marsi/TFM/data/gen/SD_E2_HOPE/v1_8000/sdl_001784.png,284,284,,1,melanoma,,,,train,3,1,0,,,,,,,,,,,,,,,,,,
Synth,sdl_001785.png,/home/marsi/TFM/data/gen/SD_E2_HOPE/v1_8000/sdl_001785.png,284,284,,1,melanoma,,,,train,3,1,0,,,,,,,,,,,,,,,,,,
Synth,sdl_001786.png,/home/marsi/TFM/data/gen/SD_E2_HOPE/v1_8000/sdl_001786.png,284,284,,1,melanoma,,,,train,3,1,0,,,,,,,,,,,,,,,,,,
Synth,sdl_001787.png,/home/marsi/TFM/data/gen/SD_E2_HOPE/v1_8000/sdl_001787.png,284,284,,1,melanoma,,,,train,3,1,0,,,,,,,,,,,,,,,,,,
Synth,sdl_001788.png,/home/marsi/TFM/data/gen/SD_E2_HOPE/v1_8000/sdl_001788.png,284,284,,1,melanoma,,,,train,3,1,0,,,,,,,,,,,,,,,,,,
Synth,sdl_001789.png,/home/marsi/TFM/data/gen/SD_E2_HOPE/v1_8000/sdl_001789.png,284,284,,1,melanoma,,,,train,3,1,0,,,,,,,,,,,,,,,,,,
Synth,sdl_001790.png,/home/marsi/TFM/data/gen/SD_E2_HOPE/v1_8000/sdl_001790.png,284,284,,1,melanoma,,,,train,3,1,0,,,,,,,,,,,,,,,,,,
Synth,sdl_001791.png,/home/marsi/TFM/data/gen/SD_E2_HOPE/v1_8000/sdl_001791.png,284,284,,1,melanoma,,,,train,3,1,0,,,,,,,,,,,,,,,,,,
Synth,sdl_001792.png,/home/marsi/TFM/data/gen/SD_E2_HOPE/v1_8000/sdl_001792.png,284,284,,1,melanoma,,,,train,3,1,0,,,,,,,,,,,,,,,,,,
Synth,sdl_001793.png,/home/marsi/TFM/data/gen/SD_E2_HOPE/v1_8000/sdl_001793.png,284,284,,1,melanoma,,,,train,3,1,0,,,,,,,,,,,,,,,,,,
Synth,sdl_001794.png,/home/marsi/TFM/data/gen/SD_E2_HOPE/v1_8000/sdl_001794.png,284,284,,1,melanoma,,,,train,3,1,0,,,,,,,,,,,,,,,,,,
Synth,sdl_001795.png,/home/marsi/TFM/data/gen/SD_E2_HOPE/v1_8000/sdl_001795.png,284,284,,1,melanoma,,,,train,3,1,0,,,,,,,,,,,,,,,,,,
Synth,sdl_001796.png,/home/marsi/TFM/data/gen/SD_E2_HOPE/v1_8000/sdl_001796.png,284,284,,1,melanoma,,,,train,3,1,0,,,,,,,,,,,,,,,,,,
Synth,sdl_001797.png,/home/marsi/TFM/data/gen/SD_E2_HOPE/v1_8000/sdl_001797.png,284,284,,1,melanoma,,,,train,3,1,0,,,,,,,,,,,,,,,,,,
Synth,sdl_001798.png,/home/marsi/TFM/data/gen/SD_E2_HOPE/v1_8000/sdl_001798.png,284,284,,1,melanoma,,,,train,3,1,0,,,,,,,,,,,,,,,,,,
Synth,sdl_001799.png,/home/marsi/TFM/data/gen/SD_E2_HOPE/v1_8000/sdl_001799.png,284,284,,1,melanoma,,,,train,3,1,0,,,,,,,,,,,,,,,,,,
Synth,sdl_001800.png,/home/marsi/TFM/data/gen/SD_E2_HOPE/v1_8000/sdl_001800.png,284,284,,1,melanoma,,,,train,3,1,0,,,,,,,,,,,,,,,,,,
Synth,sdl_001801.png,/home/marsi/TFM/data/gen/SD_E2_HOPE/v1_8000/sdl_001801.png,284,284,,1,melanoma,,,,train,3,1,0,,,,,,,,,,,,,,,,,,
Synth,sdl_001802.png,/home/marsi/TFM/data/gen/SD_E2_HOPE/v1_8000/sdl_001802.png,284,284,,1,melanoma,,,,train,3,1,0,,,,,,,,,,,,,,,,,,
Synth,sdl_001803.png,/home/marsi/TFM/data/gen/SD_E2_HOPE/v1_8000/sdl_001803.png,284,284,,1,melanoma,,,,train,3,1,0,,,,,,,,,,,,,,,,,,
Synth,sdl_001804.png,/home/marsi/TFM/data/gen/SD_E2_HOPE/v1_8000/sdl_001804.png,284,284,,1,melanoma,,,,train,3,1,0,,,,,,,,,,,,,,,,,,
Synth,sdl_001805.png,/home/marsi/TFM/data/gen/SD_E2_HOPE/v1_8000/sdl_001805.png,284,284,,1,melanoma,,,,train,3,1,0,,,,,,,,,,,,,,,,,,
Synth,sdl_001806.png,/home/marsi/TFM/data/gen/SD_E2_HOPE/v1_8000/sdl_001806.png,284,284,,1,melanoma,,,,train,3,1,0,,,,,,,,,,,,,,,,,,
Synth,sdl_001807.png,/home/marsi/TFM/data/gen/SD_E2_HOPE/v1_8000/sdl_001807.png,284,284,,1,melanoma,,,,train,3,1,0,,,,,,,,,,,,,,,,,,
Synth,sdl_001808.png,/home/marsi/TFM/data/gen/SD_E2_HOPE/v1_8000/sdl_001808.png,284,284,,1,melanoma,,,,train,3,1,0,,,,,,,,,,,,,,,,,,
Synth,sdl_001809.png,/home/marsi/TFM/data/gen/SD_E2_HOPE/v1_8000/sdl_001809.png,284,284,,1,melanoma,,,,train,3,1,0,,,,,,,,,,,,,,,,,,
Synth,sdl_001810.png,/home/marsi/TFM/data/gen/SD_E2_HOPE/v1_8000/sdl_001810.png,284,284,,1,melanoma,,,,train,3,1,0,,,,,,,,,,,,,,,,,,
Synth,sdl_001811.png,/home/marsi/TFM/data/gen/SD_E2_HOPE/v1_8000/sdl_001811.png,284,284,,1,melanoma,,,,train,3,1,0,,,,,,,,,,,,,,,,,,
Synth,sdl_001812.png,/home/marsi/TFM/data/gen/SD_E2_HOPE/v1_8000/sdl_001812.png,284,284,,1,melanoma,,,,train,3,1,0,,,,,,,,,,,,,,,,,,
Synth,sdl_001813.png,/home/marsi/TFM/data/gen/SD_E2_HOPE/v1_8000/sdl_001813.png,284,284,,1,melanoma,,,,train,3,1,0,,,,,,,,,,,,,,,,,,
Synth,sdl_001814.png,/home/marsi/TFM/data/gen/SD_E2_HOPE/v1_8000/sdl_001814.png,284,284,,1,melanoma,,,,train,3,1,0,,,,,,,,,,,,,,,,,,
Synth,sdl_001815.png,/home/marsi/TFM/data/gen/SD_E2_HOPE/v1_8000/sdl_001815.png,284,284,,1,melanoma,,,,train,3,1,0,,,,,,,,,,,,,,,,,,
Synth,sdl_001816.png,/home/marsi/TFM/data/gen/SD_E2_HOPE/v1_8000/sdl_001816.png,284,284,,1,melanoma,,,,train,3,1,0,,,,,,,,,,,,,,,,,,
Synth,sdl_001817.png,/home/marsi/TFM/data/gen/SD_E2_HOPE/v1_8000/sdl_001817.png,284,284,,1,melanoma,,,,train,3,1,0,,,,,,,,,,,,,,,,,,
Synth,sdl_001818.png,/home/marsi/TFM/data/gen/SD_E2_HOPE/v1_8000/sdl_001818.png,284,284,,1,melanoma,,,,train,3,1,0,,,,,,,,,,,,,,,,,,
Synth,sdl_001819.png,/home/marsi/TFM/data/gen/SD_E2_HOPE/v1_8000/sdl_001819.png,284,284,,1,melanoma,,,,train,3,1,0,,,,,,,,,,,,,,,,,,
Synth,sdl_001820.png,/home/marsi/TFM/data/gen/SD_E2_HOPE/v1_8000/sdl_001820.png,284,284,,1,melanoma,,,,train,3,1,0,,,,,,,,,,,,,,,,,,
Synth,sdl_001821.png,/home/marsi/TFM/data/gen/SD_E2_HOPE/v1_8000/sdl_001821.png,284,284,,1,melanoma,,,,train,3,1,0,,,,,,,,,,,,,,,,,,
Synth,sdl_001822.png,/home/marsi/TFM/data/gen/SD_E2_HOPE/v1_8000/sdl_001822.png,284,284,,1,melanoma,,,,train,3,1,0,,,,,,,,,,,,,,,,,,
Synth,sdl_001823.png,/home/marsi/TFM/data/gen/SD_E2_HOPE/v1_8000/sdl_001823.png,284,284,,1,melanoma,,,,train,3,1,0,,,,,,,,,,,,,,,,,,
Synth,sdl_001824.png,/home/marsi/TFM/data/gen/SD_E2_HOPE/v1_8000/sdl_001824.png,284,284,,1,melanoma,,,,train,3,1,0,,,,,,,,,,,,,,,,,,
Synth,sdl_001825.png,/home/marsi/TFM/data/gen/SD_E2_HOPE/v1_8000/sdl_001825.png,284,284,,1,melanoma,,,,train,3,1,0,,,,,,,,,,,,,,,,,,
Synth,sdl_001826.png,/home/marsi/TFM/data/gen/SD_E2_HOPE/v1_8000/sdl_001826.png,284,284,,1,melanoma,,,,train,3,1,0,,,,,,,,,,,,,,,,,,
Synth,sdl_001827.png,/home/marsi/TFM/data/gen/SD_E2_HOPE/v1_8000/sdl_001827.png,284,284,,1,melanoma,,,,train,3,1,0,,,,,,,,,,,,,,,,,,
Synth,sdl_001828.png,/home/marsi/TFM/data/gen/SD_E2_HOPE/v1_8000/sdl_001828.png,284,284,,1,melanoma,,,,train,3,1,0,,,,,,,,,,,,,,,,,,
Synth,sdl_001829.png,/home/marsi/TFM/data/gen/SD_E2_HOPE/v1_8000/sdl_001829.png,284,284,,1,melanoma,,,,train,3,1,0,,,,,,,,,,,,,,,,,,
Synth,sdl_001830.png,/home/marsi/TFM/data/gen/SD_E2_HOPE/v1_8000/sdl_001830.png,284,284,,1,melanoma,,,,train,3,1,0,,,,,,,,,,,,,,,,,,
Synth,sdl_001831.png,/home/marsi/TFM/data/gen/SD_E2_HOPE/v1_8000/sdl_001831.png,284,284,,1,melanoma,,,,train,3,1,0,,,,,,,,,,,,,,,,,,
Synth,sdl_001832.png,/home/marsi/TFM/data/gen/SD_E2_HOPE/v1_8000/sdl_001832.png,284,284,,1,melanoma,,,,train,3,1,0,,,,,,,,,,,,,,,,,,
Synth,sdl_001833.png,/home/marsi/TFM/data/gen/SD_E2_HOPE/v1_8000/sdl_001833.png,284,284,,1,melanoma,,,,train,3,1,0,,,,,,,,,,,,,,,,,,
Synth,sdl_001834.png,/home/marsi/TFM/data/gen/SD_E2_HOPE/v1_8000/sdl_001834.png,284,284,,1,melanoma,,,,train,3,1,0,,,,,,,,,,,,,,,,,,
Synth,sdl_001835.png,/home/marsi/TFM/data/gen/SD_E2_HOPE/v1_8000/sdl_001835.png,284,284,,1,melanoma,,,,train,3,1,0,,,,,,,,,,,,,,,,,,
Synth,sdl_001836.png,/home/marsi/TFM/data/gen/SD_E2_HOPE/v1_8000/sdl_001836.png,284,284,,1,melanoma,,,,train,3,1,0,,,,,,,,,,,,,,,,,,
Synth,sdl_001837.png,/home/marsi/TFM/data/gen/SD_E2_HOPE/v1_8000/sdl_001837.png,284,284,,1,melanoma,,,,train,3,1,0,,,,,,,,,,,,,,,,,,
Synth,sdl_001838.png,/home/marsi/TFM/data/gen/SD_E2_HOPE/v1_8000/sdl_001838.png,284,284,,1,melanoma,,,,train,3,1,0,,,,,,,,,,,,,,,,,,
Synth,sdl_001839.png,/home/marsi/TFM/data/gen/SD_E2_HOPE/v1_8000/sdl_001839.png,284,284,,1,melanoma,,,,train,3,1,0,,,,,,,,,,,,,,,,,,
Synth,sdl_001840.png,/home/marsi/TFM/data/gen/SD_E2_HOPE/v1_8000/sdl_001840.png,284,284,,1,melanoma,,,,train,3,1,0,,,,,,,,,,,,,,,,,,
Synth,sdl_001841.png,/home/marsi/TFM/data/gen/SD_E2_HOPE/v1_8000/sdl_001841.png,284,284,,1,melanoma,,,,train,3,1,0,,,,,,,,,,,,,,,,,,
Synth,sdl_001842.png,/home/marsi/TFM/data/gen/SD_E2_HOPE/v1_8000/sdl_001842.png,284,284,,1,melanoma,,,,train,3,1,0,,,,,,,,,,,,,,,,,,
Synth,sdl_001843.png,/home/marsi/TFM/data/gen/SD_E2_HOPE/v1_8000/sdl_001843.png,284,284,,1,melanoma,,,,train,3,1,0,,,,,,,,,,,,,,,,,,
Synth,sdl_001844.png,/home/marsi/TFM/data/gen/SD_E2_HOPE/v1_8000/sdl_001844.png,284,284,,1,melanoma,,,,train,3,1,0,,,,,,,,,,,,,,,,,,
Synth,sdl_001845.png,/home/marsi/TFM/data/gen/SD_E2_HOPE/v1_8000/sdl_001845.png,284,284,,1,melanoma,,,,train,3,1,0,,,,,,,,,,,,,,,,,,
Synth,sdl_001846.png,/home/marsi/TFM/data/gen/SD_E2_HOPE/v1_8000/sdl_001846.png,284,284,,1,melanoma,,,,train,3,1,0,,,,,,,,,,,,,,,,,,
Synth,sdl_001847.png,/home/marsi/TFM/data/gen/SD_E2_HOPE/v1_8000/sdl_001847.png,284,284,,1,melanoma,,,,train,3,1,0,,,,,,,,,,,,,,,,,,
Synth,sdl_001848.png,/home/marsi/TFM/data/gen/SD_E2_HOPE/v1_8000/sdl_001848.png,284,284,,1,melanoma,,,,train,3,1,0,,,,,,,,,,,,,,,,,,
Synth,sdl_001849.png,/home/marsi/TFM/data/gen/SD_E2_HOPE/v1_8000/sdl_001849.png,284,284,,1,melanoma,,,,train,3,1,0,,,,,,,,,,,,,,,,,,
Synth,sdl_001850.png,/home/marsi/TFM/data/gen/SD_E2_HOPE/v1_8000/sdl_001850.png,284,284,,1,melanoma,,,,train,3,1,0,,,,,,,,,,,,,,,,,,
Synth,sdl_001851.png,/home/marsi/TFM/data/gen/SD_E2_HOPE/v1_8000/sdl_001851.png,284,284,,1,melanoma,,,,train,3,1,0,,,,,,,,,,,,,,,,,,
Synth,sdl_001852.png,/home/marsi/TFM/data/gen/SD_E2_HOPE/v1_8000/sdl_001852.png,284,284,,1,melanoma,,,,train,3,1,0,,,,,,,,,,,,,,,,,,
Synth,sdl_001853.png,/home/marsi/TFM/data/gen/SD_E2_HOPE/v1_8000/sdl_001853.png,284,284,,1,melanoma,,,,train,3,1,0,,,,,,,,,,,,,,,,,,
Synth,sdl_001854.png,/home/marsi/TFM/data/gen/SD_E2_HOPE/v1_8000/sdl_001854.png,284,284,,1,melanoma,,,,train,3,1,0,,,,,,,,,,,,,,,,,,
Synth,sdl_001855.png,/home/marsi/TFM/data/gen/SD_E2_HOPE/v1_8000/sdl_001855.png,284,284,,1,melanoma,,,,train,3,1,0,,,,,,,,,,,,,,,,,,
Synth,sdl_001856.png,/home/marsi/TFM/data/gen/SD_E2_HOPE/v1_8000/sdl_001856.png,284,284,,1,melanoma,,,,train,3,1,0,,,,,,,,,,,,,,,,,,
Synth,sdl_001857.png,/home/marsi/TFM/data/gen/SD_E2_HOPE/v1_8000/sdl_001857.png,284,284,,1,melanoma,,,,train,3,1,0,,,,,,,,,,,,,,,,,,
Synth,sdl_001858.png,/home/marsi/TFM/data/gen/SD_E2_HOPE/v1_8000/sdl_001858.png,284,284,,1,melanoma,,,,train,3,1,0,,,,,,,,,,,,,,,,,,
Synth,sdl_001859.png,/home/marsi/TFM/data/gen/SD_E2_HOPE/v1_8000/sdl_001859.png,284,284,,1,melanoma,,,,train,3,1,0,,,,,,,,,,,,,,,,,,
Synth,sdl_001860.png,/home/marsi/TFM/data/gen/SD_E2_HOPE/v1_8000/sdl_001860.png,284,284,,1,melanoma,,,,train,3,1,0,,,,,,,,,,,,,,,,,,
Synth,sdl_001861.png,/home/marsi/TFM/data/gen/SD_E2_HOPE/v1_8000/sdl_001861.png,284,284,,1,melanoma,,,,train,3,1,0,,,,,,,,,,,,,,,,,,
Synth,sdl_001862.png,/home/marsi/TFM/data/gen/SD_E2_HOPE/v1_8000/sdl_001862.png,284,284,,1,melanoma,,,,train,3,1,0,,,,,,,,,,,,,,,,,,
Synth,sdl_001863.png,/home/marsi/TFM/data/gen/SD_E2_HOPE/v1_8000/sdl_001863.png,284,284,,1,melanoma,,,,train,3,1,0,,,,,,,,,,,,,,,,,,
Synth,sdl_001864.png,/home/marsi/TFM/data/gen/SD_E2_HOPE/v1_8000/sdl_001864.png,284,284,,1,melanoma,,,,train,3,1,0,,,,,,,,,,,,,,,,,,
Synth,sdl_001865.png,/home/marsi/TFM/data/gen/SD_E2_HOPE/v1_8000/sdl_001865.png,284,284,,1,melanoma,,,,train,3,1,0,,,,,,,,,,,,,,,,,,
Synth,sdl_001866.png,/home/marsi/TFM/data/gen/SD_E2_HOPE/v1_8000/sdl_001866.png,284,284,,1,melanoma,,,,train,3,1,0,,,,,,,,,,,,,,,,,,
Synth,sdl_001867.png,/home/marsi/TFM/data/gen/SD_E2_HOPE/v1_8000/sdl_001867.png,284,284,,1,melanoma,,,,train,3,1,0,,,,,,,,,,,,,,,,,,
Synth,sdl_001868.png,/home/marsi/TFM/data/gen/SD_E2_HOPE/v1_8000/sdl_001868.png,284,284,,1,melanoma,,,,train,3,1,0,,,,,,,,,,,,,,,,,,
Synth,sdl_001869.png,/home/marsi/TFM/data/gen/SD_E2_HOPE/v1_8000/sdl_001869.png,284,284,,1,melanoma,,,,train,3,1,0,,,,,,,,,,,,,,,,,,
Synth,sdl_001870.png,/home/marsi/TFM/data/gen/SD_E2_HOPE/v1_8000/sdl_001870.png,284,284,,1,melanoma,,,,train,3,1,0,,,,,,,,,,,,,,,,,,
Synth,sdl_001871.png,/home/marsi/TFM/data/gen/SD_E2_HOPE/v1_8000/sdl_001871.png,284,284,,1,melanoma,,,,train,3,1,0,,,,,,,,,,,,,,,,,,
Synth,sdl_001872.png,/home/marsi/TFM/data/gen/SD_E2_HOPE/v1_8000/sdl_001872.png,284,284,,1,melanoma,,,,train,3,1,0,,,,,,,,,,,,,,,,,,
Synth,sdl_001873.png,/home/marsi/TFM/data/gen/SD_E2_HOPE/v1_8000/sdl_001873.png,284,284,,1,melanoma,,,,train,3,1,0,,,,,,,,,,,,,,,,,,
Synth,sdl_001874.png,/home/marsi/TFM/data/gen/SD_E2_HOPE/v1_8000/sdl_001874.png,284,284,,1,melanoma,,,,train,3,1,0,,,,,,,,,,,,,,,,,,
Synth,sdl_001875.png,/home/marsi/TFM/data/gen/SD_E2_HOPE/v1_8000/sdl_001875.png,284,284,,1,melanoma,,,,train,3,1,0,,,,,,,,,,,,,,,,,,
Synth,sdl_001876.png,/home/marsi/TFM/data/gen/SD_E2_HOPE/v1_8000/sdl_001876.png,284,284,,1,melanoma,,,,train,3,1,0,,,,,,,,,,,,,,,,,,
Synth,sdl_001877.png,/home/marsi/TFM/data/gen/SD_E2_HOPE/v1_8000/sdl_001877.png,284,284,,1,melanoma,,,,train,3,1,0,,,,,,,,,,,,,,,,,,
Synth,sdl_001878.png,/home/marsi/TFM/data/gen/SD_E2_HOPE/v1_8000/sdl_001878.png,284,284,,1,melanoma,,,,train,3,1,0,,,,,,,,,,,,,,,,,,
Synth,sdl_001879.png,/home/marsi/TFM/data/gen/SD_E2_HOPE/v1_8000/sdl_001879.png,284,284,,1,melanoma,,,,train,3,1,0,,,,,,,,,,,,,,,,,,
Synth,sdl_001880.png,/home/marsi/TFM/data/gen/SD_E2_HOPE/v1_8000/sdl_001880.png,284,284,,1,melanoma,,,,train,3,1,0,,,,,,,,,,,,,,,,,,
Synth,sdl_001881.png,/home/marsi/TFM/data/gen/SD_E2_HOPE/v1_8000/sdl_001881.png,284,284,,1,melanoma,,,,train,3,1,0,,,,,,,,,,,,,,,,,,
Synth,sdl_001882.png,/home/marsi/TFM/data/gen/SD_E2_HOPE/v1_8000/sdl_001882.png,284,284,,1,melanoma,,,,train,3,1,0,,,,,,,,,,,,,,,,,,
Synth,sdl_001883.png,/home/marsi/TFM/data/gen/SD_E2_HOPE/v1_8000/sdl_001883.png,284,284,,1,melanoma,,,,train,3,1,0,,,,,,,,,,,,,,,,,,
Synth,sdl_001884.png,/home/marsi/TFM/data/gen/SD_E2_HOPE/v1_8000/sdl_001884.png,284,284,,1,melanoma,,,,train,3,1,0,,,,,,,,,,,,,,,,,,
Synth,sdl_001885.png,/home/marsi/TFM/data/gen/SD_E2_HOPE/v1_8000/sdl_001885.png,284,284,,1,melanoma,,,,train,3,1,0,,,,,,,,,,,,,,,,,,
Synth,sdl_001886.png,/home/marsi/TFM/data/gen/SD_E2_HOPE/v1_8000/sdl_001886.png,284,284,,1,melanoma,,,,train,3,1,0,,,,,,,,,,,,,,,,,,
Synth,sdl_001887.png,/home/marsi/TFM/data/gen/SD_E2_HOPE/v1_8000/sdl_001887.png,284,284,,1,melanoma,,,,train,3,1,0,,,,,,,,,,,,,,,,,,
Synth,sdl_001888.png,/home/marsi/TFM/data/gen/SD_E2_HOPE/v1_8000/sdl_001888.png,284,284,,1,melanoma,,,,train,3,1,0,,,,,,,,,,,,,,,,,,
Synth,sdl_001889.png,/home/marsi/TFM/data/gen/SD_E2_HOPE/v1_8000/sdl_001889.png,284,284,,1,melanoma,,,,train,3,1,0,,,,,,,,,,,,,,,,,,
Synth,sdl_001890.png,/home/marsi/TFM/data/gen/SD_E2_HOPE/v1_8000/sdl_001890.png,284,284,,1,melanoma,,,,train,3,1,0,,,,,,,,,,,,,,,,,,
Synth,sdl_001891.png,/home/marsi/TFM/data/gen/SD_E2_HOPE/v1_8000/sdl_001891.png,284,284,,1,melanoma,,,,train,3,1,0,,,,,,,,,,,,,,,,,,
Synth,sdl_001892.png,/home/marsi/TFM/data/gen/SD_E2_HOPE/v1_8000/sdl_001892.png,284,284,,1,melanoma,,,,train,3,1,0,,,,,,,,,,,,,,,,,,
Synth,sdl_001893.png,/home/marsi/TFM/data/gen/SD_E2_HOPE/v1_8000/sdl_001893.png,284,284,,1,melanoma,,,,train,3,1,0,,,,,,,,,,,,,,,,,,
Synth,sdl_001894.png,/home/marsi/TFM/data/gen/SD_E2_HOPE/v1_8000/sdl_001894.png,284,284,,1,melanoma,,,,train,3,1,0,,,,,,,,,,,,,,,,,,
Synth,sdl_001895.png,/home/marsi/TFM/data/gen/SD_E2_HOPE/v1_8000/sdl_001895.png,284,284,,1,melanoma,,,,train,3,1,0,,,,,,,,,,,,,,,,,,
Synth,sdl_001896.png,/home/marsi/TFM/data/gen/SD_E2_HOPE/v1_8000/sdl_001896.png,284,284,,1,melanoma,,,,train,3,1,0,,,,,,,,,,,,,,,,,,
Synth,sdl_001897.png,/home/marsi/TFM/data/gen/SD_E2_HOPE/v1_8000/sdl_001897.png,284,284,,1,melanoma,,,,train,3,1,0,,,,,,,,,,,,,,,,,,
Synth,sdl_001898.png,/home/marsi/TFM/data/gen/SD_E2_HOPE/v1_8000/sdl_001898.png,284,284,,1,melanoma,,,,train,3,1,0,,,,,,,,,,,,,,,,,,
Synth,sdl_001899.png,/home/marsi/TFM/data/gen/SD_E2_HOPE/v1_8000/sdl_001899.png,284,284,,1,melanoma,,,,train,3,1,0,,,,,,,,,,,,,,,,,,
Synth,sdl_001900.png,/home/marsi/TFM/data/gen/SD_E2_HOPE/v1_8000/sdl_001900.png,284,284,,1,melanoma,,,,train,3,1,0,,,,,,,,,,,,,,,,,,
Synth,sdl_001901.png,/home/marsi/TFM/data/gen/SD_E2_HOPE/v1_8000/sdl_001901.png,284,284,,1,melanoma,,,,train,3,1,0,,,,,,,,,,,,,,,,,,
Synth,sdl_001902.png,/home/marsi/TFM/data/gen/SD_E2_HOPE/v1_8000/sdl_001902.png,284,284,,1,melanoma,,,,train,3,1,0,,,,,,,,,,,,,,,,,,
Synth,sdl_001903.png,/home/marsi/TFM/data/gen/SD_E2_HOPE/v1_8000/sdl_001903.png,284,284,,1,melanoma,,,,train,3,1,0,,,,,,,,,,,,,,,,,,
Synth,sdl_001904.png,/home/marsi/TFM/data/gen/SD_E2_HOPE/v1_8000/sdl_001904.png,284,284,,1,melanoma,,,,train,3,1,0,,,,,,,,,,,,,,,,,,
Synth,sdl_001905.png,/home/marsi/TFM/data/gen/SD_E2_HOPE/v1_8000/sdl_001905.png,284,284,,1,melanoma,,,,train,3,1,0,,,,,,,,,,,,,,,,,,
Synth,sdl_001906.png,/home/marsi/TFM/data/gen/SD_E2_HOPE/v1_8000/sdl_001906.png,284,284,,1,melanoma,,,,train,3,1,0,,,,,,,,,,,,,,,,,,
Synth,sdl_001907.png,/home/marsi/TFM/data/gen/SD_E2_HOPE/v1_8000/sdl_001907.png,284,284,,1,melanoma,,,,train,3,1,0,,,,,,,,,,,,,,,,,,
Synth,sdl_001908.png,/home/marsi/TFM/data/gen/SD_E2_HOPE/v1_8000/sdl_001908.png,284,284,,1,melanoma,,,,train,3,1,0,,,,,,,,,,,,,,,,,,
Synth,sdl_001909.png,/home/marsi/TFM/data/gen/SD_E2_HOPE/v1_8000/sdl_001909.png,284,284,,1,melanoma,,,,train,3,1,0,,,,,,,,,,,,,,,,,,
Synth,sdl_001910.png,/home/marsi/TFM/data/gen/SD_E2_HOPE/v1_8000/sdl_001910.png,284,284,,1,melanoma,,,,train,3,1,0,,,,,,,,,,,,,,,,,,
Synth,sdl_001911.png,/home/marsi/TFM/data/gen/SD_E2_HOPE/v1_8000/sdl_001911.png,284,284,,1,melanoma,,,,train,3,1,0,,,,,,,,,,,,,,,,,,
Synth,sdl_001912.png,/home/marsi/TFM/data/gen/SD_E2_HOPE/v1_8000/sdl_001912.png,284,284,,1,melanoma,,,,train,3,1,0,,,,,,,,,,,,,,,,,,
Synth,sdl_001913.png,/home/marsi/TFM/data/gen/SD_E2_HOPE/v1_8000/sdl_001913.png,284,284,,1,melanoma,,,,train,3,1,0,,,,,,,,,,,,,,,,,,
Synth,sdl_001914.png,/home/marsi/TFM/data/gen/SD_E2_HOPE/v1_8000/sdl_001914.png,284,284,,1,melanoma,,,,train,3,1,0,,,,,,,,,,,,,,,,,,
Synth,sdl_001915.png,/home/marsi/TFM/data/gen/SD_E2_HOPE/v1_8000/sdl_001915.png,284,284,,1,melanoma,,,,train,3,1,0,,,,,,,,,,,,,,,,,,
Synth,sdl_001916.png,/home/marsi/TFM/data/gen/SD_E2_HOPE/v1_8000/sdl_001916.png,284,284,,1,melanoma,,,,train,3,1,0,,,,,,,,,,,,,,,,,,
Synth,sdl_001917.png,/home/marsi/TFM/data/gen/SD_E2_HOPE/v1_8000/sdl_001917.png,284,284,,1,melanoma,,,,train,3,1,0,,,,,,,,,,,,,,,,,,
Synth,sdl_001918.png,/home/marsi/TFM/data/gen/SD_E2_HOPE/v1_8000/sdl_001918.png,284,284,,1,melanoma,,,,train,3,1,0,,,,,,,,,,,,,,,,,,
Synth,sdl_001919.png,/home/marsi/TFM/data/gen/SD_E2_HOPE/v1_8000/sdl_001919.png,284,284,,1,melanoma,,,,train,3,1,0,,,,,,,,,,,,,,,,,,
Synth,sdl_001920.png,/home/marsi/TFM/data/gen/SD_E2_HOPE/v1_8000/sdl_001920.png,284,284,,1,melanoma,,,,train,3,1,0,,,,,,,,,,,,,,,,,,
Synth,sdl_001921.png,/home/marsi/TFM/data/gen/SD_E2_HOPE/v1_8000/sdl_001921.png,284,284,,1,melanoma,,,,train,3,1,0,,,,,,,,,,,,,,,,,,
Synth,sdl_001922.png,/home/marsi/TFM/data/gen/SD_E2_HOPE/v1_8000/sdl_001922.png,284,284,,1,melanoma,,,,train,3,1,0,,,,,,,,,,,,,,,,,,
Synth,sdl_001923.png,/home/marsi/TFM/data/gen/SD_E2_HOPE/v1_8000/sdl_001923.png,284,284,,1,melanoma,,,,train,3,1,0,,,,,,,,,,,,,,,,,,
Synth,sdl_001924.png,/home/marsi/TFM/data/gen/SD_E2_HOPE/v1_8000/sdl_001924.png,284,284,,1,melanoma,,,,train,3,1,0,,,,,,,,,,,,,,,,,,
Synth,sdl_001925.png,/home/marsi/TFM/data/gen/SD_E2_HOPE/v1_8000/sdl_001925.png,284,284,,1,melanoma,,,,train,3,1,0,,,,,,,,,,,,,,,,,,
Synth,sdl_001926.png,/home/marsi/TFM/data/gen/SD_E2_HOPE/v1_8000/sdl_001926.png,284,284,,1,melanoma,,,,train,3,1,0,,,,,,,,,,,,,,,,,,
Synth,sdl_001927.png,/home/marsi/TFM/data/gen/SD_E2_HOPE/v1_8000/sdl_001927.png,284,284,,1,melanoma,,,,train,3,1,0,,,,,,,,,,,,,,,,,,
Synth,sdl_001928.png,/home/marsi/TFM/data/gen/SD_E2_HOPE/v1_8000/sdl_001928.png,284,284,,1,melanoma,,,,train,3,1,0,,,,,,,,,,,,,,,,,,
Synth,sdl_001929.png,/home/marsi/TFM/data/gen/SD_E2_HOPE/v1_8000/sdl_001929.png,284,284,,1,melanoma,,,,train,3,1,0,,,,,,,,,,,,,,,,,,
Synth,sdl_001930.png,/home/marsi/TFM/data/gen/SD_E2_HOPE/v1_8000/sdl_001930.png,284,284,,1,melanoma,,,,train,3,1,0,,,,,,,,,,,,,,,,,,
Synth,sdl_001931.png,/home/marsi/TFM/data/gen/SD_E2_HOPE/v1_8000/sdl_001931.png,284,284,,1,melanoma,,,,train,3,1,0,,,,,,,,,,,,,,,,,,
Synth,sdl_001932.png,/home/marsi/TFM/data/gen/SD_E2_HOPE/v1_8000/sdl_001932.png,284,284,,1,melanoma,,,,train,3,1,0,,,,,,,,,,,,,,,,,,
Synth,sdl_001933.png,/home/marsi/TFM/data/gen/SD_E2_HOPE/v1_8000/sdl_001933.png,284,284,,1,melanoma,,,,train,3,1,0,,,,,,,,,,,,,,,,,,
Synth,sdl_001934.png,/home/marsi/TFM/data/gen/SD_E2_HOPE/v1_8000/sdl_001934.png,284,284,,1,melanoma,,,,train,3,1,0,,,,,,,,,,,,,,,,,,
Synth,sdl_001935.png,/home/marsi/TFM/data/gen/SD_E2_HOPE/v1_8000/sdl_001935.png,284,284,,1,melanoma,,,,train,3,1,0,,,,,,,,,,,,,,,,,,
Synth,sdl_001936.png,/home/marsi/TFM/data/gen/SD_E2_HOPE/v1_8000/sdl_001936.png,284,284,,1,melanoma,,,,train,3,1,0,,,,,,,,,,,,,,,,,,
Synth,sdl_001937.png,/home/marsi/TFM/data/gen/SD_E2_HOPE/v1_8000/sdl_001937.png,284,284,,1,melanoma,,,,train,3,1,0,,,,,,,,,,,,,,,,,,
Synth,sdl_001938.png,/home/marsi/TFM/data/gen/SD_E2_HOPE/v1_8000/sdl_001938.png,284,284,,1,melanoma,,,,train,3,1,0,,,,,,,,,,,,,,,,,,
Synth,sdl_001939.png,/home/marsi/TFM/data/gen/SD_E2_HOPE/v1_8000/sdl_001939.png,284,284,,1,melanoma,,,,train,3,1,0,,,,,,,,,,,,,,,,,,
Synth,sdl_001940.png,/home/marsi/TFM/data/gen/SD_E2_HOPE/v1_8000/sdl_001940.png,284,284,,1,melanoma,,,,train,3,1,0,,,,,,,,,,,,,,,,,,
Synth,sdl_001941.png,/home/marsi/TFM/data/gen/SD_E2_HOPE/v1_8000/sdl_001941.png,284,284,,1,melanoma,,,,train,3,1,0,,,,,,,,,,,,,,,,,,
Synth,sdl_001942.png,/home/marsi/TFM/data/gen/SD_E2_HOPE/v1_8000/sdl_001942.png,284,284,,1,melanoma,,,,train,3,1,0,,,,,,,,,,,,,,,,,,
Synth,sdl_001943.png,/home/marsi/TFM/data/gen/SD_E2_HOPE/v1_8000/sdl_001943.png,284,284,,1,melanoma,,,,train,3,1,0,,,,,,,,,,,,,,,,,,
Synth,sdl_001944.png,/home/marsi/TFM/data/gen/SD_E2_HOPE/v1_8000/sdl_001944.png,284,284,,1,melanoma,,,,train,3,1,0,,,,,,,,,,,,,,,,,,
Synth,sdl_001945.png,/home/marsi/TFM/data/gen/SD_E2_HOPE/v1_8000/sdl_001945.png,284,284,,1,melanoma,,,,train,3,1,0,,,,,,,,,,,,,,,,,,
Synth,sdl_001946.png,/home/marsi/TFM/data/gen/SD_E2_HOPE/v1_8000/sdl_001946.png,284,284,,1,melanoma,,,,train,3,1,0,,,,,,,,,,,,,,,,,,
Synth,sdl_001947.png,/home/marsi/TFM/data/gen/SD_E2_HOPE/v1_8000/sdl_001947.png,284,284,,1,melanoma,,,,train,3,1,0,,,,,,,,,,,,,,,,,,
Synth,sdl_001948.png,/home/marsi/TFM/data/gen/SD_E2_HOPE/v1_8000/sdl_001948.png,284,284,,1,melanoma,,,,train,3,1,0,,,,,,,,,,,,,,,,,,
Synth,sdl_001949.png,/home/marsi/TFM/data/gen/SD_E2_HOPE/v1_8000/sdl_001949.png,284,284,,1,melanoma,,,,train,3,1,0,,,,,,,,,,,,,,,,,,
Synth,sdl_001950.png,/home/marsi/TFM/data/gen/SD_E2_HOPE/v1_8000/sdl_001950.png,284,284,,1,melanoma,,,,train,3,1,0,,,,,,,,,,,,,,,,,,
Synth,sdl_001951.png,/home/marsi/TFM/data/gen/SD_E2_HOPE/v1_8000/sdl_001951.png,284,284,,1,melanoma,,,,train,3,1,0,,,,,,,,,,,,,,,,,,
Synth,sdl_001952.png,/home/marsi/TFM/data/gen/SD_E2_HOPE/v1_8000/sdl_001952.png,284,284,,1,melanoma,,,,train,3,1,0,,,,,,,,,,,,,,,,,,
Synth,sdl_001953.png,/home/marsi/TFM/data/gen/SD_E2_HOPE/v1_8000/sdl_001953.png,284,284,,1,melanoma,,,,train,3,1,0,,,,,,,,,,,,,,,,,,
Synth,sdl_001954.png,/home/marsi/TFM/data/gen/SD_E2_HOPE/v1_8000/sdl_001954.png,284,284,,1,melanoma,,,,train,3,1,0,,,,,,,,,,,,,,,,,,
Synth,sdl_001955.png,/home/marsi/TFM/data/gen/SD_E2_HOPE/v1_8000/sdl_001955.png,284,284,,1,melanoma,,,,train,3,1,0,,,,,,,,,,,,,,,,,,
Synth,sdl_001956.png,/home/marsi/TFM/data/gen/SD_E2_HOPE/v1_8000/sdl_001956.png,284,284,,1,melanoma,,,,train,3,1,0,,,,,,,,,,,,,,,,,,
Synth,sdl_001957.png,/home/marsi/TFM/data/gen/SD_E2_HOPE/v1_8000/sdl_001957.png,284,284,,1,melanoma,,,,train,3,1,0,,,,,,,,,,,,,,,,,,
Synth,sdl_001958.png,/home/marsi/TFM/data/gen/SD_E2_HOPE/v1_8000/sdl_001958.png,284,284,,1,melanoma,,,,train,3,1,0,,,,,,,,,,,,,,,,,,
Synth,sdl_001959.png,/home/marsi/TFM/data/gen/SD_E2_HOPE/v1_8000/sdl_001959.png,284,284,,1,melanoma,,,,train,3,1,0,,,,,,,,,,,,,,,,,,
Synth,sdl_001960.png,/home/marsi/TFM/data/gen/SD_E2_HOPE/v1_8000/sdl_001960.png,284,284,,1,melanoma,,,,train,3,1,0,,,,,,,,,,,,,,,,,,
Synth,sdl_001961.png,/home/marsi/TFM/data/gen/SD_E2_HOPE/v1_8000/sdl_001961.png,284,284,,1,melanoma,,,,train,3,1,0,,,,,,,,,,,,,,,,,,
Synth,sdl_001962.png,/home/marsi/TFM/data/gen/SD_E2_HOPE/v1_8000/sdl_001962.png,284,284,,1,melanoma,,,,train,3,1,0,,,,,,,,,,,,,,,,,,
Synth,sdl_001963.png,/home/marsi/TFM/data/gen/SD_E2_HOPE/v1_8000/sdl_001963.png,284,284,,1,melanoma,,,,train,3,1,0,,,,,,,,,,,,,,,,,,
Synth,sdl_001964.png,/home/marsi/TFM/data/gen/SD_E2_HOPE/v1_8000/sdl_001964.png,284,284,,1,melanoma,,,,train,3,1,0,,,,,,,,,,,,,,,,,,
Synth,sdl_001965.png,/home/marsi/TFM/data/gen/SD_E2_HOPE/v1_8000/sdl_001965.png,284,284,,1,melanoma,,,,train,3,1,0,,,,,,,,,,,,,,,,,,
Synth,sdl_001966.png,/home/marsi/TFM/data/gen/SD_E2_HOPE/v1_8000/sdl_001966.png,284,284,,1,melanoma,,,,train,3,1,0,,,,,,,,,,,,,,,,,,
Synth,sdl_001967.png,/home/marsi/TFM/data/gen/SD_E2_HOPE/v1_8000/sdl_001967.png,284,284,,1,melanoma,,,,train,3,1,0,,,,,,,,,,,,,,,,,,
Synth,sdl_001968.png,/home/marsi/TFM/data/gen/SD_E2_HOPE/v1_8000/sdl_001968.png,284,284,,1,melanoma,,,,train,3,1,0,,,,,,,,,,,,,,,,,,
Synth,sdl_001969.png,/home/marsi/TFM/data/gen/SD_E2_HOPE/v1_8000/sdl_001969.png,284,284,,1,melanoma,,,,train,3,1,0,,,,,,,,,,,,,,,,,,
Synth,sdl_001970.png,/home/marsi/TFM/data/gen/SD_E2_HOPE/v1_8000/sdl_001970.png,284,284,,1,melanoma,,,,train,3,1,0,,,,,,,,,,,,,,,,,,
Synth,sdl_001971.png,/home/marsi/TFM/data/gen/SD_E2_HOPE/v1_8000/sdl_001971.png,284,284,,1,melanoma,,,,train,3,1,0,,,,,,,,,,,,,,,,,,
Synth,sdl_001972.png,/home/marsi/TFM/data/gen/SD_E2_HOPE/v1_8000/sdl_001972.png,284,284,,1,melanoma,,,,train,3,1,0,,,,,,,,,,,,,,,,,,
Synth,sdl_001973.png,/home/marsi/TFM/data/gen/SD_E2_HOPE/v1_8000/sdl_001973.png,284,284,,1,melanoma,,,,train,3,1,0,,,,,,,,,,,,,,,,,,
Synth,sdl_001974.png,/home/marsi/TFM/data/gen/SD_E2_HOPE/v1_8000/sdl_001974.png,284,284,,1,melanoma,,,,train,3,1,0,,,,,,,,,,,,,,,,,,
Synth,sdl_001975.png,/home/marsi/TFM/data/gen/SD_E2_HOPE/v1_8000/sdl_001975.png,284,284,,1,melanoma,,,,train,3,1,0,,,,,,,,,,,,,,,,,,
Synth,sdl_001976.png,/home/marsi/TFM/data/gen/SD_E2_HOPE/v1_8000/sdl_001976.png,284,284,,1,melanoma,,,,train,3,1,0,,,,,,,,,,,,,,,,,,
Synth,sdl_001977.png,/home/marsi/TFM/data/gen/SD_E2_HOPE/v1_8000/sdl_001977.png,284,284,,1,melanoma,,,,train,3,1,0,,,,,,,,,,,,,,,,,,
Synth,sdl_001978.png,/home/marsi/TFM/data/gen/SD_E2_HOPE/v1_8000/sdl_001978.png,284,284,,1,melanoma,,,,train,3,1,0,,,,,,,,,,,,,,,,,,
Synth,sdl_001979.png,/home/marsi/TFM/data/gen/SD_E2_HOPE/v1_8000/sdl_001979.png,284,284,,1,melanoma,,,,train,3,1,0,,,,,,,,,,,,,,,,,,
Synth,sdl_001980.png,/home/marsi/TFM/data/gen/SD_E2_HOPE/v1_8000/sdl_001980.png,284,284,,1,melanoma,,,,train,3,1,0,,,,,,,,,,,,,,,,,,
Synth,sdl_001981.png,/home/marsi/TFM/data/gen/SD_E2_HOPE/v1_8000/sdl_001981.png,284,284,,1,melanoma,,,,train,3,1,0,,,,,,,,,,,,,,,,,,
Synth,sdl_001982.png,/home/marsi/TFM/data/gen/SD_E2_HOPE/v1_8000/sdl_001982.png,284,284,,1,melanoma,,,,train,3,1,0,,,,,,,,,,,,,,,,,,
Synth,sdl_001983.png,/home/marsi/TFM/data/gen/SD_E2_HOPE/v1_8000/sdl_001983.png,284,284,,1,melanoma,,,,train,3,1,0,,,,,,,,,,,,,,,,,,
Synth,sdl_001984.png,/home/marsi/TFM/data/gen/SD_E2_HOPE/v1_8000/sdl_001984.png,284,284,,1,melanoma,,,,train,3,1,0,,,,,,,,,,,,,,,,,,
Synth,sdl_001985.png,/home/marsi/TFM/data/gen/SD_E2_HOPE/v1_8000/sdl_001985.png,284,284,,1,melanoma,,,,train,3,1,0,,,,,,,,,,,,,,,,,,
Synth,sdl_001986.png,/home/marsi/TFM/data/gen/SD_E2_HOPE/v1_8000/sdl_001986.png,284,284,,1,melanoma,,,,train,3,1,0,,,,,,,,,,,,,,,,,,
Synth,sdl_001987.png,/home/marsi/TFM/data/gen/SD_E2_HOPE/v1_8000/sdl_001987.png,284,284,,1,melanoma,,,,train,3,1,0,,,,,,,,,,,,,,,,,,
Synth,sdl_001988.png,/home/marsi/TFM/data/gen/SD_E2_HOPE/v1_8000/sdl_001988.png,284,284,,1,melanoma,,,,train,3,1,0,,,,,,,,,,,,,,,,,,
Synth,sdl_001989.png,/home/marsi/TFM/data/gen/SD_E2_HOPE/v1_8000/sdl_001989.png,284,284,,1,melanoma,,,,train,3,1,0,,,,,,,,,,,,,,,,,,
Synth,sdl_001990.png,/home/marsi/TFM/data/gen/SD_E2_HOPE/v1_8000/sdl_001990.png,284,284,,1,melanoma,,,,train,3,1,0,,,,,,,,,,,,,,,,,,
Synth,sdl_001991.png,/home/marsi/TFM/data/gen/SD_E2_HOPE/v1_8000/sdl_001991.png,284,284,,1,melanoma,,,,train,3,1,0,,,,,,,,,,,,,,,,,,
Synth,sdl_001992.png,/home/marsi/TFM/data/gen/SD_E2_HOPE/v1_8000/sdl_001992.png,284,284,,1,melanoma,,,,train,3,1,0,,,,,,,,,,,,,,,,,,
Synth,sdl_001993.png,/home/marsi/TFM/data/gen/SD_E2_HOPE/v1_8000/sdl_001993.png,284,284,,1,melanoma,,,,train,3,1,0,,,,,,,,,,,,,,,,,,
Synth,sdl_001994.png,/home/marsi/TFM/data/gen/SD_E2_HOPE/v1_8000/sdl_001994.png,284,284,,1,melanoma,,,,train,3,1,0,,,,,,,,,,,,,,,,,,
Synth,sdl_001995.png,/home/marsi/TFM/data/gen/SD_E2_HOPE/v1_8000/sdl_001995.png,284,284,,1,melanoma,,,,train,3,1,0,,,,,,,,,,,,,,,,,,
Synth,sdl_001996.png,/home/marsi/TFM/data/gen/SD_E2_HOPE/v1_8000/sdl_001996.png,284,284,,1,melanoma,,,,train,3,1,0,,,,,,,,,,,,,,,,,,
Synth,sdl_001997.png,/home/marsi/TFM/data/gen/SD_E2_HOPE/v1_8000/sdl_001997.png,284,284,,1,melanoma,,,,train,3,1,0,,,,,,,,,,,,,,,,,,
Synth,sdl_001998.png,/home/marsi/TFM/data/gen/SD_E2_HOPE/v1_8000/sdl_001998.png,284,284,,1,melanoma,,,,train,3,1,0,,,,,,,,,,,,,,,,,,
Synth,sdl_001999.png,/home/marsi/TFM/data/gen/SD_E2_HOPE/v1_8000/sdl_001999.png,284,284,,1,melanoma,,,,train,3,1,0,,,,,,,,,,,,,,,,,,
